ID,INV,DATE,CATALOG,PCODE,QTY,CUSTNUM
1,107707,1997-03-07,Sports,SP1000,1,1242.0
2,110633,1997-03-25,Gardening,GD2200,1,1243.0
3,111155,1997-03-28,Pets,PT1300,3,1244.0
4,126867,1997-06-22,Toys,TY4100,1,1245.0
5,135872,1997-08-08,Toys,TY1200,4,1246.0
6,135872,1997-08-08,Toys,TY2100,1,1247.0
7,135872,1997-08-08,Toys,TY2300,1,1248.0
8,135872,1997-08-08,Toys,TY4100,1,1249.0
9,140623,1997-09-02,Software,SW8511,4,125.0
10,141408,1997-09-06,Sports,SP1500,1,1250.0
11,168285,1998-02-01,Gardening,GD3100,3,1251.0
12,168285,1998-02-01,Gardening,GD3300,1,1252.0
13,168285,1998-02-01,Gardening,GD3400,1,1253.0
14,168285,1998-02-01,Gardening,GD4300,3,1254.0
15,243353,1998-04-07,Software,SW5338,2,1255.0
16,243377,1998-04-24,Pets,PT2300,2,1256.0
17,243377,1998-04-24,Pets,PT2400,2,1257.0
18,207772,1998-08-02,Sports,SP1200,1,1258.0
19,213285,1998-08-25,Toys,TY3700,3,1259.0
20,225108,1998-10-14,Pets,PT3100,1,126.0
21,236334,1998-12-01,Toys,TY1600,1,1260.0
22,126867,2000-09-29,Toys,TY4100,1,1261.0
23,135872,2000-11-15,Toys,TY1200,4,1262.0
24,135872,2000-11-15,Toys,TY2100,1,1263.0
25,135872,2000-11-15,Toys,TY2300,1,1264.0
26,135872,2000-11-15,Toys,TY4100,1,1265.0
27,140623,2000-12-10,Software,SW8511,4,1266.0
28,118448,1997-05-08,Pets,PT3500,3,1267.0
29,121273,1997-05-23,Toys,TY1800,2,1268.0
30,143116,1997-09-15,Sports,SP2400,4,1269.0
31,157565,1997-12-01,Sports,SP2700,4,127.0
32,170191,1998-02-12,Pets,PT4300,1,1270.0
33,243375,1998-04-21,Sports,SP1600,2,1271.0
34,243375,1998-04-21,Sports,SP2000,3,1272.0
35,243375,1998-04-21,Sports,SP3000,4,1273.0
36,184709,1998-04-24,Pets,PT3300,1,1274.0
37,184709,1998-04-24,Pets,PT3300,1,1275.0
38,184709,1998-04-24,Pets,PT4200,1,1276.0
39,184709,1998-04-24,Pets,PT4500,1,1277.0
40,196588,1998-06-15,Gardening,GD1001,1,1278.0
41,196588,1998-06-15,Gardening,GD1400,1,1279.0
42,196588,1998-06-15,Gardening,GD4000,1,128.0
43,203157,1998-07-13,Toys,TY4700,1,1280.0
44,204292,1998-07-18,Sports,SP1100,2,1281.0
45,227219,1998-10-23,Sports,SP1500,1,1282.0
46,232145,1998-11-13,Software,SW3895,1,1283.0
47,240570,1998-12-19,Pets,PT3300,1,1284.0
48,240783,1998-12-20,Toys,TY5200,4,1285.0
49,242124,1998-12-26,Collectibles,CC3200,1,1286.0
50,118448,2000-08-15,Pets,PT3500,3,1287.0
51,121273,2000-08-30,Toys,TY1800,2,1288.0
52,170191,2001-05-22,Pets,PT4300,1,1289.0
53,100376,1997-01-15,Pets,PT2100,1,129.0
54,142332,1997-09-11,Toys,TY1100,2,1290.0
55,142332,1997-09-11,Toys,TY3200,2,1291.0
56,142332,1997-09-11,Toys,TY4200,1,1292.0
57,142332,1997-09-11,Toys,TY5300,1,1293.0
58,157181,1997-11-29,Sports,SP1200,1,1294.0
59,167282,1998-01-26,Sports,SP2200,1,1295.0
60,167282,1998-01-26,Sports,SP2300,1,1296.0
61,167282,1998-01-26,Sports,SP2400,1,1297.0
62,176148,1998-03-15,Software,SW7935,1,1298.0
63,243374,1998-04-21,Collectibles,CC1100,1,1299.0
64,243374,1998-04-21,Collectibles,CC3300,2,13.0
65,243374,1998-04-21,Collectibles,CC3500,3,130.0
66,243374,1998-04-21,Collectibles,CC3500,1,1300.0
67,243376,1998-04-21,Pets,PT2300,2,1301.0
68,243376,1998-04-21,Pets,PT3100,2,1302.0
69,243376,1998-04-21,Pets,PT3200,1,1303.0
70,243376,1998-04-21,Pets,PT3200,2,1304.0
71,190557,1998-05-20,Toys,TY1300,1,1305.0
72,190557,1998-05-20,Toys,TY2400,4,1306.0
73,190557,1998-05-20,Toys,TY3300,1,1307.0
74,228620,1998-10-29,Pets,PT2100,3,1308.0
75,228620,1998-10-29,Pets,PT2200,1,1309.0
76,228620,1998-10-29,Pets,PT3100,1,131.0
77,100376,2000-04-24,Pets,PT2100,1,1310.0
78,142332,2000-12-19,Toys,TY1100,2,1311.0
79,142332,2000-12-19,Toys,TY3200,2,1312.0
80,142332,2000-12-19,Toys,TY4200,1,1313.0
81,142332,2000-12-19,Toys,TY5300,1,1314.0
82,99643,1997-01-09,Gardening,GD3400,3,1315.0
83,106468,1997-02-27,Collectibles,CC1200,1,1316.0
84,137742,1997-08-18,Sports,SP3400,1,1317.0
85,155256,1997-11-19,Pets,PT2200,3,1318.0
86,159666,1997-12-12,Toys,TY3800,1,1319.0
87,163044,1997-12-30,Pets,PT3200,2,132.0
88,184049,1998-04-21,Pets,PT2000,1,1320.0
89,230510,1998-11-06,Gardening,GD1400,1,1321.0
90,234466,1998-11-23,Sports,SP1200,1,1322.0
91,234466,1998-11-23,Sports,SP2000,1,1323.0
92,234466,1998-11-23,Sports,SP2300,1,1324.0
93,234466,1998-11-23,Sports,SP2700,2,1325.0
94,239179,1998-12-13,Pets,PT2300,2,1326.0
95,155256,2001-02-26,Pets,PT2200,3,1327.0
96,159666,2001-03-21,Toys,TY3800,1,1328.0
97,163044,2001-04-08,Pets,PT3200,2,1329.0
98,106313,1997-02-26,Sports,SP3100,1,133.0
99,108795,1997-03-14,Software,SW2123,1,1330.0
100,135315,1997-08-05,Collectibles,CC2200,1,1331.0
101,153919,1997-11-12,Pets,PT4300,1,1332.0
102,165820,1998-01-17,Sports,SP1500,1,1333.0
103,168450,1998-02-02,Pets,PT2400,1,1334.0
104,175728,1998-03-13,Sports,SP1300,4,1335.0
105,243349,1998-03-28,Pets,PT3100,1,1336.0
106,184269,1998-04-22,Gardening,GD1100,1,1337.0
107,191908,1998-05-26,Software,SW5338,1,1338.0
108,195651,1998-06-11,Gardening,GD1001,1,1339.0
109,207342,1998-07-31,Toys,TY1900,2,134.0
110,207342,1998-07-31,Toys,TY3100,1,1340.0
111,207342,1998-07-31,Toys,TY3500,2,1341.0
112,217071,1998-09-10,Collectibles,CC2400,4,1342.0
113,237054,1998-12-04,Pets,PT4300,4,1343.0
114,106313,2000-06-05,Sports,SP3100,1,1344.0
115,108795,2000-06-21,Software,SW2123,1,1345.0
116,135315,2000-11-12,Collectibles,CC2200,1,1346.0
117,153919,2001-02-19,Pets,PT4300,1,1347.0
118,165820,2001-04-26,Sports,SP1500,1,1348.0
119,168450,2001-05-12,Pets,PT2400,1,1349.0
120,124051,1997-06-07,Pets,PT1400,1,135.0
121,124051,1997-06-07,Pets,PT2200,1,1350.0
122,124051,1997-06-07,Pets,PT3100,1,1351.0
123,124814,1997-06-11,Software,SW3895,3,1352.0
124,139856,1997-08-29,Toys,TY4400,1,1353
125,183082,1998-04-17,Sports,SP2700,1,1354.0
126,196370,1998-06-14,Gardening,GD1500,1,1355.0
127,206396,1998-07-27,Sports,SP2400,1,1356.0
128,220145,1998-09-23,Pets,PT1200,1,1357.0
129,223035,1998-10-05,Sports,SP2500,1,1358.0
130,229811,1998-11-03,Pets,PT4200,1,1359.0
131,233331,1998-11-18,Toys,TY1100,1,136.0
132,124051,2000-09-14,Pets,PT1400,1,1360.0
133,124051,2000-09-14,Pets,PT2200,1,1361.0
134,124051,2000-09-14,Pets,PT3100,1,1362.0
135,124814,2000-09-18,Software,SW3895,3,1363.0
136,139856,2000-12-06,Toys,TY4400,1,1364.0
137,139658,1997-08-28,Toys,TY1700,4,1365.0
138,173209,1998-02-28,Sports,SP3400,1,1366.0
139,175132,1998-03-10,Pets,PT3500,1,1367.0
140,189145,1998-05-14,Gardening,GD1400,1,1368.0
141,194930,1998-06-08,Toys,TY1750,1,1369.0
142,194930,1998-06-08,Toys,TY1750,2,137.0
143,194930,1998-06-08,Toys,TY3800,1,1370.0
144,194930,1998-06-08,Toys,TY4100,2,1371.0
145,195397,1998-06-10,Sports,SP2000,1,1372.0
146,195397,1998-06-10,Sports,SP2000,4,1373.0
147,195397,1998-06-10,Sports,SP2400,3,1374.0
148,202947,1998-07-12,Pets,PT3100,1,1375.0
149,203167,1998-07-13,Sports,SP3400,4,1376.0
150,234924,1998-11-25,Software,SW8376,1,1377.0
151,139658,2000-12-05,Toys,TY1700,4,1378.0
152,121082,1997-05-22,Sports,SP2400,1,1379.0
153,132255,1997-07-20,Pets,PT3100,1,138.0
154,140829,1997-09-03,Software,SW2123,1,1380.0
155,173210,1998-02-28,Sports,SP2700,4,1381.0
156,192165,1998-05-27,Software,SW7585,1,1382.0
157,197088,1998-06-17,Gardening,GD2100,2,1383.0
158,207785,1998-08-02,Sports,SP2400,1,1384.0
159,237791,1998-12-07,Pets,PT1000,1,1385.0
160,237791,1998-12-07,Pets,PT2400,1,1386.0
161,237791,1998-12-07,Pets,PT3200,1,1387.0
162,237791,1998-12-07,Pets,PT4200,1,1388.0
163,238016,1998-12-08,Pets,PT2400,1,1389.0
164,238016,1998-12-08,Pets,PT3500,1,139.0
165,238016,1998-12-08,Pets,PT4300,3,1390.0
166,140829,2000-12-11,Software,SW2123,1,1391.0
167,136667,1997-08-12,Toys,TY2400,1,1392.0
168,136667,1997-08-12,Toys,TY3700,1,1393.0
169,136667,1997-08-12,Toys,TY4600,1,1394.0
170,136667,1997-08-12,Toys,TY5100,4,1395.0
171,139067,1997-08-25,Toys,TY5400,3,1396.0
172,141782,1997-09-08,Collectibles,CC3400,2,1397.0
173,145415,1997-09-27,Pets,PT2100,1,1398.0
174,146158,1997-10-01,Pets,PT4500,1,1399.0
175,158712,1997-12-07,Sports,SP2600,1,14.0
176,159270,1997-12-10,Toys,TY5300,1,140.0
177,163238,1997-12-31,Collectibles,CC4300,3,1400.0
178,172258,1998-02-23,Toys,TY1600,1,1401.0
179,185573,1998-04-28,Collectibles,CC3400,1,1402.0
180,186021,1998-04-30,Toys,TY1300,1,1403.0
181,186021,1998-04-30,Toys,TY1500,1,1404.0
182,186021,1998-04-30,Toys,TY3500,1,1405.0
183,217533,1998-09-12,Toys,TY4200,1,1406.0
184,220388,1998-09-24,Software,SW1207,1,1407.0
185,234048,1998-11-21,Sports,SP1600,1,1408.0
186,136667,2000-11-19,Toys,TY2400,1,1409.0
187,136667,2000-11-19,Toys,TY3700,1,141.0
188,136667,2000-11-19,Toys,TY4600,1,1410.0
189,136667,2000-11-19,Toys,TY5100,4,1411.0
190,139067,2000-12-02,Toys,TY5400,3,1412.0
191,141782,2000-12-16,Collectibles,CC3400,2,1413.0
192,145415,2001-01-04,Pets,PT2100,1,1414.0
193,146158,2001-01-08,Pets,PT4500,1,1415.0
194,158712,2001-03-16,Sports,SP2600,1,1416.0
195,159270,2001-03-19,Toys,TY5300,1,1417.0
196,163238,2001-04-09,Collectibles,CC4300,3,1418.0
197,99756,1997-01-10,Pets,PT1100,3,1419.0
198,99756,1997-01-10,Pets,PT3100,1,142.0
199,99756,1997-01-10,Pets,PT3500,3,1420.0
200,130740,1997-07-12,Software,SW1828,1,1421.0
201,134932,1997-08-03,Gardening,GD3100,3,1422.0
202,141783,1997-09-08,Sports,SP1000,1,1423.0
203,141783,1997-09-08,Sports,SP1300,1,1424.0
204,141783,1997-09-08,Sports,SP2300,4,1425.0
205,149271,1997-10-18,Toys,TY3800,1,1426.0
206,152304,1997-11-03,Toys,TY3700,1,1427.0
207,156806,1997-11-27,Sports,SP2200,1,1428.0
208,161595,1997-12-22,Software,SW7221,4,1429.0
209,212564,1998-08-22,Sports,SP1100,4,143.0
210,212564,1998-08-22,Sports,SP1300,1,1430.0
211,212564,1998-08-22,Sports,SP3100,1,1431.0
212,212564,1998-08-22,Sports,SP3300,3,1432.0
213,213061,1998-08-24,Sports,SP1000,4,1433.0
214,213061,1998-08-24,Sports,SP3100,1,1434.0
215,99756,2000-04-19,Pets,PT1100,3,1435.0
216,99756,2000-04-19,Pets,PT3100,1,1436.0
217,99756,2000-04-19,Pets,PT3500,3,1437.0
218,130740,2000-10-19,Software,SW1828,1,1438.0
219,134932,2000-11-10,Gardening,GD3100,3,1439.0
220,141783,2000-12-16,Sports,SP1000,1,144.0
221,141783,2000-12-16,Sports,SP1300,1,1440.0
222,141783,2000-12-16,Sports,SP2300,4,1441.0
223,149271,2001-01-25,Toys,TY3800,1,1442.0
224,152304,2001-02-10,Toys,TY3700,1,1443.0
225,156806,2001-03-06,Sports,SP2200,1,1444.0
226,161595,2001-03-31,Software,SW7221,4,1445.0
227,126004,1997-06-17,Toys,TY1950,1,1446.0
228,126004,1997-06-17,Toys,TY4600,3,1447.0
229,126004,1997-06-17,Toys,TY5300,1,1448.0
230,129631,1997-07-06,Pets,PT4500,2,1449.0
231,142730,1997-09-13,Gardening,GD2200,1,145.0
232,142730,1997-09-13,Gardening,GD2400,1,1450.0
233,142730,1997-09-13,Gardening,GD3200,1,1451.0
234,142730,1997-09-13,Gardening,GD4100,1,1452.0
235,147805,1997-10-10,Pets,PT3100,1,1453.0
236,147805,1997-10-10,Pets,PT4100,1,1454.0
237,147805,1997-10-10,Pets,PT4600,4,1455.0
238,147805,1997-10-10,Pets,PT4600,1,1456.0
239,198963,1998-06-25,Sports,SP2400,4,1457.0
240,229595,1998-11-02,Pets,PT2100,1,1458.0
241,233338,1998-11-18,Collectibles,CC4100,1,1459.0
242,237797,1998-12-07,Pets,PT4100,2,146.0
243,126004,2000-09-24,Toys,TY1950,1,1460.0
244,126004,2000-09-24,Toys,TY4600,3,1461.0
245,126004,2000-09-24,Toys,TY5300,1,1462.0
246,129631,2000-10-13,Pets,PT4500,2,1463.0
247,147805,2001-01-17,Pets,PT3100,1,1464.0
248,147805,2001-01-17,Pets,PT4100,1,1465.0
249,147805,2001-01-17,Pets,PT4600,4,1466.0
250,147805,2001-01-17,Pets,PT4600,1,1467.0
251,116399,1997-04-27,Gardening,GD3200,1,1468.0
252,152307,1997-11-03,Toys,TY3400,4,1469.0
253,211399,1998-08-17,Sports,SP2300,1,147.0
254,211635,1998-08-18,Software,SW2181,4,1470.0
255,211635,1998-08-18,Software,SW3545,1,1471.0
256,211635,1998-08-18,Software,SW5952,4,1472.0
257,213064,1998-08-24,Toys,TY2400,1,1473.0
258,231459,1998-11-10,Sports,SP2600,1,1474.0
259,116399,2000-08-04,Gardening,GD3200,1,1475.0
260,152307,2001-02-10,Toys,TY3400,4,1476.0
261,113748,1997-04-12,Pets,PT4300,1,1477.0
262,137757,1997-08-18,Toys,TY4600,1,1478.0
263,147434,1997-10-08,Pets,PT1400,4,1479.0
264,153927,1997-11-12,Toys,TY4200,1,148.0
265,230993,1998-11-08,Sports,SP1300,1,1480.0
266,230993,1998-11-08,Sports,SP1400,3,1481.0
267,236105,1998-11-30,Pets,PT1200,1,1482.0
268,241923,1998-12-25,Software,SW7385,1,1483.0
269,113748,2000-07-20,Pets,PT4300,1,1484.0
270,137757,2000-11-25,Toys,TY4600,1,1485.0
271,147434,2001-01-15,Pets,PT1400,4,1486.0
272,153927,2001-02-19,Toys,TY4200,1,1487.0
273,105518,1997-02-21,Pets,PT1300,4,1488.0
274,143136,1997-09-15,Sports,SP1400,1,1489.0
275,143136,1997-09-15,Sports,SP2500,2,149.0
276,143136,1997-09-15,Sports,SP2600,3,1490.0
277,148359,1997-10-13,Pets,PT2100,1,1491.0
278,150618,1997-10-25,Gardening,GD1500,1,1492.0
279,150618,1997-10-25,Gardening,GD3000,3,1493.0
280,150618,1997-10-25,Gardening,GD3200,2,1494.0
281,168649,1998-02-03,Gardening,GD1100,1,1495.0
282,187576,1998-05-07,Toys,TY1200,3,1496.0
283,187576,1998-05-07,Toys,TY1850,1,1497.0
284,187576,1998-05-07,Toys,TY2300,4,1498.0
285,187576,1998-05-07,Toys,TY3800,1,1499.0
286,209481,1998-08-09,Pets,PT2200,1,15.0
287,209481,1998-08-09,Pets,PT2300,1,150.0
288,209481,1998-08-09,Pets,PT3200,1,1500.0
289,209481,1998-08-09,Pets,PT3200,3,1501.0
290,218965,1998-09-18,Gardening,GD2200,1,1502.0
291,223524,1998-10-07,Gardening,GD4100,1,1503.0
292,225348,1998-10-15,Toys,TY4200,1,1504.0
293,239627,1998-12-15,Pets,PT4600,1,1505.0
294,105518,2000-05-31,Pets,PT1300,4,1506.0
295,148359,2001-01-20,Pets,PT2100,1,1507.0
296,110993,1997-03-27,Sports,SP1200,1,1508.0
297,130222,1997-07-09,Toys,TY4200,1,1509.0
298,158917,1997-12-08,Collectibles,CC2200,3,151.0
299,163533,1998-01-02,Sports,SP1000,1,1510.0
300,179408,1998-03-31,Software,SW1005,3,1511.0
301,179408,1998-03-31,Software,SW7013,1,1512.0
302,179408,1998-03-31,Software,SW7573,1,1513.0
303,179408,1998-03-31,Software,SW9604,1,1514.0
304,180934,1998-04-07,Collectibles,CC1500,4,1515.0
305,182262,1998-04-13,Gardening,GD1400,1,1516.0
306,198049,1998-06-21,Sports,SP2000,3,1517.0
307,198049,1998-06-21,Sports,SP2400,1,1518.0
308,198049,1998-06-21,Sports,SP2500,1,1519.0
309,219453,1998-09-20,Toys,TY1700,1,152.0
310,230301,1998-11-05,Toys,TY5200,1,1520.0
311,238030,1998-12-08,Sports,SP2200,1,1521.0
312,241924,1998-12-25,Sports,SP1300,2,1522.0
313,241924,1998-12-25,Sports,SP3300,2,1523.0
314,241924,1998-12-25,Sports,SP3400,1,1524.0
315,110993,2000-07-04,Sports,SP1200,1,1525.0
316,130222,2000-10-16,Toys,TY4200,1,1526.0
317,158917,2001-03-17,Collectibles,CC2200,3,1527.0
318,163533,2001-04-11,Sports,SP1000,1,1528.0
319,122589,1997-05-30,Pets,PT3100,3,1529.0
320,122777,1997-05-31,Sports,SP1300,1,153.0
321,143138,1997-09-15,Pets,PT4400,1,1530.0
322,166327,1998-01-20,Pets,PT3200,2,1531.0
323,209214,1998-08-08,Sports,SP3100,1,1532.0
324,221809,1998-09-30,Toys,TY3400,1,1533.0
325,223296,1998-10-06,Pets,PT3100,4,1534.0
326,122589,2000-09-06,Pets,PT3100,3,1535.0
327,122777,2000-09-07,Sports,SP1300,1,1536.0
328,143138,2000-12-23,Pets,PT4400,1,1537.0
329,166327,2001-04-29,Pets,PT3200,2,1538.0
330,102109,1997-01-28,Pets,PT4300,1,1539.0
331,113750,1997-04-12,Sports,SP2500,3,154.0
332,121462,1997-05-24,Software,SW1207,1,1540.0
333,121462,1997-05-24,Software,SW2147,1,1541.0
334,121462,1997-05-24,Software,SW5493,1,1542.0
335,131671,1997-07-17,Sports,SP1500,1,1543.0
336,131671,1997-07-17,Sports,SP2000,2,1544.0
337,131671,1997-07-17,Sports,SP2500,1,1545.0
338,131671,1997-07-17,Sports,SP2700,1,1546.0
339,131869,1997-07-18,Pets,PT4100,1,1547.0
340,132081,1997-07-19,Gardening,GD2000,2,1548.0
341,132081,1997-07-19,Gardening,GD2000,1,1549.0
342,132081,1997-07-19,Gardening,GD3100,1,155.0
343,132081,1997-07-19,Gardening,GD3400,2,1550.0
344,169362,1998-02-07,Software,SW4187,1,1551.0
345,169362,1998-02-07,Software,SW5952,4,1552.0
346,169362,1998-02-07,Software,SW6269,1,1553.0
347,169362,1998-02-07,Software,SW7935,1,1554.0
348,176756,1998-03-18,Sports,SP2700,1,1555.0
349,177337,1998-03-21,Sports,SP1000,1,1556.0
350,193092,1998-05-31,Toys,TY3700,1,1557.0
351,197104,1998-06-17,Pets,PT4200,1,1558.0
352,235407,1998-11-27,Pets,PT3500,1,1559.0
353,102109,2000-05-07,Pets,PT4300,1,156.0
354,121462,2000-08-31,Software,SW1207,1,1560.0
355,121462,2000-08-31,Software,SW2147,1,1561.0
356,121462,2000-08-31,Software,SW5493,1,1562.0
357,131869,2000-10-25,Pets,PT4100,1,1563.0
358,132081,2000-10-26,Gardening,GD2000,2,1564.0
359,132081,2000-10-26,Gardening,GD2000,1,1565.0
360,132081,2000-10-26,Gardening,GD3100,1,1566.0
361,132081,2000-10-26,Gardening,GD3400,2,1567.0
362,169362,2001-05-17,Software,SW4187,1,1568.0
363,169362,2001-05-17,Software,SW5952,4,1569.0
364,169362,2001-05-17,Software,SW6269,1,157.0
365,169362,2001-05-17,Software,SW7935,1,1570.0
366,99998,1997-01-12,Toys,TY2600,1,1571.0
367,129834,1997-07-07,Pets,PT1300,1,1572.0
368,129834,1997-07-07,Pets,PT1400,4,1573.0
369,129834,1997-07-07,Pets,PT2200,3,1574.0
370,130227,1997-07-09,Pets,PT2400,1,1575.0
371,135894,1997-08-08,Pets,PT4400,1,1576.0
372,148918,1997-10-16,Sports,SP2600,2,1577.0
373,180063,1998-04-03,Toys,TY3200,1,1578.0
374,182267,1998-04-13,Gardening,GD4100,3,1579.0
375,184930,1998-04-25,Toys,TY2500,4,158.0
376,197353,1998-06-18,Pets,PT1100,1,1580.0
377,204316,1998-07-18,Software,SW2147,3,1581.0
378,204316,1998-07-18,Software,SW5338,1,1582.0
379,204316,1998-07-18,Software,SW7385,1,1583.0
380,204316,1998-07-18,Software,SW9521,3,1584.0
381,218730,1998-09-17,Pets,PT1000,1,1585.0
382,218730,1998-09-17,Pets,PT1400,1,1586.0
383,218730,1998-09-17,Pets,PT2400,4,1587.0
384,218730,1998-09-17,Pets,PT3300,1,1588.0
385,237332,1998-12-05,Software,SW6352,1,1589.0
386,237332,1998-12-05,Software,SW6531,4,159.0
387,237332,1998-12-05,Software,SW7823,1,1590.0
388,99998,2000-04-21,Toys,TY2600,1,1591.0
389,129834,2000-10-14,Pets,PT1300,1,1592.0
390,129834,2000-10-14,Pets,PT1400,4,1593.0
391,129834,2000-10-14,Pets,PT2200,3,1594.0
392,130227,2000-10-16,Pets,PT2400,1,1595.0
393,135894,2000-11-15,Pets,PT4400,1,1596.0
394,148918,2001-01-23,Sports,SP2600,2,1597.0
395,115478,1997-04-22,Sports,SP1200,1,1598.0
396,159478,1997-12-11,Sports,SP2300,1,1599.0
397,167813,1998-01-29,Software,SW4792,2,16.0
398,187346,1998-05-06,Sports,SP2700,1,160.0
399,197108,1998-06-17,Sports,SP1500,1,1600.0
400,203183,1998-07-13,Pets,PT1200,4,1601.0
401,203183,1998-07-13,Pets,PT3200,1,1602.0
402,203183,1998-07-13,Pets,PT4400,1,1603.0
403,203183,1998-07-13,Pets,PT4600,1,1604.0
404,216861,1998-09-09,Pets,PT2000,1,1605.0
405,216861,1998-09-09,Pets,PT2400,4,1606.0
406,216861,1998-09-09,Pets,PT3300,1,1607.0
407,234271,1998-11-22,Software,SW4773,1,1608.0
408,242593,1998-12-28,Toys,TY1200,1,1609.0
409,115478,2000-07-30,Sports,SP1200,1,161.0
410,159478,2001-03-20,Sports,SP2300,1,1610.0
411,167813,2001-05-08,Software,SW4792,1,1611.0
412,105195,1997-02-19,Pets,PT4300,2,1612.0
413,126013,1997-06-17,Sports,SP3300,1,1613.0
414,129637,1997-07-06,Sports,SP1000,4,1614.0
415,129637,1997-07-06,Sports,SP1300,1,1615.0
416,129637,1997-07-06,Sports,SP2000,4,1616.0
417,129637,1997-07-06,Sports,SP3400,3,1617.0
418,130398,1997-07-10,Collectibles,CC4200,1,1618.0
419,143734,1997-09-18,Pets,PT4200,1,1619.0
420,146746,1997-10-04,Pets,PT4500,1,162.0
421,183350,1998-04-18,Gardening,GD1400,1,1620.0
422,183350,1998-04-18,Gardening,GD1500,1,1621.0
423,183350,1998-04-18,Gardening,GD2100,3,1622.0
424,183350,1998-04-18,Gardening,GD3400,1,1623.0
425,184734,1998-04-24,Pets,PT4400,1,1624.0
426,186491,1998-05-02,Pets,PT2200,1,1625.0
427,196610,1998-06-15,Sports,SP2000,1,1626.0
428,196610,1998-06-15,Sports,SP2300,3,1627.0
429,196610,1998-06-15,Sports,SP3100,3,1628.0
430,203861,1998-07-16,Toys,TY1750,1,1629.0
431,205481,1998-07-23,Sports,SP2000,1,163.0
432,105195,2000-05-29,Pets,PT4300,2,1630.0
433,126013,2000-09-24,Sports,SP3300,1,1631.0
434,129637,2000-10-13,Sports,SP1000,4,1632.0
435,129637,2000-10-13,Sports,SP1300,1,1633.0
436,129637,2000-10-13,Sports,SP2000,4,1634.0
437,129637,2000-10-13,Sports,SP3400,3,1635.0
438,130398,2000-10-17,Collectibles,CC4200,1,1636.0
439,143734,2000-12-26,Pets,PT4200,1,1637.0
440,146746,2001-01-11,Pets,PT4500,1,1638.0
441,100784,1997-01-18,Sports,SP2700,1,1639.0
442,113757,1997-04-12,Toys,TY1950,3,164.0
443,124646,1997-06-10,Sports,SP3400,1,1640.0
444,124829,1997-06-11,Gardening,GD2200,1,1641.0
445,135138,1997-08-04,Gardening,GD1500,1,1642.0
446,150217,1997-10-23,Pets,PT3300,2,1643.0
447,150217,1997-10-23,Pets,PT3500,2,1644.0
448,150217,1997-10-23,Pets,PT4100,1,1645.0
449,150217,1997-10-23,Pets,PT4400,3,1646.0
450,160439,1997-12-16,Toys,TY5400,3,1647.0
451,176966,1998-03-19,Sports,SP1400,4,1648.0
452,177343,1998-03-21,Sports,SP1600,1,1649.0
453,182271,1998-04-13,Pets,PT4100,1,165.0
454,186037,1998-04-30,Gardening,GD2200,1,1650.0
455,196875,1998-06-16,Toys,TY5200,1,1651.0
456,224696,1998-10-12,Pets,PT1300,1,1652.0
457,224696,1998-10-12,Pets,PT1400,1,1653.0
458,224696,1998-10-12,Pets,PT3100,1,1654.0
459,224696,1998-10-12,Pets,PT3500,1,1655.0
460,230059,1998-11-04,Software,SW7935,1,1656.0
461,100784,2000-04-27,Sports,SP2700,1,1657.0
462,113757,2000-07-20,Toys,TY1950,3,1658.0
463,124646,2000-09-17,Sports,SP3400,1,1659.0
464,124829,2000-09-18,Gardening,GD2200,1,166.0
465,135138,2000-11-11,Gardening,GD1500,1,1660.0
466,150217,2001-01-30,Pets,PT3300,2,1661.0
467,150217,2001-01-30,Pets,PT3500,2,1662.0
468,150217,2001-01-30,Pets,PT4100,1,1663.0
469,150217,2001-01-30,Pets,PT4400,3,1664.0
470,160439,2001-03-25,Toys,TY5400,3,1665.0
471,127055,1997-06-23,Toys,TY1800,1,1666.0
472,145974,1997-09-30,Pets,PT1200,1,1667.0
473,151400,1997-10-29,Sports,SP2400,3,1668.0
474,157967,1997-12-03,Gardening,GD1100,4,1669.0
475,171198,1998-02-17,Sports,SP2200,1,167.0
476,182688,1998-04-15,Sports,SP1500,1,1670.0
477,184078,1998-04-21,Sports,SP1200,3,1671.0
478,184078,1998-04-21,Sports,SP3000,1,1672.0
479,184078,1998-04-21,Sports,SP3200,1,1673.0
480,188498,1998-05-11,Gardening,GD1500,1,1674.0
481,195176,1998-06-09,Toys,TY3700,3,1675.0
482,198750,1998-06-24,Toys,TY2400,1,1676.0
483,206413,1998-07-27,Software,SW7935,1,1677.0
484,207364,1998-07-31,Pets,PT1300,2,1678.0
485,207364,1998-07-31,Pets,PT2000,1,1679.0
486,207364,1998-07-31,Pets,PT2300,1,168.0
487,207364,1998-07-31,Pets,PT4200,1,1680.0
488,127055,2000-09-30,Toys,TY1800,1,1681.0
489,145974,2001-01-07,Pets,PT1200,1,1682.0
490,151400,2001-02-05,Sports,SP2400,3,1683.0
491,157967,2001-03-12,Gardening,GD1100,4,1684.0
492,171198,2001-05-27,Sports,SP2200,1,1685.0
493,122960,1997-06-01,Toys,TY1300,2,1686.0
494,122960,1997-06-01,Toys,TY2100,1,1687.0
495,122960,1997-06-01,Toys,TY2700,1,1688.0
496,122960,1997-06-01,Toys,TY4100,1,1689.0
497,124470,1997-06-09,Pets,PT4500,1,169.0
498,128060,1997-06-28,Sports,SP3300,1,1690.0
499,131682,1997-07-17,Pets,PT1300,1,1691.0
500,147630,1997-10-09,Pets,PT1400,1,1692.0
501,147630,1997-10-09,Pets,PT2200,1,1693.0
502,147630,1997-10-09,Pets,PT4600,1,1694.0
503,148925,1997-10-16,Toys,TY4400,1,1695.0
504,154534,1997-11-15,Software,SW7573,1,1696.0
505,191276,1998-05-23,Gardening,GD4000,2,1697.0
506,197119,1998-06-17,Toys,TY4100,3,1698.0
507,197119,1998-06-17,Toys,TY4400,2,1699.0
508,202260,1998-07-09,Toys,TY3100,1,17.0
509,229359,1998-11-01,Pets,PT1400,1,170.0
510,229359,1998-11-01,Pets,PT2100,2,1700.0
511,229359,1998-11-01,Pets,PT2400,1,1701.0
512,229359,1998-11-01,Pets,PT3500,3,1702.0
513,235418,1998-11-27,Pets,PT1000,1,1703.0
514,122960,2000-09-08,Toys,TY1300,2,1704.0
515,122960,2000-09-08,Toys,TY2100,1,1705.0
516,122960,2000-09-08,Toys,TY2700,1,1706.0
517,122960,2000-09-08,Toys,TY4100,1,1707.0
518,124470,2000-09-16,Pets,PT4500,1,1708.0
519,128060,2000-10-05,Sports,SP3300,1,1709.0
520,131682,2000-10-24,Pets,PT1300,1,171.0
521,147630,2001-01-16,Pets,PT1400,1,1710.0
522,147630,2001-01-16,Pets,PT2200,1,1711.0
523,147630,2001-01-16,Pets,PT4600,1,1712.0
524,148925,2001-01-23,Toys,TY4400,1,1713.0
525,154534,2001-02-22,Software,SW7573,1,1714.0
526,118074,1997-05-06,Pets,PT4600,1,1715.0
527,121807,1997-05-26,Pets,PT1300,1,1716.0
528,155108,1997-11-18,Gardening,GD1300,1,1717.0
529,186045,1998-04-30,Sports,SP1100,1,1718.0
530,191733,1998-05-25,Pets,PT3500,1,1719.0
531,238049,1998-12-08,Pets,PT1300,1,172.0
532,118074,2000-08-13,Pets,PT4600,1,1720.0
533,121807,2000-09-02,Pets,PT1300,1,1721.0
534,155108,2001-02-25,Gardening,GD1300,1,1722.0
535,105529,1997-02-21,Gardening,GD2100,1,1723.0
536,114435,1997-04-16,Sports,SP1500,1,1724.0
537,116766,1997-04-29,Sports,SP2200,1,1725.0
538,117899,1997-05-05,Sports,SP2200,3,1726.0
539,117899,1997-05-05,Sports,SP2400,1,1727.0
540,117899,1997-05-05,Sports,SP3400,1,1728.0
541,117899,1997-05-05,Sports,SP3400,1,1729.0
542,132818,1997-07-23,Sports,SP1500,1,173.0
543,132818,1997-07-23,Sports,SP2000,1,1730.0
544,132818,1997-07-23,Sports,SP2400,3,1731.0
545,132818,1997-07-23,Sports,SP3100,2,1732.0
546,141045,1997-09-04,Software,SW2927,1,1733.0
547,165499,1998-01-15,Gardening,GD3300,1,1734.0
548,166670,1998-01-22,Sports,SP2500,1,1735.0
549,175752,1998-03-13,Software,SW4155,1,1736.0
550,188068,1998-05-09,Toys,TY4800,2,1737.0
551,199909,1998-06-29,Toys,TY2400,1,1738.0
552,199909,1998-06-29,Toys,TY3100,2,1739.0
553,199909,1998-06-29,Toys,TY5100,1,174.0
554,212593,1998-08-22,Sports,SP1000,2,1740.0
555,236613,1998-12-02,Pets,PT4500,1,1741.0
556,105529,2000-05-31,Gardening,GD2100,1,1742.0
557,114435,2000-07-24,Sports,SP1500,1,1743.0
558,116766,2000-08-06,Sports,SP2200,1,1744.0
559,117899,2000-08-12,Sports,SP2200,3,1745.0
560,117899,2000-08-12,Sports,SP2400,1,1746.0
561,117899,2000-08-12,Sports,SP3400,1,1747.0
562,117899,2000-08-12,Sports,SP3400,1,1748.0
563,132818,2000-10-30,Sports,SP1500,1,1749.0
564,132818,2000-10-30,Sports,SP2000,1,175.0
565,132818,2000-10-30,Sports,SP2400,3,1750.0
566,132818,2000-10-30,Sports,SP3100,2,1751.0
567,141045,2000-12-12,Software,SW2927,1,1752.0
568,165499,2001-04-24,Gardening,GD3300,1,1753.0
569,166670,2001-05-01,Sports,SP2500,1,1754.0
570,104736,1997-02-16,Sports,SP2300,4,1755.0
571,107409,1997-03-05,Software,SW3895,1,1756.0
572,107409,1997-03-05,Software,SW4155,1,1757.0
573,107409,1997-03-05,Software,SW4773,1,1758.0
574,107409,1997-03-05,Software,SW5901,1,1759.0
575,125050,1997-06-12,Sports,SP2500,1,176.0
576,131882,1997-07-18,Sports,SP1300,4,1760.0
577,151404,1997-10-29,Collectibles,CC3400,1,1761.0
578,154924,1997-11-17,Toys,TY1950,1,1762.0
579,156066,1997-11-23,Toys,TY1600,4,1763.0
580,166982,1998-01-24,Gardening,GD1300,1,1764.0
581,170433,1998-02-13,Gardening,GD4100,1,1765.0
582,204070,1998-07-17,Sports,SP2600,1,1766.0
583,208521,1998-08-05,Pets,PT2100,1,1767.0
584,223986,1998-10-09,Collectibles,CC2300,1,1768.0
585,225836,1998-10-17,Sports,SP2200,1,1769.0
586,104736,2000-05-26,Sports,SP2300,4,177.0
587,107409,2000-06-12,Software,SW3895,1,1770.0
588,107409,2000-06-12,Software,SW4155,1,1771.0
589,107409,2000-06-12,Software,SW4773,1,1772.0
590,107409,2000-06-12,Software,SW5901,1,1773.0
591,125050,2000-09-19,Sports,SP2500,1,1774.0
592,131882,2000-10-25,Sports,SP1300,4,1775.0
593,151404,2001-02-05,Collectibles,CC3400,1,1776.0
594,154924,2001-02-24,Toys,TY1950,1,1777.0
595,156066,2001-03-02,Toys,TY1600,4,1778.0
596,166982,2001-05-03,Gardening,GD1300,1,1779.0
597,170433,2001-05-23,Gardening,GD4100,1,178.0
598,114270,1997-04-15,Software,SW6269,1,1780.0
599,138893,1997-08-24,Toys,TY4400,1,1781.0
600,158926,1997-12-08,Pets,PT2100,1,1782.0
601,168314,1998-02-01,Gardening,GD2400,1,1783.0
602,243350,1998-04-02,Pets,PT3200,3,1784.0
603,243350,1998-04-02,Pets,PT3200,4,1785.0
604,196885,1998-06-16,Sports,SP1000,1,1786.0
605,206420,1998-07-27,Collectibles,CC4700,1,1787.0
606,208991,1998-08-07,Software,SW9521,1,1788.0
607,229613,1998-11-02,Pets,PT2300,4,1789.0
608,114270,2000-07-23,Software,SW6269,1,179.0
609,138893,2000-12-01,Toys,TY4400,1,1790.0
610,158926,2001-03-17,Pets,PT2100,1,1791.0
611,168314,2001-05-11,Gardening,GD2400,1,1792.0
612,98769,1997-01-02,Gardening,GD1010,1,1793.0
613,98769,1997-01-02,Gardening,GD1200,1,1794.0
614,98769,1997-01-02,Gardening,GD3000,1,1795.0
615,98769,1997-01-02,Gardening,GD3400,1,1796.0
616,99531,1997-01-08,Gardening,GD2000,3,1797.0
617,99531,1997-01-08,Gardening,GD3300,1,1798.0
618,99531,1997-01-08,Gardening,GD4100,1,1799.0
619,105981,1997-02-24,Toys,TY1500,1,18.0
620,105981,1997-02-24,Toys,TY2200,1,180.0
621,105981,1997-02-24,Toys,TY3600,1,1800.0
622,105981,1997-02-24,Toys,TY4700,2,1801.0
623,112152,1997-04-03,Sports,SP1000,3,1802.0
624,125258,1997-06-13,Pets,PT3400,3,1803.0
625,133973,1997-07-29,Toys,TY1600,1,1804.0
626,135904,1997-08-08,Software,SW1612,1,1805.0
627,140077,1997-08-30,Sports,SP2600,1,1806.0
628,147828,1997-10-10,Gardening,GD1200,2,1807.0
629,153756,1997-11-11,Toys,TY1600,3,1808.0
630,153756,1997-11-11,Toys,TY1650,1,1809.0
631,153756,1997-11-11,Toys,TY1950,3,181.0
632,153756,1997-11-11,Toys,TY2300,1,1810.0
633,165674,1998-01-16,Gardening,GD4200,1,1811.0
634,166984,1998-01-24,Gardening,GD3100,1,1812.0
635,186702,1998-05-03,Software,SW2842,1,1813.0
636,193843,1998-06-03,Software,SW6269,1,1814.0
637,200649,1998-07-02,Sports,SP1200,1,1815.0
638,200649,1998-07-02,Sports,SP2400,1,1816.0
639,200649,1998-07-02,Sports,SP3100,1,1817.0
640,221592,1998-09-29,Toys,TY3500,1,1818.0
641,226801,1998-10-21,Pets,PT3300,1,1819.0
642,98769,2000-04-11,Gardening,GD1010,1,182.0
643,98769,2000-04-11,Gardening,GD1200,1,1820.0
644,98769,2000-04-11,Gardening,GD3000,1,1821.0
645,98769,2000-04-11,Gardening,GD3400,1,1822.0
646,99531,2000-04-17,Gardening,GD2000,3,1823.0
647,99531,2000-04-17,Gardening,GD3300,1,1824.0
648,99531,2000-04-17,Gardening,GD4100,1,1825.0
649,105981,2000-06-03,Toys,TY1500,1,1826.0
650,105981,2000-06-03,Toys,TY2200,1,1827.0
651,105981,2000-06-03,Toys,TY3600,1,1828.0
652,105981,2000-06-03,Toys,TY4700,2,1829.0
653,112152,2000-07-11,Sports,SP1000,3,183.0
654,125258,2000-09-20,Pets,PT3400,3,1830.0
655,133973,2000-11-05,Toys,TY1600,1,1831.0
656,135904,2000-11-15,Software,SW1612,1,1832.0
657,140077,2000-12-07,Sports,SP2600,1,1833.0
658,147828,2001-01-17,Gardening,GD1200,2,1834.0
659,153756,2001-02-18,Toys,TY1600,3,1835.0
660,153756,2001-02-18,Toys,TY1650,1,1836.0
661,153756,2001-02-18,Toys,TY1950,3,1837.0
662,153756,2001-02-18,Toys,TY2300,1,1838.0
663,165674,2001-04-25,Gardening,GD4200,1,1839.0
664,166984,2001-05-03,Gardening,GD3100,1,184.0
665,136692,1997-08-12,Sports,SP1100,1,1840.0
666,162712,1997-12-28,Toys,TY3500,1,1841.0
667,198311,1998-06-22,Toys,TY1500,2,1842.0
668,198311,1998-06-22,Toys,TY1850,4,1843.0
669,198311,1998-06-22,Toys,TY5300,1,1844.0
670,203664,1998-07-15,Gardening,GD1200,1,1845.0
671,224704,1998-10-12,Sports,SP1000,1,1846.0
672,136692,2000-11-19,Sports,SP1100,1,1847.0
673,162712,2001-04-06,Toys,TY3500,1,1848.0
674,103607,1997-02-08,Pets,PT2000,4,1849.0
675,109144,1997-03-16,Toys,TY4300,1,185.0
676,128648,1997-07-01,Gardening,GD1100,1,1850.0
677,128648,1997-07-01,Gardening,GD1600,1,1851.0
678,128648,1997-07-01,Gardening,GD2100,1,1852.0
679,128648,1997-07-01,Gardening,GD3200,3,1853.0
680,132446,1997-07-21,Pets,PT1400,1,1854.0
681,132446,1997-07-21,Pets,PT2000,1,1855.0
682,132446,1997-07-21,Pets,PT2100,1,1856.0
683,161216,1997-12-20,Software,SW2782,4,1857.0
684,182278,1998-04-13,Toys,TY2700,1,1858.0
685,182278,1998-04-13,Toys,TY4700,4,1859.0
686,182278,1998-04-13,Toys,TY4800,2,186.0
687,182278,1998-04-13,Toys,TY5400,4,1860.0
688,196404,1998-06-14,Gardening,GD1001,1,1861.0
689,214454,1998-08-30,Pets,PT3400,1,1862.0
690,216352,1998-09-07,Pets,PT1100,1,1863.0
691,216352,1998-09-07,Pets,PT1300,1,1864.0
692,216352,1998-09-07,Pets,PT1400,2,1865.0
693,216352,1998-09-07,Pets,PT3100,1,1866.0
694,232177,1998-11-13,Sports,SP3400,1,1867.0
695,240100,1998-12-17,Pets,PT2300,3,1868.0
696,242162,1998-12-26,Toys,TY3500,1,1869.0
697,103607,2000-05-18,Pets,PT2000,4,187.0
698,109144,2000-06-23,Toys,TY4300,1,1870.0
699,128648,2000-10-08,Gardening,GD1100,1,1871.0
700,128648,2000-10-08,Gardening,GD1600,1,1872.0
701,128648,2000-10-08,Gardening,GD2100,1,1873.0
702,128648,2000-10-08,Gardening,GD3200,3,1874.0
703,132446,2000-10-28,Pets,PT1400,1,1875.0
704,132446,2000-10-28,Pets,PT2000,1,1876.0
705,132446,2000-10-28,Pets,PT2100,1,1877.0
706,161216,2001-03-29,Software,SW2782,4,1878.0
707,103884,1997-02-10,Software,SW4550,2,1879.0
708,103884,1997-02-10,Software,SW5493,1,188.0
709,103884,1997-02-10,Software,SW7573,2,1880.0
710,108333,1997-03-11,Sports,SP3000,1,1881.0
711,122789,1997-05-31,Pets,PT1200,3,1882.0
712,136094,1997-08-09,Pets,PT1400,1,1883.0
713,159499,1997-12-11,Pets,PT1400,2,1884.0
714,162903,1997-12-29,Toys,TY3500,4,1885.0
715,165341,1998-01-14,Sports,SP2300,1,1886.0
716,166341,1998-01-20,Sports,SP2600,1,1887.0
717,184312,1998-04-22,Pets,PT1400,4,1888.0
718,205970,1998-07-25,Toys,TY5300,1,1889.0
719,211924,1998-08-19,Gardening,GD1000,3,189.0
720,219960,1998-09-22,Pets,PT1300,3,1890.0
721,219960,1998-09-22,Pets,PT2000,1,1891.0
722,219960,1998-09-22,Pets,PT2400,1,1892.0
723,228922,1998-10-30,Sports,SP2300,1,1893.0
724,103884,2000-05-20,Software,SW4550,2,1894.0
725,103884,2000-05-20,Software,SW5493,1,1895.0
726,103884,2000-05-20,Software,SW7573,2,1896.0
727,108333,2000-06-18,Sports,SP3000,1,1897.0
728,122789,2000-09-07,Pets,PT1200,3,1898.0
729,136094,2000-11-16,Pets,PT1400,1,1899.0
730,159499,2001-03-20,Pets,PT1400,2,19.0
731,162903,2001-04-07,Toys,TY3500,4,190.0
732,165341,2001-04-23,Sports,SP2300,1,1900.0
733,166341,2001-04-29,Sports,SP2600,1,1901.0
734,104469,1997-02-14,Gardening,GD2100,1,1902.0
735,121821,1997-05-26,Gardening,GD2400,4,1903.0
736,131889,1997-07-18,Toys,TY4200,2,1904.0
737,133612,1997-07-27,Sports,SP3100,1,1905.0
738,137773,1997-08-18,Toys,TY1650,1,1906.0
739,138515,1997-08-22,Sports,SP2300,2,1907.0
740,138515,1997-08-22,Sports,SP2700,3,1908.0
741,185178,1998-04-26,Software,SW9521,1,1909.0
742,191067,1998-05-22,Pets,PT3300,1,191.0
743,191067,1998-05-22,Pets,PT4100,1,1910.0
744,191067,1998-05-22,Pets,PT4300,1,1911.0
745,225151,1998-10-14,Gardening,GD2200,1,1912.0
746,231492,1998-11-10,Pets,PT4300,1,1913.0
747,234083,1998-11-21,Sports,SP1000,1,1914.0
748,234083,1998-11-21,Sports,SP1400,3,1915.0
749,234083,1998-11-21,Sports,SP2700,1,1916.0
750,104469,2000-05-24,Gardening,GD2100,1,1917.0
751,121821,2000-09-02,Gardening,GD2400,4,1918.0
752,131889,2000-10-25,Toys,TY4200,2,1919.0
753,133612,2000-11-03,Sports,SP3100,1,192.0
754,137773,2000-11-25,Toys,TY1650,1,1920.0
755,138515,2000-11-29,Sports,SP2300,2,1921.0
756,138515,2000-11-29,Sports,SP2700,3,1922.0
757,106332,1997-02-26,Gardening,GD1001,1,1923.0
758,110175,1997-03-22,Sports,SP1400,1,1924.0
759,116055,1997-04-25,Pets,PT1300,1,1925.0
760,119633,1997-05-14,Pets,PT3500,1,1926.0
761,131491,1997-07-16,Pets,PT1200,1,1927.0
762,137062,1997-08-14,Toys,TY1400,1,1928.0
763,137062,1997-08-14,Toys,TY4600,4,1929.0
764,137062,1997-08-14,Toys,TY5100,1,193.0
765,137062,1997-08-14,Toys,TY5100,1,1930.0
766,143160,1997-09-15,Toys,TY1900,3,1931.0
767,147124,1997-10-06,Software,SW2782,1,1932.0
768,147455,1997-10-08,Sports,SP3000,2,1933.0
769,149673,1997-10-20,Sports,SP2500,1,1934.0
770,157786,1997-12-02,Collectibles,CC2300,1,1935.0
771,157786,1997-12-02,Collectibles,CC3100,2,1936.0
772,157786,1997-12-02,Collectibles,CC4300,1,1937.0
773,157786,1997-12-02,Collectibles,CC4600,1,1938.0
774,187607,1998-05-07,Sports,SP1000,1,1939.0
775,209246,1998-08-08,Gardening,GD1400,1,194.0
776,209246,1998-08-08,Gardening,GD1600,4,1940.0
777,209246,1998-08-08,Gardening,GD2300,1,1941.0
778,216623,1998-09-08,Pets,PT4400,1,1942.0
779,106332,2000-06-05,Gardening,GD1001,1,1943.0
780,110175,2000-06-29,Sports,SP1400,1,1944.0
781,116055,2000-08-02,Pets,PT1300,1,1945.0
782,119633,2000-08-21,Pets,PT3500,1,1946.0
783,131491,2000-10-23,Pets,PT1200,1,1947.0
784,137062,2000-11-21,Toys,TY1400,1,1948.0
785,137062,2000-11-21,Toys,TY4600,4,1949.0
786,137062,2000-11-21,Toys,TY5100,1,195.0
787,137062,2000-11-21,Toys,TY5100,1,1950.0
788,143160,2000-12-23,Toys,TY1900,3,1951.0
789,147124,2001-01-13,Software,SW2782,1,1952.0
790,147455,2001-01-15,Sports,SP3000,2,1953.0
791,149673,2001-01-27,Sports,SP2500,1,1954.0
792,157786,2001-03-11,Collectibles,CC2300,1,1955.0
793,157786,2001-03-11,Collectibles,CC3100,2,1956.0
794,157786,2001-03-11,Collectibles,CC4300,1,1957.0
795,157786,2001-03-11,Collectibles,CC4600,1,1958.0
796,98894,1997-01-03,Pets,PT3200,1,1959.0
797,112485,1997-04-05,Toys,TY1800,1,196.0
798,112485,1997-04-05,Toys,TY4100,1,1960.0
799,112485,1997-04-05,Toys,TY4200,3,1961.0
800,132637,1997-07-22,Toys,TY1700,1,1962.0
801,166017,1998-01-18,Gardening,GD1500,1,1963.0
802,166017,1998-01-18,Gardening,GD2300,4,1964.0
803,207600,1998-08-01,Pets,PT4400,1,1965.0
804,221110,1998-09-27,Toys,TY2200,1,1966.0
805,223081,1998-10-05,Sports,SP2500,1,1967.0
806,223081,1998-10-05,Sports,SP2600,1,1968.0
807,223081,1998-10-05,Sports,SP3100,4,1969.0
808,241522,1998-12-23,Sports,SP1500,1,197.0
809,98894,2000-04-12,Pets,PT3200,1,1970.0
810,112485,2000-07-13,Toys,TY1800,1,1971.0
811,112485,2000-07-13,Toys,TY4100,1,1972.0
812,112485,2000-07-13,Toys,TY4200,3,1973.0
813,132637,2000-10-29,Toys,TY1700,1,1974.0
814,166017,2001-04-27,Gardening,GD1500,1,1975.0
815,166017,2001-04-27,Gardening,GD2300,4,1976.0
816,100128,1997-01-13,Toys,TY1700,4,1977.0
817,122228,1997-05-28,Gardening,GD1001,2,1978.0
818,186925,1998-05-04,Gardening,GD1010,1,1979.0
819,186925,1998-05-04,Gardening,GD2100,2,198.0
820,186925,1998-05-04,Gardening,GD4000,1,1980.0
821,189194,1998-05-14,Sports,SP1000,2,1981.0
822,213793,1998-08-27,Sports,SP2500,1,1982.0
823,229149,1998-10-31,Pets,PT2100,1,1983.0
824,232423,1998-11-14,Pets,PT3300,1,1984.0
825,235889,1998-11-29,Software,SW3909,3,1985.0
826,239434,1998-12-14,Pets,PT4400,2,1986.0
827,100128,2000-04-22,Toys,TY1700,4,1987.0
828,122228,2000-09-04,Gardening,GD1001,2,1988.0
829,120160,1997-05-17,Toys,TY1500,4,1989.0
830,120160,1997-05-17,Toys,TY2600,2,199.0
831,120160,1997-05-17,Toys,TY5200,1,1990.0
832,120160,1997-05-17,Toys,TY5300,2,1991.0
833,122419,1997-05-29,Gardening,GD1600,1,1992.0
834,122419,1997-05-29,Gardening,GD2200,3,1993.0
835,122419,1997-05-29,Gardening,GD3200,1,1994.0
836,133435,1997-07-26,Sports,SP3000,1,1995.0
837,138334,1997-08-21,Sports,SP3000,1,1996.0
838,142182,1997-09-10,Pets,PT1400,3,1997.0
839,150837,1997-10-26,Pets,PT1300,3,1998.0
840,155292,1997-11-19,Toys,TY4500,1,1999.0
841,198090,1998-06-21,Gardening,GD3000,1,2.0
842,201143,1998-07-04,Pets,PT2100,3,20.0
843,202070,1998-07-08,Sports,SP1400,1,200.0
844,202070,1998-07-08,Sports,SP2400,1,2000.0
845,202070,1998-07-08,Sports,SP2500,3,2001.0
846,202986,1998-07-12,Pets,PT4200,4,2002.0
847,208538,1998-08-05,Toys,TY1700,1,2003.0
848,208538,1998-08-05,Toys,TY2700,2,2004.0
849,208538,1998-08-05,Toys,TY5300,1,2005.0
850,210006,1998-08-11,Sports,SP1200,1,2006.0
851,226583,1998-10-20,Pets,PT2300,1,2007.0
852,226582,1998-10-20,Software,SW7384,4,2008.0
853,120160,2000-08-24,Toys,TY1500,4,2009.0
854,120160,2000-08-24,Toys,TY2600,2,201.0
855,120160,2000-08-24,Toys,TY5200,1,2010.0
856,120160,2000-08-24,Toys,TY5300,2,2011.0
857,122419,2000-09-05,Gardening,GD1600,1,2012.0
858,122419,2000-09-05,Gardening,GD2200,3,2013.0
859,122419,2000-09-05,Gardening,GD3200,1,2014.0
860,133435,2000-11-02,Sports,SP3000,1,2015.0
861,138334,2000-11-28,Sports,SP3000,1,2016.0
862,142182,2000-12-18,Pets,PT1400,3,2017.0
863,150837,2001-02-02,Pets,PT1300,3,2018.0
864,155292,2001-02-26,Toys,TY4500,1,2019.0
865,100664,1997-01-17,Toys,TY1950,4,202.0
866,149676,1997-10-20,Sports,SP3300,3,2020.0
867,150423,1997-10-24,Pets,PT2300,1,2021.0
868,166021,1998-01-18,Pets,PT3300,1,2022.0
869,166021,1998-01-18,Pets,PT4200,1,2023.0
870,190135,1998-05-18,Collectibles,CC2300,1,2024.0
871,190135,1998-05-18,Collectibles,CC3300,1,2025.0
872,190135,1998-05-18,Collectibles,CC1100,2,2026.0
873,198765,1998-06-24,Sports,SP1300,1,2027.0
874,218764,1998-09-17,Toys,TY3200,1,2028.0
875,228211,1998-10-27,Sports,SP2600,3,2029.0
876,240118,1998-12-17,Sports,SP1500,2,203.0
877,100664,2000-04-26,Toys,TY1950,4,2030.0
878,149676,2001-01-27,Sports,SP3300,3,2031.0
879,150423,2001-01-31,Pets,PT2300,1,2032.0
880,166021,2001-04-27,Pets,PT3300,1,2033.0
881,166021,2001-04-27,Pets,PT4200,1,2034.0
882,103076,1997-02-04,Pets,PT1200,1,2035.0
883,103076,1997-02-04,Pets,PT2100,2,2036.0
884,103076,1997-02-04,Pets,PT3500,3,2037.0
885,108833,1997-03-14,Gardening,GD2000,1,2038.0
886,130954,1997-07-13,Toys,TY1300,3,2039.0
887,130954,1997-07-13,Toys,TY4200,1,204.0
888,130954,1997-07-13,Toys,TY5300,1,2040.0
889,157794,1997-12-02,Sports,SP3300,1,2041.0
890,187853,1998-05-08,Gardening,GD4100,2,2042.0
891,202511,1998-07-10,Sports,SP3000,1,2043.0
892,226081,1998-10-18,Toys,TY1400,1,2044.0
893,226081,1998-10-18,Toys,TY1850,1,2045.0
894,226081,1998-10-18,Toys,TY2200,1,2046.0
895,226081,1998-10-18,Toys,TY4600,1,2047.0
896,230095,1998-11-04,Software,SW9521,1,2048.0
897,103076,2000-05-14,Pets,PT1200,1,2049.0
898,103076,2000-05-14,Pets,PT2100,2,205.0
899,103076,2000-05-14,Pets,PT3500,3,2050.0
900,108833,2000-06-21,Gardening,GD2000,1,2051.0
901,130954,2000-10-20,Toys,TY1300,3,2052.0
902,130954,2000-10-20,Toys,TY4200,1,2053.0
903,130954,2000-10-20,Toys,TY5300,1,2054.0
904,157794,2001-03-11,Sports,SP3300,1,2055.0
905,109846,1997-03-20,Software,SW7221,1,2056.0
906,129859,1997-07-07,Gardening,GD2000,1,2057.0
907,129858,1997-07-07,Pets,PT1000,1,2058.0
908,129858,1997-07-07,Pets,PT2400,4,2059.0
909,129858,1997-07-07,Pets,PT3500,1,206.0
910,130781,1997-07-12,Pets,PT2000,1,2060.0
911,130781,1997-07-12,Pets,PT2400,1,2061.0
912,130781,1997-07-12,Pets,PT3500,2,2062.0
913,130781,1997-07-12,Pets,PT4300,1,2063.0
914,144716,1997-09-23,Pets,PT3500,1,2064.0
915,150046,1997-10-22,Gardening,GD2300,1,2065.0
916,152127,1997-11-02,Toys,TY2100,3,2066.0
917,155125,1997-11-18,Toys,TY4100,1,2067.0
918,164772,1998-01-10,Sports,SP2200,1,2068.0
919,178834,1998-03-28,Pets,PT1300,2,2069.0
920,201855,1998-07-07,Sports,SP3300,3,207.0
921,207156,1998-07-30,Collectibles,CC1200,3,2070.0
922,207156,1998-07-30,Collectibles,CC2100,2,2071.0
923,207156,1998-07-30,Collectibles,CC2400,1,2072.0
924,207156,1998-07-30,Collectibles,CC4700,1,2073.0
925,210242,1998-08-12,Pets,PT4300,1,2074.0
926,210460,1998-08-13,Sports,SP2500,4,2075.0
927,221359,1998-09-28,Toys,TY3400,1,2076.0
928,109846,2000-06-27,Software,SW7221,1,2077.0
929,129859,2000-10-14,Gardening,GD2000,1,2078.0
930,129858,2000-10-14,Pets,PT1000,1,2079.0
931,129858,2000-10-14,Pets,PT2400,4,208.0
932,129858,2000-10-14,Pets,PT3500,1,2080.0
933,130781,2000-10-19,Pets,PT2000,1,2081.0
934,130781,2000-10-19,Pets,PT2400,1,2082.0
935,130781,2000-10-19,Pets,PT3500,2,2083.0
936,130781,2000-10-19,Pets,PT4300,1,2084.0
937,144716,2000-12-31,Pets,PT3500,1,2085.0
938,150046,2001-01-29,Gardening,GD2300,1,2086.0
939,152127,2001-02-09,Toys,TY2100,3,2087.0
940,155125,2001-02-25,Toys,TY4100,1,2088.0
941,164772,2001-04-19,Sports,SP2200,1,2089.0
942,116980,1997-04-30,Toys,TY2500,1,209.0
943,140272,1997-08-31,Sports,SP2200,1,2090.0
944,141454,1997-09-06,Pets,PT4400,1,2091.0
945,158579,1997-12-06,Software,SW2927,1,2092.0
946,166197,1998-01-19,Sports,SP3300,1,2093.0
947,191079,1998-05-22,Pets,PT2000,1,2094.0
948,194744,1998-06-07,Toys,TY1850,4,2095.0
949,211677,1998-08-18,Toys,TY1300,1,2096.0
950,216638,1998-09-08,Sports,SP2400,1,2097.0
951,230101,1998-11-04,Pets,PT3200,2,2098.0
952,116980,2000-08-07,Toys,TY2500,1,2099.0
953,140272,2000-12-08,Sports,SP2200,1,21.0
954,141454,2000-12-14,Pets,PT4400,1,210.0
955,158579,2001-03-15,Software,SW2927,1,2100.0
956,166197,2001-04-28,Sports,SP3300,1,2101.0
957,130250,1997-07-09,Toys,TY4500,1,2102.0
958,170448,1998-02-13,Sports,SP2400,1,2103.0
959,202288,1998-07-09,Sports,SP2700,1,2104.0
960,210471,1998-08-13,Pets,PT1400,4,2105.0
961,228219,1998-10-27,Pets,PT3200,1,2106.0
962,228218,1998-10-27,Sports,SP2500,1,2107.0
963,238997,1998-12-12,Toys,TY3700,1,2108.0
964,130250,2000-10-16,Toys,TY4500,1,2109.0
965,170448,2001-05-23,Sports,SP2400,1,211.0
966,105061,1997-02-18,Sports,SP2000,1,2110.0
967,110513,1997-03-24,Pets,PT4300,1,2111.0
968,133446,1997-07-26,Software,SW3895,1,2112.0
969,133446,1997-07-26,Software,SW4550,1,2113.0
970,133446,1997-07-26,Software,SW6269,1,2114.0
971,156457,1997-11-25,Sports,SP3300,1,2115.0
972,165512,1998-01-15,Gardening,GD1300,1,2116.0
973,165512,1998-01-15,Gardening,GD2400,3,2117.0
974,165512,1998-01-15,Gardening,GD3100,1,2118.0
975,165512,1998-01-15,Gardening,GD4200,1,2119.0
976,194970,1998-06-08,Sports,SP2200,1,212.0
977,210248,1998-08-12,Sports,SP1300,1,2120.0
978,105061,2000-05-28,Sports,SP2000,1,2121.0
979,110513,2000-07-01,Pets,PT4300,1,2122.0
980,133446,2000-11-02,Software,SW3895,1,2123.0
981,133446,2000-11-02,Software,SW4550,1,2124.0
982,133446,2000-11-02,Software,SW6269,1,2125.0
983,156457,2001-03-04,Sports,SP3300,1,2126.0
984,165512,2001-04-24,Gardening,GD1300,1,2127.0
985,165512,2001-04-24,Gardening,GD2400,3,2128.0
986,165512,2001-04-24,Gardening,GD3100,1,2129.0
987,165512,2001-04-24,Gardening,GD4200,1,213.0
988,120372,1997-05-18,Sports,SP1000,1,2130.0
989,156460,1997-11-25,Pets,PT4300,4,2131.0
990,172117,1998-02-22,Software,SW3895,4,2132.0
991,199006,1998-06-25,Sports,SP1100,1,2133.0
992,199257,1998-06-26,Sports,SP1000,4,2134.0
993,199257,1998-06-26,Sports,SP1100,4,2135.0
994,199257,1998-06-26,Sports,SP3400,1,2136.0
995,224732,1998-10-12,Pets,PT1300,4,2137.0
996,225389,1998-10-15,Software,SW6531,1,2138.0
997,120372,2000-08-25,Sports,SP1000,1,2139.0
998,156460,2001-03-04,Pets,PT4300,4,214.0
999,110859,1997-03-26,Sports,SP1000,3,2140.0
1000,110859,1997-03-26,Sports,SP1400,4,2141.0
1001,110859,1997-03-26,Sports,SP2400,1,2142.0
1002,126048,1997-06-17,Sports,SP2200,3,2143.0
1003,186297,1998-05-01,Gardening,GD4000,1,2144.0
1004,189914,1998-05-17,Gardening,GD3000,1,2145.0
1005,189914,1998-05-17,Gardening,GD3200,1,2146.0
1006,189914,1998-05-17,Gardening,GD3400,1,2147.0
1007,189914,1998-05-17,Gardening,GD4000,4,2148.0
1008,215864,1998-09-05,Software,SW2147,1,2149.0
1009,230346,1998-11-05,Collectibles,CC3200,1,215.0
1010,110859,2000-07-03,Sports,SP1000,3,2150.0
1011,110859,2000-07-03,Sports,SP1400,4,2151.0
1012,110859,2000-07-03,Sports,SP2400,1,2152.0
1013,126048,2000-09-24,Sports,SP2200,3,2153.0
1014,104191,1997-02-12,Pets,PT4400,4,2154.0
1015,106795,1997-03-01,Collectibles,CC4200,1,2155.0
1016,144919,1997-09-24,Toys,TY2400,1,2156.0
1017,174794,1998-03-08,Pets,PT3500,4,2157.0
1018,182299,1998-04-13,Sports,SP1200,1,2158.0
1019,196437,1998-06-14,Pets,PT3200,1,2159.0
1020,215436,1998-09-03,Sports,SP3100,1,216.0
1021,217344,1998-09-11,Toys,TY4600,1,2160.0
1022,223098,1998-10-05,Software,SW8511,2,2161.0
1023,238548,1998-12-10,Toys,TY1600,4,2162.0
1024,104191,2000-05-22,Pets,PT4400,4,2163.0
1025,106795,2000-06-08,Collectibles,CC4200,1,2164.0
1026,144919,2001-01-01,Toys,TY2400,1,2165.0
1027,104623,1997-02-15,Gardening,GD4000,2,2166.0
1028,105845,1997-02-23,Pets,PT4200,1,2167.0
1029,107261,1997-03-04,Sports,SP1300,1,2168.0
1030,113781,1997-04-12,Collectibles,CC1500,4,2169.0
1031,122048,1997-05-27,Gardening,GD2200,4,217.0
1032,159712,1997-12-12,Toys,TY1650,1,2170.0
1033,159712,1997-12-12,Toys,TY1900,1,2171.0
1034,159712,1997-12-12,Toys,TY2500,4,2172.0
1035,159712,1997-12-12,Toys,TY3800,2,2173.0
1036,160841,1997-12-18,Pets,PT4500,1,2174.0
1037,169037,1998-02-05,Sports,SP3300,1,2175.0
1038,195464,1998-06-10,Sports,SP2200,1,2176.0
1039,195464,1998-06-10,Sports,SP3200,1,2177.0
1040,195464,1998-06-10,Sports,SP3300,2,2178.0
1041,210714,1998-08-14,Gardening,GD2000,3,2179.0
1042,224503,1998-10-11,Toys,TY3500,1,218.0
1043,239450,1998-12-14,Sports,SP1400,1,2180.0
1044,104623,2000-05-25,Gardening,GD4000,2,2181.0
1045,105845,2000-06-02,Pets,PT4200,1,2182.0
1046,107261,2000-06-11,Sports,SP1300,1,2183.0
1047,113781,2000-07-20,Collectibles,CC1500,4,2184.0
1048,122048,2000-09-03,Gardening,GD2200,4,2185.0
1049,159712,2001-03-21,Toys,TY1650,1,2186.0
1050,159712,2001-03-21,Toys,TY1900,1,2187.0
1051,159712,2001-03-21,Toys,TY2500,4,2188.0
1052,159712,2001-03-21,Toys,TY3800,2,2189.0
1053,160841,2001-03-27,Pets,PT4500,1,219.0
1054,169037,2001-05-15,Sports,SP3300,1,2190.0
1055,106798,1997-03-01,Sports,SP2600,3,2191.0
1056,112876,1997-04-07,Gardening,GD3100,1,2192.0
1057,118679,1997-05-09,Software,SW3625,1,2193.0
1058,124299,1997-06-08,Sports,SP1000,1,2194.0
1059,134006,1997-07-29,Pets,PT3300,3,2195.0
1060,137459,1997-08-16,Sports,SP1200,1,2196.0
1061,151044,1997-10-27,Toys,TY5200,1,2197.0
1062,161643,1997-12-22,Sports,SP2400,2,2198.0
1063,163414,1998-01-01,Gardening,GD1100,1,2199.0
1064,173069,1998-02-27,Gardening,GD1300,1,22.0
1065,185619,1998-04-28,Gardening,GD3400,1,220.0
1066,188756,1998-05-12,Gardening,GD4000,3,2200.0
1067,193875,1998-06-03,Pets,PT1400,1,2201.0
1068,211953,1998-08-19,Toys,TY1300,1,2202.0
1069,212875,1998-08-23,Sports,SP2500,2,2203.0
1070,217597,1998-09-12,Toys,TY4600,1,2204.0
1071,230352,1998-11-05,Sports,SP2400,3,2205.0
1072,106798,2000-06-08,Sports,SP2600,3,2206.0
1073,112876,2000-07-15,Gardening,GD3100,1,2207.0
1074,118679,2000-08-16,Software,SW3625,1,2208.0
1075,124299,2000-09-15,Sports,SP1000,1,2209.0
1076,134006,2000-11-05,Pets,PT3300,3,221.0
1077,137459,2000-11-23,Sports,SP1200,1,2210.0
1078,151044,2001-02-03,Toys,TY5200,1,2211.0
1079,161643,2001-03-31,Sports,SP2400,2,2212.0
1080,163414,2001-04-10,Gardening,GD1100,1,2213.0
1081,105065,1997-02-18,Toys,TY5400,1,2214.0
1082,120543,1997-05-19,Gardening,GD3400,1,2215.0
1083,132656,1997-07-22,Toys,TY3500,4,2216.0
1084,186080,1998-04-30,Software,SW7573,1,2217.0
1085,239671,1998-12-15,Toys,TY1950,1,2218.0
1086,105065,2000-05-28,Toys,TY5400,1,2219.0
1087,120543,2000-08-26,Gardening,GD3400,1,222.0
1088,132656,2000-10-29,Toys,TY3500,4,2220.0
1089,111204,1997-03-28,Gardening,GD2400,1,2221.0
1090,135923,1997-08-08,Sports,SP1100,1,2222.0
1091,142380,1997-09-11,Pets,PT2300,2,2223.0
1092,142788,1997-09-13,Toys,TY2500,1,2224.0
1093,145808,1997-09-29,Toys,TY1400,1,2225.0
1094,146398,1997-10-02,Toys,TY3100,1,2226.0
1095,176004,1998-03-14,Toys,TY1850,1,2227.0
1096,177392,1998-03-21,Gardening,GD2000,1,2228.0
1097,184968,1998-04-25,Sports,SP3200,1,2229.0
1098,198355,1998-06-22,Sports,SP2700,4,223.0
1099,215871,1998-09-05,Software,SW1991,1,2230.0
1100,215871,1998-09-05,Software,SW2147,1,2231.0
1101,215871,1998-09-05,Software,SW2147,1,2232.0
1102,215871,1998-09-05,Software,SW7935,1,2233.0
1103,219261,1998-09-19,Gardening,GD1100,1,2234.0
1104,221857,1998-09-30,Sports,SP1300,1,2235.0
1105,240639,1998-12-19,Pets,PT3400,2,2236.0
1106,111204,2000-07-05,Gardening,GD2400,1,2237.0
1107,135923,2000-11-15,Sports,SP1100,1,2238.0
1108,142380,2000-12-19,Pets,PT2300,2,2239.0
1109,142788,2000-12-21,Toys,TY2500,1,224.0
1110,145808,2001-01-06,Toys,TY1400,1,2240.0
1111,146398,2001-01-09,Toys,TY3100,1,2241.0
1112,117753,1997-05-04,Sports,SP2300,1,2242.0
1113,126407,1997-06-19,Pets,PT4200,1,2243.0
1114,156275,1997-11-24,Toys,TY4600,1,2244.0
1115,165075,1998-01-12,Pets,PT1100,1,2245.0
1116,165075,1998-01-12,Pets,PT2100,2,2246.0
1117,165075,1998-01-12,Pets,PT4300,3,2247.0
1118,174801,1998-03-08,Toys,TY3700,1,2248.0
1119,211697,1998-08-18,Sports,SP3000,1,2249.0
1120,215450,1998-09-03,Pets,PT3100,3,225.0
1121,232688,1998-11-15,Sports,SP2400,4,2250.0
1122,239012,1998-12-12,Sports,SP3100,1,2251.0
1123,239673,1998-12-15,Toys,TY2100,4,2252.0
1124,240401,1998-12-18,Toys,TY1750,1,2253.0
1125,240401,1998-12-18,Toys,TY2100,1,2254.0
1126,240401,1998-12-18,Toys,TY4700,1,2255.0
1127,117753,2000-08-11,Sports,SP2300,1,2256.0
1128,126407,2000-09-26,Pets,PT4200,1,2257.0
1129,156275,2001-03-03,Toys,TY4600,1,2258.0
1130,165075,2001-04-21,Pets,PT1100,1,2259.0
1131,165075,2001-04-21,Pets,PT2100,2,226.0
1132,165075,2001-04-21,Pets,PT4300,3,2260.0
1133,102137,1997-01-28,Gardening,GD3400,1,2261.0
1134,102695,1997-02-01,Pets,PT2000,1,2262.0
1135,102695,1997-02-01,Pets,PT4100,1,2263.0
1136,102695,1997-02-01,Pets,PT4500,1,2264.0
1137,112505,1997-04-05,Sports,SP1600,4,2265.0
1138,166210,1998-01-19,Software,SW1991,1,2266.0
1139,170880,1998-02-15,Sports,SP2000,4,2267.0
1140,172125,1998-02-22,Gardening,GD1400,3,2268.0
1141,201877,1998-07-07,Sports,SP2300,1,2269.0
1142,214491,1998-08-30,Software,SW2147,2,227.0
1143,214491,1998-08-30,Software,SW3545,1,2270.0
1144,214491,1998-08-30,Software,SW6531,1,2271.0
1145,216398,1998-09-07,Gardening,GD1200,1,2272.0
1146,226610,1998-10-20,Toys,TY4200,4,2273.0
1147,228471,1998-10-28,Software,SW3895,4,2274.0
1148,233651,1998-11-19,Sports,SP2400,1,2275.0
1149,234780,1998-11-24,Sports,SP1100,1,2276.0
1150,102137,2000-05-07,Gardening,GD3400,1,2277.0
1151,102695,2000-05-11,Pets,PT2000,1,2278.0
1152,102695,2000-05-11,Pets,PT4100,1,2279.0
1153,102695,2000-05-11,Pets,PT4500,1,228.0
1154,112505,2000-07-13,Sports,SP1600,4,2280.0
1155,166210,2001-04-28,Software,SW1991,1,2281.0
1156,170880,2001-05-25,Sports,SP2000,4,2282.0
1157,112677,1997-04-06,Gardening,GD1001,1,2283.0
1158,116996,1997-04-30,Sports,SP2000,1,2284.0
1159,121129,1997-05-22,Pets,PT1100,1,2285.0
1160,121129,1997-05-22,Pets,PT1400,3,2286.0
1161,121129,1997-05-22,Pets,PT2200,1,2287.0
1162,125077,1997-06-12,Toys,TY4300,4,2288.0
1163,144352,1997-09-21,Sports,SP2500,1,2289.0
1164,176807,1998-03-18,Gardening,GD1200,1,229.0
1165,176807,1998-03-18,Gardening,GD1300,1,2290.0
1166,176807,1998-03-18,Gardening,GD3100,1,2291.0
1167,196447,1998-06-14,Toys,TY5100,1,2292.0
1168,215452,1998-09-03,Sports,SP1300,1,2293.0
1169,215452,1998-09-03,Sports,SP2500,1,2294.0
1170,215452,1998-09-03,Sports,SP3000,1,2295.0
1171,233409,1998-11-18,Sports,SP2000,2,2296.0
1172,233409,1998-11-18,Sports,SP2300,2,2297.0
1173,233409,1998-11-18,Sports,SP2700,1,2298.0
1174,233409,1998-11-18,Sports,SP3000,1,2299.0
1175,112677,2000-07-14,Gardening,GD1001,1,23.0
1176,116996,2000-08-07,Sports,SP2000,1,230.0
1177,121129,2000-08-29,Pets,PT1100,1,2300.0
1178,121129,2000-08-29,Pets,PT1400,3,2301.0
1179,121129,2000-08-29,Pets,PT2200,1,2302.0
1180,125077,2000-09-19,Toys,TY4300,4,2303.0
1181,144352,2000-12-29,Sports,SP2500,1,2304.0
1182,114466,1997-04-16,Sports,SP1400,1,2305.0
1183,121131,1997-05-22,Gardening,GD3100,1,2306.0
1184,129279,1997-07-04,Toys,TY1700,1,2307.0
1185,146602,1997-10-03,Software,SW7935,1,2308.0
1186,157823,1997-12-02,Pets,PT2000,1,2309.0
1187,157823,1997-12-02,Pets,PT2100,2,231.0
1188,157823,1997-12-02,Pets,PT3100,3,2310.0
1189,157823,1997-12-02,Pets,PT3300,1,2311.0
1190,165862,1998-01-17,Gardening,GD1300,2,2312.0
1191,169210,1998-02-06,Sports,SP3400,1,2313.0
1192,176210,1998-03-15,Software,SW7383,1,2314.0
1193,177198,1998-03-20,Sports,SP2600,1,2315.0
1194,177198,1998-03-20,Sports,SP3400,1,2316.0
1195,190862,1998-05-21,Sports,SP3300,1,2317.0
1196,193608,1998-06-02,Collectibles,CC3300,4,2318.0
1197,207418,1998-07-31,Toys,TY1850,1,2319.0
1198,216129,1998-09-06,Sports,SP1000,1,232.0
1199,216129,1998-09-06,Sports,SP2600,1,2320.0
1200,216129,1998-09-06,Sports,SP2700,1,2321.0
1201,216129,1998-09-06,Sports,SP3200,1,2322.0
1202,221632,1998-09-29,Toys,TY2600,1,2323.0
1203,221632,1998-09-29,Toys,TY3500,1,2324.0
1204,221632,1998-09-29,Toys,TY5100,1,2325.0
1205,221864,1998-09-30,Gardening,GD3100,1,2326.0
1206,114466,2000-07-24,Sports,SP1400,1,2327.0
1207,121131,2000-08-29,Gardening,GD3100,1,2328.0
1208,129279,2000-10-11,Toys,TY1700,1,2329.0
1209,146602,2001-01-10,Software,SW7935,1,233.0
1210,157823,2001-03-11,Pets,PT2000,1,2330.0
1211,157823,2001-03-11,Pets,PT2100,2,2331.0
1212,157823,2001-03-11,Pets,PT3100,3,2332.0
1213,157823,2001-03-11,Pets,PT3300,1,2333.0
1214,165862,2001-04-26,Gardening,GD1300,2,2334.0
1215,169210,2001-05-16,Sports,SP3400,1,2335.0
1216,104483,1997-02-14,Sports,SP3200,1,2336.0
1217,136327,1997-08-10,Toys,TY1650,1,2337.0
1218,136327,1997-08-10,Toys,TY1750,1,2338.0
1219,136327,1997-08-10,Toys,TY3700,1,2339.0
1220,136327,1997-08-10,Toys,TY4300,3,234.0
1221,143183,1997-09-15,Pets,PT1400,1,2340.0
1222,143183,1997-09-15,Pets,PT3300,1,2341.0
1223,143183,1997-09-15,Pets,PT4200,1,2342.0
1224,160286,1997-12-15,Software,SW4825,3,2343.0
1225,207864,1998-08-02,Sports,SP3000,3,2344.0
1226,226837,1998-10-21,Sports,SP2200,1,2345.0
1227,104483,2000-05-24,Sports,SP3200,1,2346.0
1228,136327,2000-11-17,Toys,TY1650,1,2347.0
1229,136327,2000-11-17,Toys,TY1750,1,2348.0
1230,136327,2000-11-17,Toys,TY3700,1,2349.0
1231,136327,2000-11-17,Toys,TY4300,3,235.0
1232,143183,2000-12-23,Pets,PT1400,1,2350.0
1233,143183,2000-12-23,Pets,PT3300,1,2351.0
1234,143183,2000-12-23,Pets,PT4200,1,2352.0
1235,160286,2001-03-24,Software,SW4825,3,2353.0
1236,105851,1997-02-23,Gardening,GD1500,1,2354.0
1237,112885,1997-04-07,Toys,TY1200,1,2355.0
1238,112885,1997-04-07,Toys,TY2200,2,2356.0
1239,112885,1997-04-07,Toys,TY2500,1,2357.0
1240,112885,1997-04-07,Toys,TY5100,1,2358.0
1241,126062,1997-06-17,Gardening,GD1500,1,2359.0
1242,126062,1997-06-17,Gardening,GD2000,3,236.0
1243,132120,1997-07-19,Pets,PT1300,4,2360.0
1244,132120,1997-07-19,Pets,PT2100,1,2361.0
1245,132120,1997-07-19,Pets,PT2300,1,2362.0
1246,147674,1997-10-09,Toys,TY3200,1,2363.0
1247,172903,1998-02-26,Gardening,GD1001,1,2364.0
1248,192682,1998-05-29,Toys,TY1900,1,2365.0
1249,212171,1998-08-20,Toys,TY1300,3,2366.0
1250,220925,1998-09-26,Software,SW8511,3,2367.0
1251,234314,1998-11-22,Sports,SP1100,1,2368.0
1252,242413,1998-12-27,Pets,PT1200,1,2369.0
1253,105851,2000-06-02,Gardening,GD1500,1,237.0
1254,112885,2000-07-15,Toys,TY1200,1,2370.0
1255,112885,2000-07-15,Toys,TY2200,2,2371.0
1256,112885,2000-07-15,Toys,TY2500,1,2372.0
1257,112885,2000-07-15,Toys,TY5100,1,2373.0
1258,126062,2000-09-24,Gardening,GD1500,1,2374.0
1259,126062,2000-09-24,Gardening,GD2000,3,2375.0
1260,132120,2000-10-26,Pets,PT1300,4,2376.0
1261,132120,2000-10-26,Pets,PT2100,1,2377.0
1262,132120,2000-10-26,Pets,PT2300,1,2378.0
1263,147674,2001-01-16,Toys,TY3200,1,2379.0
1264,100924,1997-01-19,Pets,PT2300,1,238.0
1265,113985,1997-04-13,Pets,PT4500,4,2380.0
1266,128482,1997-06-30,Sports,SP3100,1,2381.0
1267,132123,1997-07-19,Sports,SP1000,4,2382.0
1268,132123,1997-07-19,Sports,SP1300,2,2383.0
1269,132123,1997-07-19,Sports,SP1500,1,2384.0
1270,132123,1997-07-19,Sports,SP2500,4,2385.0
1271,188322,1998-05-10,Pets,PT3500,4,2386.0
1272,191545,1998-05-24,Toys,TY1850,4,2387.0
1273,193368,1998-06-01,Gardening,GD1010,1,2388.0
1274,207868,1998-08-02,Sports,SP1000,1,2389.0
1275,212399,1998-08-21,Sports,SP1000,1,239.0
1276,227317,1998-10-23,Pets,PT2400,3,2390.0
1277,227317,1998-10-23,Pets,PT3400,1,2391.0
1278,227317,1998-10-23,Pets,PT4300,1,2392.0
1279,227317,1998-10-23,Pets,PT4400,1,2393.0
1280,100924,2000-04-28,Pets,PT2300,1,2394.0
1281,113985,2000-07-21,Pets,PT4500,4,2395.0
1282,128482,2000-10-07,Sports,SP3100,1,2396.0
1283,132123,2000-10-26,Sports,SP1000,4,2397.0
1284,132123,2000-10-26,Sports,SP1300,2,2398.0
1285,132123,2000-10-26,Sports,SP1500,1,2399.0
1286,132123,2000-10-26,Sports,SP2500,4,24.0
1287,107118,1997-03-03,Sports,SP1600,1,240.0
1288,116084,1997-04-25,Sports,SP2000,1,2400.0
1289,118694,1997-05-09,Gardening,GD3000,1,2401.0
1290,135382,1997-08-05,Pets,PT3200,1,2402.0
1291,145118,1997-09-25,Pets,PT3300,1,2403.0
1292,146789,1997-10-04,Toys,TY2500,2,2404.0
1293,186092,1998-04-30,Toys,TY4300,2,2405.0
1294,192462,1998-05-28,Collectibles,CC4300,1,2406.0
1295,200227,1998-06-30,Toys,TY5300,1,2407.0
1296,215681,1998-09-04,Gardening,GD4300,1,2408.0
1297,220455,1998-09-24,Toys,TY4300,1,2409.0
1298,238326,1998-12-09,Pets,PT1100,1,241.0
1299,107118,2000-06-10,Sports,SP1600,1,2410.0
1300,116084,2000-08-02,Sports,SP2000,1,2411.0
1301,118694,2000-08-16,Gardening,GD3000,1,2412.0
1302,135382,2000-11-12,Pets,PT3200,1,2413.0
1303,145118,2001-01-02,Pets,PT3300,1,2414.0
1304,146789,2001-01-11,Toys,TY2500,2,2415.0
1305,117177,1997-05-01,Collectibles,CC4700,1,2416.0
1306,117759,1997-05-04,Toys,TY4700,1,2417.0
1307,132671,1997-07-22,Pets,PT2200,4,2418.0
1308,184978,1998-04-25,Collectibles,CC2300,3,2419.0
1309,199504,1998-06-27,Gardening,GD2200,1,242.0
1310,241552,1998-12-23,Toys,TY1800,3,2420.0
1311,117177,2000-08-08,Collectibles,CC4700,1,2421.0
1312,117759,2000-08-11,Toys,TY4700,1,2422.0
1313,132671,2000-10-29,Pets,PT2200,4,2423.0
1314,113810,1997-04-12,Sports,SP3300,4,2424.0
1315,121334,1997-05-23,Sports,SP3200,3,2425.0
1316,123199,1997-06-02,Toys,TY1100,1,2426.0
1317,146405,1997-10-02,Pets,PT3200,3,2427.0
1318,155900,1997-11-22,Toys,TY3800,1,2428.0
1319,164490,1998-01-08,Pets,PT4200,4,2429.0
1320,170264,1998-02-12,Gardening,GD1100,3,243.0
1321,175208,1998-03-10,Sports,SP1000,1,2430.0
1322,175208,1998-03-10,Sports,SP1400,2,2431.0
1323,175208,1998-03-10,Sports,SP1600,1,2432.0
1324,175208,1998-03-10,Sports,SP2000,1,2433.0
1325,203245,1998-07-13,Sports,SP3100,1,2434.0
1326,226117,1998-10-18,Pets,PT1200,3,2435.0
1327,226117,1998-10-18,Pets,PT3300,4,2436.0
1328,226117,1998-10-18,Pets,PT3500,4,2437.0
1329,229193,1998-10-31,Sports,SP2200,1,2438.0
1330,229193,1998-10-31,Sports,SP2400,1,2439.0
1331,229193,1998-10-31,Sports,SP2600,1,244.0
1332,229193,1998-10-31,Sports,SP3300,1,2440.0
1333,232703,1998-11-15,Sports,SP1600,3,2441.0
1334,232703,1998-11-15,Sports,SP2300,1,2442.0
1335,232703,1998-11-15,Sports,SP2400,1,2443.0
1336,232703,1998-11-15,Sports,SP2700,1,2444.0
1337,113810,2000-07-20,Sports,SP3300,4,2445.0
1338,121334,2000-08-30,Sports,SP3200,3,2446.0
1339,123199,2000-09-09,Toys,TY1100,1,2447.0
1340,146405,2001-01-09,Pets,PT3200,3,2448.0
1341,155900,2001-03-01,Toys,TY3800,1,2449.0
1342,164490,2001-04-17,Pets,PT4200,4,245.0
1343,170264,2001-05-22,Gardening,GD1100,3,2450.0
1344,101732,1997-01-25,Sports,SP2500,1,2451.0
1345,107772,1997-03-07,Pets,PT4100,1,2452.0
1346,141099,1997-09-04,Pets,PT1100,1,2453.0
1347,141099,1997-09-04,Pets,PT2300,3,2454.0
1348,141099,1997-09-04,Pets,PT2400,1,2455.0
1349,142800,1997-09-13,Toys,TY2200,1,2456.0
1350,144936,1997-09-24,Toys,TY2600,1,2457.0
1351,144936,1997-09-24,Toys,TY3200,1,2458.0
1352,144936,1997-09-24,Toys,TY5200,1,2459.0
1353,155153,1997-11-18,Sports,SP1000,1,246.0
1354,155153,1997-11-18,Sports,SP2200,1,2460.0
1355,155153,1997-11-18,Sports,SP2400,1,2461.0
1356,171966,1998-02-21,Pets,PT1300,4,2462.0
1357,176609,1998-03-17,Gardening,GD3000,1,2463.0
1358,181661,1998-04-10,Gardening,GD2400,1,2464.0
1359,186541,1998-05-02,Pets,PT2200,1,2465.0
1360,210736,1998-08-14,Gardening,GD2300,4,2466.0
1361,211476,1998-08-17,Sports,SP1400,1,2467.0
1362,215686,1998-09-04,Sports,SP3200,1,2468.0
1363,224305,1998-10-10,Sports,SP1000,1,2469.0
1364,229422,1998-11-01,Toys,TY1700,2,247.0
1365,229422,1998-11-01,Toys,TY1750,1,2470.0
1366,229422,1998-11-01,Toys,TY4300,4,2471.0
1367,101732,2000-05-04,Sports,SP2500,1,2472.0
1368,107772,2000-06-14,Pets,PT4100,1,2473.0
1369,141099,2000-12-12,Pets,PT1100,1,2474.0
1370,141099,2000-12-12,Pets,PT2300,3,2475.0
1371,141099,2000-12-12,Pets,PT2400,1,2476.0
1372,142800,2000-12-21,Toys,TY2200,1,2477.0
1373,144936,2001-01-01,Toys,TY2600,1,2478.0
1374,144936,2001-01-01,Toys,TY3200,1,2479.0
1375,144936,2001-01-01,Toys,TY5200,1,248.0
1376,155153,2001-02-25,Sports,SP1000,1,2480.0
1377,155153,2001-02-25,Sports,SP2200,1,2481.0
1378,155153,2001-02-25,Sports,SP2400,1,2482.0
1379,171966,2001-05-31,Pets,PT1300,4,2483.0
1380,128292,1997-06-29,Pets,PT2100,1,2484.0
1381,134460,1997-07-31,Toys,TY1300,3,2485.0
1382,147495,1997-10-08,Toys,TY2700,1,2486.0
1383,148417,1997-10-13,Toys,TY3800,1,2487.0
1384,156864,1997-11-27,Software,SW7383,1,2488.0
1385,204608,1998-07-19,Sports,SP2400,3,2489.0
1386,206018,1998-07-25,Sports,SP2400,4,249.0
1387,209800,1998-08-10,Pets,PT1000,1,2490.0
1388,128292,2000-10-06,Pets,PT2100,1,2491.0
1389,134460,2000-11-07,Toys,TY1300,3,2492.0
1390,147495,2001-01-15,Toys,TY2700,1,2493.0
1391,148417,2001-01-20,Toys,TY3800,1,2494.0
1392,156864,2001-03-06,Software,SW7383,1,2495.0
1393,99178,1997-01-05,Sports,SP1000,2,2496.0
1394,99570,1997-01-08,Pets,PT4100,1,2497.0
1395,101585,1997-01-24,Sports,SP1000,1,2498.0
1396,101585,1997-01-24,Sports,SP1400,2,2499.0
1397,101585,1997-01-24,Sports,SP2300,4,25.0
1398,101585,1997-01-24,Sports,SP2300,1,250.0
1399,113446,1997-04-10,Sports,SP1100,2,2500.0
1400,118703,1997-05-09,Pets,PT2100,1,2501.0
1401,122646,1997-05-30,Gardening,GD1010,1,2502.0
1402,122646,1997-05-30,Gardening,GD1200,3,2503.0
1403,122646,1997-05-30,Gardening,GD3300,4,2504.0
1404,122646,1997-05-30,Gardening,GD4200,1,2505.0
1405,162224,1997-12-25,Sports,SP2400,1,2506.0
1406,170093,1998-02-11,Sports,SP2200,1,2507.0
1407,184990,1998-04-25,Pets,PT1200,3,2508.0
1408,184990,1998-04-25,Pets,PT3500,4,2509.0
1409,184990,1998-04-25,Pets,PT4500,1,251.0
1410,206971,1998-07-29,Gardening,GD1100,1,2510.0
1411,213614,1998-08-26,Toys,TY3300,1,2511.0
1412,217624,1998-09-12,Sports,SP2200,1,2512.0
1413,217624,1998-09-12,Sports,SP2400,1,2513.0
1414,217625,1998-09-12,Sports,SP2600,1,2514.0
1415,217624,1998-09-12,Sports,SP3100,1,2515.0
1416,220934,1998-09-26,Pets,PT2100,2,2516.0
1417,99178,2000-04-14,Sports,SP1000,2,2517.0
1418,99570,2000-04-17,Pets,PT4100,1,2518.0
1419,101585,2000-05-03,Sports,SP1000,1,2519.0
1420,101585,2000-05-03,Sports,SP1400,2,252.0
1421,101585,2000-05-03,Sports,SP2300,4,2520.0
1422,101585,2000-05-03,Sports,SP2300,1,2521.0
1423,113446,2000-07-18,Sports,SP1100,2,2522.0
1424,118703,2000-08-16,Pets,PT2100,1,2523.0
1425,122646,2000-09-06,Gardening,GD1010,1,2524.0
1426,122646,2000-09-06,Gardening,GD1200,3,2525.0
1427,122646,2000-09-06,Gardening,GD3300,4,2526.0
1428,122646,2000-09-06,Gardening,GD4200,1,2527.0
1429,162224,2001-04-03,Sports,SP2400,1,2528.0
1430,170093,2001-05-21,Sports,SP2200,1,2529.0
1431,110394,1997-03-23,Toys,TY3200,1,253.0
1432,120014,1997-05-16,Gardening,GD2200,1,2530.0
1433,133464,1997-07-26,Toys,TY3100,1,2531.0
1434,148237,1997-10-12,Software,SW5338,3,2532.0
1435,158426,1997-12-05,Pets,PT1100,1,2533.0
1436,184142,1998-04-21,Sports,SP2600,1,2534.0
1437,214770,1998-08-31,Pets,PT1100,1,2535.0
1438,214770,1998-08-31,Pets,PT2000,4,2536.0
1439,214770,1998-08-31,Pets,PT3500,1,2537.0
1440,228977,1998-10-30,Software,SW4825,2,2538.0
1441,235230,1998-11-26,Pets,PT2100,3,2539.0
1442,235230,1998-11-26,Pets,PT3200,1,254.0
1443,235230,1998-11-26,Pets,PT4500,1,2540.0
1444,235230,1998-11-26,Pets,PT4500,1,2541.0
1445,239923,1998-12-16,Toys,TY1750,1,2542.0
1446,239923,1998-12-16,Toys,TY2300,1,2543.0
1447,239923,1998-12-16,Toys,TY2700,1,2544.0
1448,239923,1998-12-16,Toys,TY5300,1,2545.0
1449,110394,2000-06-30,Toys,TY3200,1,2546.0
1450,120014,2000-08-23,Gardening,GD2200,1,2547.0
1451,133464,2000-11-02,Toys,TY3100,1,2548.0
1452,148237,2001-01-19,Software,SW5338,3,2549.0
1453,158426,2001-03-14,Pets,PT1100,1,255.0
1454,125874,1997-06-16,Sports,SP1000,2,2550.0
1455,149706,1997-10-20,Toys,TY1700,1,2551.0
1456,162411,1997-12-26,Pets,PT1000,1,2552.0
1457,162411,1997-12-26,Pets,PT1100,2,2553.0
1458,162411,1997-12-26,Pets,PT2400,3,2554.0
1459,178237,1998-03-25,Pets,PT2300,3,2555.0
1460,178237,1998-03-25,Pets,PT3100,1,2556.0
1461,178237,1998-03-25,Pets,PT4100,4,2557.0
1462,178237,1998-03-25,Pets,PT4500,4,2558.0
1463,200240,1998-06-30,Pets,PT2200,3,2559.0
1464,209045,1998-08-07,Software,SW2181,1,256.0
1465,215237,1998-09-02,Toys,TY2300,1,2560.0
1466,215237,1998-09-02,Toys,TY3100,1,2561.0
1467,215237,1998-09-02,Toys,TY3800,1,2562.0
1468,218799,1998-09-17,Toys,TY1700,2,2563.0
1469,219285,1998-09-19,Pets,PT2200,1,2564.0
1470,219772,1998-09-21,Sports,SP1200,2,2565.0
1471,222628,1998-10-03,Toys,TY1850,1,2566.0
1472,125874,2000-09-23,Sports,SP1000,2,2567.0
1473,149706,2001-01-27,Toys,TY1700,1,2568.0
1474,162411,2001-04-04,Pets,PT1000,1,2569.0
1475,162411,2001-04-04,Pets,PT1100,2,257.0
1476,162411,2001-04-04,Pets,PT2400,3,2570.0
1477,100686,1997-01-17,Pets,PT4100,1,2571.0
1478,111362,1997-03-29,Sports,SP2600,1,2572.0
1479,122459,1997-05-29,Gardening,GD3400,2,2573.0
1480,126766,1997-06-21,Sports,SP1100,1,2574.0
1481,136346,1997-08-10,Toys,TY5200,2,2575.0
1482,138565,1997-08-22,Pets,PT2000,1,2576.0
1483,148425,1997-10-13,Toys,TY4500,2,2577.0
1484,158219,1997-12-04,Toys,TY1600,1,2578.0
1485,158219,1997-12-04,Toys,TY1750,4,2579.0
1486,158219,1997-12-04,Toys,TY3100,4,258.0
1487,158219,1997-12-04,Toys,TY3800,2,2580.0
1488,170691,1998-02-14,Pets,PT4600,1,2581.0
1489,223364,1998-10-06,Toys,TY1850,3,2582.0
1490,223599,1998-10-07,Software,SW8511,1,2583.0
1491,228981,1998-10-30,Sports,SP1000,4,2584.0
1492,228981,1998-10-30,Sports,SP2200,3,2585.0
1493,228981,1998-10-30,Sports,SP2400,1,2586.0
1494,228981,1998-10-30,Sports,SP2600,1,2587.0
1495,100686,2000-04-26,Pets,PT4100,1,2588.0
1496,111362,2000-07-06,Sports,SP2600,1,2589.0
1497,122459,2000-09-05,Gardening,GD3400,2,259.0
1498,126766,2000-09-28,Sports,SP1100,1,2590.0
1499,136346,2000-11-17,Toys,TY5200,2,2591.0
1500,138565,2000-11-29,Pets,PT2000,1,2592.0
1501,148425,2001-01-20,Toys,TY4500,2,2593.0
1502,158219,2001-03-13,Toys,TY1600,1,2594.0
1503,158219,2001-03-13,Toys,TY1750,4,2595.0
1504,158219,2001-03-13,Toys,TY3100,4,2596.0
1505,158219,2001-03-13,Toys,TY3800,2,2597.0
1506,170691,2001-05-24,Pets,PT4600,1,2598.0
1507,119835,1997-05-15,Sports,SP1500,1,2599.0
1508,128492,1997-06-30,Gardening,GD1200,3,26.0
1509,128492,1997-06-30,Gardening,GD2300,1,260.0
1510,128492,1997-06-30,Gardening,GD2400,3,2600.0
1511,128492,1997-06-30,Gardening,GD3300,1,2601.0
1512,128910,1997-07-02,Pets,PT3200,2,2602.0
1513,145830,1997-09-29,Toys,TY2600,1,2603.0
1514,165234,1998-01-13,Gardening,GD2100,1,2604.0
1515,165541,1998-01-15,Gardening,GD1010,1,2605.0
1516,165541,1998-01-15,Gardening,GD1100,3,2606.0
1517,165541,1998-01-15,Gardening,GD4000,1,2607.0
1518,167698,1998-01-28,Toys,TY2700,1,2608.0
1519,190881,1998-05-21,Pets,PT4600,1,2609.0
1520,119835,2000-08-22,Sports,SP1500,1,261.0
1521,128492,2000-10-07,Gardening,GD1200,3,2610.0
1522,128492,2000-10-07,Gardening,GD2300,1,2611.0
1523,128492,2000-10-07,Gardening,GD2400,3,2612.0
1524,128492,2000-10-07,Gardening,GD3300,1,2613.0
1525,128910,2000-10-09,Pets,PT3200,2,2614.0
1526,145830,2001-01-06,Toys,TY2600,1,2615.0
1527,165234,2001-04-22,Gardening,GD2100,1,2616.0
1528,165541,2001-04-24,Gardening,GD1010,1,2617.0
1529,165541,2001-04-24,Gardening,GD1100,3,2618.0
1530,165541,2001-04-24,Gardening,GD4000,1,2619.0
1531,167698,2001-05-07,Toys,TY2700,1,262.0
1532,128712,1997-07-01,Sports,SP1100,1,2620.0
1533,128712,1997-07-01,Sports,SP1200,4,2621.0
1534,128712,1997-07-01,Sports,SP1500,4,2622.0
1535,128712,1997-07-01,Sports,SP2700,3,2623.0
1536,145650,1997-09-28,Software,SW6180,1,2624.0
1537,156493,1997-11-25,Pets,PT1300,1,2625.0
1538,164789,1998-01-10,Pets,PT4500,1,2626.0
1539,189016,1998-05-13,Gardening,GD2300,1,2627.0
1540,197189,1998-06-17,Sports,SP2600,1,2628.0
1541,197189,1998-06-17,Sports,SP3100,3,2629.0
1542,197189,1998-06-17,Sports,SP3200,4,263.0
1543,202098,1998-07-08,Toys,TY1100,1,2630.0
1544,202098,1998-07-08,Toys,TY3800,3,2631.0
1545,202098,1998-07-08,Toys,TY4800,2,2632.0
1546,210504,1998-08-13,Software,SW3545,4,2633.0
1547,213376,1998-08-25,Sports,SP3400,1,2634.0
1548,224770,1998-10-12,Toys,TY5400,1,2635.0
1549,128712,2000-10-08,Sports,SP1100,1,2636.0
1550,128712,2000-10-08,Sports,SP1200,4,2637.0
1551,128712,2000-10-08,Sports,SP1500,4,2638.0
1552,128712,2000-10-08,Sports,SP2700,3,2639.0
1553,145650,2001-01-05,Software,SW6180,1,264.0
1554,156493,2001-03-04,Pets,PT1300,1,2640.0
1555,164789,2001-04-19,Pets,PT4500,1,2641.0
1556,132497,1997-07-21,Sports,SP1100,1,2642.0
1557,132497,1997-07-21,Sports,SP1600,1,2643.0
1558,132497,1997-07-21,Sports,SP2000,1,2644.0
1559,132497,1997-07-21,Sports,SP2600,1,2645.0
1560,146615,1997-10-03,Pets,PT2300,4,2646.0
1561,146615,1997-10-03,Pets,PT3500,2,2647.0
1562,146615,1997-10-03,Pets,PT4600,1,2648.0
1563,148429,1997-10-13,Sports,SP1100,1,2649.0
1564,148429,1997-10-13,Sports,SP1400,1,265.0
1565,148429,1997-10-13,Sports,SP2200,1,2650.0
1566,148429,1997-10-13,Sports,SP3300,1,2651.0
1567,150466,1997-10-24,Software,SW4825,1,2652.0
1568,191139,1998-05-22,Pets,PT2000,2,2653.0
1569,192012,1998-05-26,Toys,TY1100,1,2654.0
1570,192012,1998-05-26,Toys,TY1700,1,2655.0
1571,192012,1998-05-26,Toys,TY2500,1,2656.0
1572,192012,1998-05-26,Toys,TY4500,1,2657.0
1573,207652,1998-08-01,Sports,SP1200,1,2658.0
1574,215897,1998-09-05,Pets,PT3200,1,2659.0
1575,132497,2000-10-28,Sports,SP1100,1,266.0
1576,132497,2000-10-28,Sports,SP1600,1,2660.0
1577,132497,2000-10-28,Sports,SP2000,1,2661.0
1578,132497,2000-10-28,Sports,SP2600,1,2662.0
1579,146615,2001-01-10,Pets,PT2300,4,2663.0
1580,146615,2001-01-10,Pets,PT3500,2,2664.0
1581,146615,2001-01-10,Pets,PT4600,1,2665.0
1582,148429,2001-01-20,Sports,SP1100,1,2666.0
1583,148429,2001-01-20,Sports,SP1400,1,2667.0
1584,148429,2001-01-20,Sports,SP2200,1,2668.0
1585,148429,2001-01-20,Sports,SP3300,1,2669.0
1586,150466,2001-01-31,Software,SW4825,1,267.0
1587,108388,1997-03-11,Pets,PT2300,1,2670.0
1588,109885,1997-03-20,Gardening,GD3300,1,2671.0
1589,158971,1997-12-08,Software,SW4831,1,2672.0
1590,172521,1998-02-24,Gardening,GD2200,2,2673.0
1591,175819,1998-03-13,Pets,PT4500,3,2674.0
1592,179706,1998-04-01,Pets,PT4600,1,2675.0
1593,183189,1998-04-17,Gardening,GD3200,1,2676.0
1594,190883,1998-05-21,Toys,TY1750,1,2677.0
1595,214522,1998-08-30,Toys,TY1750,1,2678.0
1596,214522,1998-08-30,Toys,TY1850,2,2679.0
1597,214522,1998-08-30,Toys,TY3200,1,268.0
1598,214522,1998-08-30,Toys,TY3500,1,2680.0
1599,214785,1998-08-31,Sports,SP2400,1,2681.0
1600,218341,1998-09-15,Pets,PT4600,1,2682.0
1601,231777,1998-11-11,Toys,TY1800,1,2683.0
1602,235942,1998-11-29,Software,SW8241,1,2684.0
1603,108388,2000-06-18,Pets,PT2300,1,2685.0
1604,109885,2000-06-27,Gardening,GD3300,1,2686.0
1605,158971,2001-03-17,Software,SW4831,1,2687.0
1606,104784,1997-02-16,Gardening,GD3000,1,2688.0
1607,109528,1997-03-18,Sports,SP2600,1,2689.0
1608,110550,1997-03-24,Toys,TY3200,1,269.0
1609,157840,1997-12-02,Sports,SP1400,1,2690.0
1610,157840,1997-12-02,Sports,SP1600,1,2691.0
1611,157840,1997-12-02,Sports,SP3300,1,2692.0
1612,179929,1998-04-02,Pets,PT4300,1,2693.0
1613,191569,1998-05-24,Gardening,GD3200,1,2694.0
1614,204623,1998-07-19,Pets,PT2200,1,2695.0
1615,209573,1998-08-09,Sports,SP1000,1,2696.0
1616,209573,1998-08-09,Sports,SP1600,1,2697.0
1617,209573,1998-08-09,Sports,SP3200,4,2698.0
1618,225911,1998-10-17,Sports,SP1100,1,2699.0
1619,225911,1998-10-17,Sports,SP2700,3,27.0
1620,225911,1998-10-17,Sports,SP3000,1,270.0
1621,104784,2000-05-26,Gardening,GD3000,1,2700.0
1622,109528,2000-06-25,Sports,SP2600,1,2701.0
1623,110550,2000-07-01,Toys,TY3200,1,2702.0
1624,157840,2001-03-11,Sports,SP1400,1,2703.0
1625,157840,2001-03-11,Sports,SP1600,1,2704.0
1626,157840,2001-03-11,Sports,SP3300,1,2705.0
1627,101317,1997-01-22,Sports,SP2500,2,2706.0
1628,107783,1997-03-07,Gardening,GD2300,1,2707.0
1629,111881,1997-04-01,Pets,PT2300,1,2708.0
1630,124708,1997-06-10,Sports,SP1400,1,2709.0
1631,124708,1997-06-10,Sports,SP2300,1,271.0
1632,124708,1997-06-10,Sports,SP3000,1,2710.0
1633,145658,1997-09-28,Sports,SP3300,1,2711.0
1634,158973,1997-12-08,Pets,PT2200,1,2712.0
1635,170903,1998-02-15,Sports,SP2700,1,2713.0
1636,196477,1998-06-14,Sports,SP2000,1,2714.0
1637,196477,1998-06-14,Sports,SP2200,1,2715.0
1638,196477,1998-06-14,Sports,SP2400,3,2716.0
1639,216426,1998-09-07,Sports,SP2600,1,2717.0
1640,232988,1998-11-16,Sports,SP1500,1,2718.0
1641,237175,1998-12-04,Software,SW7935,2,2719.0
1642,101317,2000-05-01,Sports,SP2500,2,272.0
1643,107783,2000-06-14,Gardening,GD2300,1,2720.0
1644,111881,2000-07-09,Pets,PT2300,1,2721.0
1645,124708,2000-09-17,Sports,SP1400,1,2722.0
1646,124708,2000-09-17,Sports,SP2300,1,2723.0
1647,124708,2000-09-17,Sports,SP3000,1,2724.0
1648,145658,2001-01-05,Sports,SP3300,1,2725.0
1649,158973,2001-03-17,Pets,PT2200,1,2726.0
1650,170903,2001-05-25,Sports,SP2700,1,2727.0
1651,101474,1997-01-23,Pets,PT3300,1,2728.0
1652,106209,1997-02-25,Sports,SP3200,4,2729.0
1653,118904,1997-05-10,Pets,PT2000,1,273.0
1654,130460,1997-07-10,Software,SW1612,3,2730.0
1655,130460,1997-07-10,Software,SW5338,1,2731.0
1656,130460,1997-07-10,Software,SW6531,1,2732.0
1657,136140,1997-08-09,Pets,PT1400,1,2733.0
1658,139349,1997-08-26,Toys,TY4200,1,2734.0
1659,145133,1997-09-25,Sports,SP1000,1,2735.0
1660,145133,1997-09-25,Sports,SP1400,1,2736.0
1661,145133,1997-09-25,Sports,SP2400,1,2737.0
1662,145133,1997-09-25,Sports,SP3300,1,2738.0
1663,188581,1998-05-11,Pets,PT2300,1,2739.0
1664,196966,1998-06-16,Gardening,GD1100,1,274.0
1665,202575,1998-07-10,Sports,SP3000,4,2740.0
1666,208364,1998-08-04,Toys,TY3300,1,2741.0
1667,221418,1998-09-28,Sports,SP1500,2,2742.0
1668,223154,1998-10-05,Sports,SP2200,4,2743.0
1669,223154,1998-10-05,Sports,SP2700,1,2744.0
1670,223154,1998-10-05,Sports,SP3400,1,2745.0
1671,101474,2000-05-02,Pets,PT3300,1,2746.0
1672,106209,2000-06-04,Sports,SP3200,4,2747.0
1673,118904,2000-08-17,Pets,PT2000,1,2748.0
1674,130460,2000-10-17,Software,SW1612,3,2749.0
1675,130460,2000-10-17,Software,SW5338,1,275.0
1676,130460,2000-10-17,Software,SW6531,1,2750.0
1677,136140,2000-11-16,Pets,PT1400,1,2751.0
1678,139349,2000-12-03,Toys,TY4200,1,2752.0
1679,145133,2001-01-02,Sports,SP1000,1,2753.0
1680,145133,2001-01-02,Sports,SP1400,1,2754.0
1681,145133,2001-01-02,Sports,SP2400,1,2755.0
1682,145133,2001-01-02,Sports,SP3300,1,2756.0
1683,100305,1997-01-14,Pets,PT2300,4,2757.0
1684,102716,1997-02-01,Gardening,GD1600,1,2758.0
1685,120981,1997-05-21,Pets,PT2300,1,2759.0
1686,121884,1997-05-26,Toys,TY2400,1,276.0
1687,128510,1997-06-30,Toys,TY4600,4,2760.0
1688,151460,1997-10-29,Sports,SP1500,1,2761.0
1689,151460,1997-10-29,Sports,SP2200,2,2762.0
1690,151460,1997-10-29,Sports,SP3000,2,2763.0
1691,151460,1997-10-29,Sports,SP3100,1,2764.0
1692,152381,1997-11-03,Pets,PT4400,4,2765.0
1693,172329,1998-02-23,Pets,PT2000,1,2766.0
1694,174229,1998-03-05,Sports,SP2000,1,2767.0
1695,198607,1998-06-23,Pets,PT4300,1,2768.0
1696,211257,1998-08-16,Toys,TY3200,2,2769.0
1697,225206,1998-10-14,Sports,SP1300,1,277.0
1698,225206,1998-10-14,Sports,SP1600,1,2770.0
1699,225206,1998-10-14,Sports,SP2400,1,2771.0
1700,226142,1998-10-18,Software,SW4187,3,2772.0
1701,227787,1998-10-25,Sports,SP1500,3,2773.0
1702,100305,2000-04-23,Pets,PT2300,4,2774.0
1703,102716,2000-05-11,Gardening,GD1600,1,2775.0
1704,120981,2000-08-28,Pets,PT2300,1,2776.0
1705,121884,2000-09-02,Toys,TY2400,1,2777.0
1706,128510,2000-10-07,Toys,TY4600,4,2778.0
1707,151460,2001-02-05,Sports,SP1500,1,2779.0
1708,151460,2001-02-05,Sports,SP2200,2,278.0
1709,151460,2001-02-05,Sports,SP3000,2,2780.0
1710,151460,2001-02-05,Sports,SP3100,1,2781.0
1711,152381,2001-02-10,Pets,PT4400,4,2782.0
1712,133080,1997-07-24,Toys,TY5100,2,2783.0
1713,153279,1997-11-08,Pets,PT1000,1,2784.0
1714,157660,1997-12-01,Pets,PT3500,1,2785.0
1715,164645,1998-01-09,Sports,SP2700,3,2786.0
1716,169428,1998-02-07,Gardening,GD3300,1,2787.0
1717,175228,1998-03-10,Toys,TY2600,1,2788.0
1718,186350,1998-05-01,Sports,SP2000,1,2789.0
1719,189247,1998-05-14,Gardening,GD2400,3,279.0
1720,201442,1998-07-05,Sports,SP3400,1,2790.0
1721,202817,1998-07-11,Sports,SP1500,2,2791.0
1722,227789,1998-10-25,Toys,TY1750,3,2792.0
1723,133080,2000-10-31,Toys,TY5100,2,2793.0
1724,153279,2001-02-15,Pets,PT1000,1,2794.0
1725,157660,2001-03-10,Pets,PT3500,1,2795.0
1726,164645,2001-04-18,Sports,SP2700,3,2796.0
1727,169428,2001-05-17,Gardening,GD3300,1,2797.0
1728,102032,1997-01-27,Pets,PT1000,1,2798.0
1729,102032,1997-01-27,Pets,PT1100,1,2799.0
1730,102032,1997-01-27,Pets,PT2000,1,28.0
1731,102032,1997-01-27,Pets,PT2300,2,280.0
1732,107792,1997-03-07,Sports,SP1400,1,2800.0
1733,117781,1997-05-04,Pets,PT1100,1,2801.0
1734,117781,1997-05-04,Pets,PT1100,1,2802.0
1735,117781,1997-05-04,Pets,PT1300,1,2803.0
1736,117781,1997-05-04,Pets,PT1400,1,2804.0
1737,160124,1997-12-14,Toys,TY1600,1,2805.0
1738,160124,1997-12-14,Toys,TY1700,3,2806.0
1739,160124,1997-12-14,Toys,TY2200,1,2807.0
1740,160124,1997-12-14,Toys,TY2400,1,2808.0
1741,161061,1997-12-19,Software,SW5338,1,2809.0
1742,161272,1997-12-20,Toys,TY1750,1,281.0
1743,161272,1997-12-20,Toys,TY3200,1,2810.0
1744,161272,1997-12-20,Toys,TY3600,1,2811.0
1745,163732,1998-01-03,Pets,PT2400,2,2812.0
1746,176628,1998-03-17,Pets,PT3300,3,2813.0
1747,192027,1998-05-26,Pets,PT1000,1,2814.0
1748,192027,1998-05-26,Pets,PT3500,1,2815.0
1749,192027,1998-05-26,Pets,PT4300,1,2816.0
1750,196703,1998-06-15,Collectibles,CC1300,4,2817.0
1751,196703,1998-06-15,Collectibles,CC3400,1,2818.0
1752,196703,1998-06-15,Collectibles,CC4500,1,2819.0
1753,201206,1998-07-04,Software,SW2123,2,282.0
1754,201206,1998-07-04,Software,SW3617,1,2820.0
1755,201206,1998-07-04,Software,SW7383,1,2821.0
1756,204877,1998-07-20,Sports,SP3200,3,2822.0
1757,214535,1998-08-30,Software,SW3482,4,2823.0
1758,102032,2000-05-06,Pets,PT1000,1,2824.0
1759,102032,2000-05-06,Pets,PT1100,1,2825.0
1760,102032,2000-05-06,Pets,PT2000,1,2826.0
1761,102032,2000-05-06,Pets,PT2300,2,2827.0
1762,107792,2000-06-14,Sports,SP1400,1,2828.0
1763,117781,2000-08-11,Pets,PT1100,1,2829.0
1764,117781,2000-08-11,Pets,PT1100,1,283.0
1765,117781,2000-08-11,Pets,PT1300,1,2830.0
1766,117781,2000-08-11,Pets,PT1400,1,2831.0
1767,160124,2001-03-23,Toys,TY1600,1,2832.0
1768,160124,2001-03-23,Toys,TY1700,3,2833.0
1769,160124,2001-03-23,Toys,TY2200,1,2834.0
1770,160124,2001-03-23,Toys,TY2400,1,2835.0
1771,161061,2001-03-28,Software,SW5338,1,2836.0
1772,161272,2001-03-29,Toys,TY1750,1,2837.0
1773,161272,2001-03-29,Toys,TY3200,1,2838.0
1774,161272,2001-03-29,Toys,TY3600,1,2839.0
1775,163732,2001-04-12,Pets,PT2400,2,284.0
1776,102033,1997-01-27,Sports,SP1600,1,2840.0
1777,120576,1997-05-19,Toys,TY2500,2,2841.0
1778,124152,1997-06-07,Pets,PT4500,1,2842.0
1779,147181,1997-10-06,Software,SW4575,1,2843.0
1780,147181,1997-10-06,Software,SW7221,1,2844.0
1781,147181,1997-10-06,Software,SW7823,1,2845.0
1782,162250,1997-12-25,Toys,TY3300,1,2846.0
1783,169073,1998-02-05,Pets,PT1000,1,2847.0
1784,169073,1998-02-05,Pets,PT1300,1,2848.0
1785,169073,1998-02-05,Pets,PT1300,2,2849.0
1786,169073,1998-02-05,Pets,PT4300,1,285.0
1787,172163,1998-02-22,Gardening,GD1200,1,2850.0
1788,176240,1998-03-15,Gardening,GD1001,1,2851.0
1789,178069,1998-03-24,Gardening,GD2400,1,2852.0
1790,180593,1998-04-05,Pets,PT2200,1,2853.0
1791,189747,1998-05-16,Sports,SP2600,1,2854.0
1792,215715,1998-09-04,Sports,SP3000,3,2855.0
1793,222649,1998-10-03,Software,SW1005,1,2856.0
1794,233914,1998-11-20,Pets,PT1400,4,2857.0
1795,233914,1998-11-20,Pets,PT2100,1,2858.0
1796,233914,1998-11-20,Pets,PT3400,1,2859.0
1797,233914,1998-11-20,Pets,PT4200,1,286.0
1798,236209,1998-11-30,Toys,TY1500,4,2860.0
1799,242681,1998-12-28,Toys,TY4600,1,2861.0
1800,102033,2000-05-06,Sports,SP1600,1,2862.0
1801,120576,2000-08-26,Toys,TY2500,2,2863.0
1802,124152,2000-09-14,Pets,PT4500,1,2864.0
1803,147181,2001-01-13,Software,SW4575,1,2865.0
1804,147181,2001-01-13,Software,SW7221,1,2866.0
1805,147181,2001-01-13,Software,SW7823,1,2867.0
1806,162250,2001-04-03,Toys,TY3300,1,2868.0
1807,169073,2001-05-15,Pets,PT1000,1,2869.0
1808,169073,2001-05-15,Pets,PT1300,1,287.0
1809,169073,2001-05-15,Pets,PT1300,2,2870.0
1810,169073,2001-05-15,Pets,PT4300,1,2871.0
1811,103520,1997-02-07,Toys,TY2100,1,2872.0
1812,103520,1997-02-07,Toys,TY3100,1,2873.0
1813,103520,1997-02-07,Toys,TY3400,1,2874.0
1814,108398,1997-03-11,Toys,TY4700,1,2875.0
1815,115911,1997-04-24,Gardening,GD2400,1,2876.0
1816,125700,1997-06-15,Sports,SP3000,1,2877.0
1817,155004,1997-11-17,Sports,SP1500,1,2878.0
1818,155004,1997-11-17,Sports,SP3000,1,2879.0
1819,155004,1997-11-17,Sports,SP3100,3,288.0
1820,155003,1997-11-17,Sports,SP3300,3,2880.0
1821,182121,1998-04-12,Gardening,GD1010,2,2881.0
1822,196709,1998-06-15,Toys,TY1500,3,2882.0
1823,204152,1998-07-17,Sports,SP3400,2,2883.0
1824,205809,1998-07-24,Pets,PT2300,1,2884.0
1825,103520,2000-05-17,Toys,TY2100,1,2885.0
1826,103520,2000-05-17,Toys,TY3100,1,2886.0
1827,103520,2000-05-17,Toys,TY3400,1,2887.0
1828,108398,2000-06-18,Toys,TY4700,1,2888.0
1829,115911,2000-08-01,Gardening,GD2400,1,2889.0
1830,125700,2000-09-22,Sports,SP3000,1,289.0
1831,155004,2001-02-24,Sports,SP1500,1,2890.0
1832,155004,2001-02-24,Sports,SP3000,1,2891.0
1833,155004,2001-02-24,Sports,SP3100,3,2892.0
1834,155003,2001-02-24,Sports,SP3300,3,2893.0
1835,154805,1997-11-16,Sports,SP1200,1,2894.0
1836,158981,1997-12-08,Sports,SP1500,3,2895.0
1837,158981,1997-12-08,Sports,SP1600,1,2896.0
1838,158981,1997-12-08,Sports,SP2600,1,2897.0
1839,160509,1997-12-16,Pets,PT4200,1,2898.0
1840,191152,1998-05-22,Pets,PT4400,1,2899.0
1841,203052,1998-07-12,Toys,TY3800,1,29.0
1842,203052,1998-07-12,Toys,TY4700,1,290.0
1843,203052,1998-07-12,Toys,TY4700,1,2900.0
1844,207230,1998-07-30,Toys,TY3500,1,2901.0
1845,215489,1998-09-03,Gardening,GD1010,1,2902.0
1846,215489,1998-09-03,Gardening,GD2200,1,2903.0
1847,215489,1998-09-03,Gardening,GD3000,3,2904.0
1848,215489,1998-09-03,Gardening,GD4200,1,2905.0
1849,239056,1998-12-12,Sports,SP3400,1,2906.0
1850,154805,2001-02-23,Sports,SP1200,1,2907.0
1851,158981,2001-03-17,Sports,SP1500,3,2908.0
1852,158981,2001-03-17,Sports,SP1600,1,2909.0
1853,158981,2001-03-17,Sports,SP2600,1,291.0
1854,160509,2001-03-25,Pets,PT4200,1,2910.0
1855,132513,1997-07-21,Sports,SP1300,1,2911.0
1856,132513,1997-07-21,Sports,SP2600,1,2912.0
1857,132513,1997-07-21,Sports,SP3100,1,2913.0
1858,132513,1997-07-21,Sports,SP3200,1,2914.0
1859,152391,1997-11-03,Pets,PT2100,1,2915.0
1860,159951,1997-12-13,Toys,TY1650,3,2916.0
1861,163452,1998-01-01,Pets,PT3200,1,2917.0
1862,165396,1998-01-14,Gardening,GD3300,1,2918.0
1863,212439,1998-08-21,Sports,SP1000,1,2919.0
1864,217395,1998-09-11,Sports,SP2500,1,292.0
1865,217395,1998-09-11,Sports,SP3000,3,2920.0
1866,217395,1998-09-11,Sports,SP3000,1,2921.0
1867,217395,1998-09-11,Sports,SP3200,1,2922.0
1868,224337,1998-10-10,Toys,TY1700,3,2923.0
1869,224337,1998-10-10,Toys,TY4300,4,2924.0
1870,224337,1998-10-10,Toys,TY4300,2,2925.0
1871,132513,2000-10-28,Sports,SP1300,1,2926.0
1872,132513,2000-10-28,Sports,SP2600,1,2927.0
1873,132513,2000-10-28,Sports,SP3100,1,2928.0
1874,132513,2000-10-28,Sports,SP3200,1,2929.0
1875,152391,2001-02-10,Pets,PT2100,1,293.0
1876,159951,2001-03-22,Toys,TY1650,3,2930.0
1877,163452,2001-04-10,Pets,PT3200,1,2931.0
1878,165396,2001-04-23,Gardening,GD3300,1,2932.0
1879,119294,1997-05-12,Gardening,GD1600,1,2933.0
1880,126261,1997-06-18,Sports,SP1600,1,2934.0
1881,145855,1997-09-29,Toys,TY4200,1,2935.0
1882,151808,1997-10-31,Pets,PT2200,4,2936.0
1883,151808,1997-10-31,Pets,PT3200,1,2937.0
1884,151808,1997-10-31,Pets,PT4600,1,2938.0
1885,158453,1997-12-05,Gardening,GD1300,1,2939.0
1886,170917,1998-02-15,Gardening,GD4100,1,294.0
1887,174850,1998-03-08,Toys,TY1850,2,2940.0
1888,174850,1998-03-08,Toys,TY2100,2,2941.0
1889,174850,1998-03-08,Toys,TY4300,1,2942.0
1890,174850,1998-03-08,Toys,TY5100,1,2943.0
1891,186123,1998-04-30,Gardening,GD3400,1,2944.0
1892,194374,1998-06-05,Pets,PT4500,1,2945.0
1893,201687,1998-07-06,Sports,SP2600,1,2946.0
1894,203945,1998-07-16,Software,SW1828,1,2947.0
1895,203945,1998-07-16,Software,SW3802,4,2948.0
1896,203945,1998-07-16,Software,SW8376,3,2949.0
1897,203945,1998-07-16,Software,SW8376,1,295.0
1898,210085,1998-08-11,Sports,SP2000,1,2950.0
1899,119294,2000-08-19,Gardening,GD1600,1,2951.0
1900,126261,2000-09-25,Sports,SP1600,1,2952.0
1901,145855,2001-01-06,Toys,TY4200,1,2953.0
1902,151808,2001-02-07,Pets,PT2200,4,2954.0
1903,151808,2001-02-07,Pets,PT3200,1,2955.0
1904,151808,2001-02-07,Pets,PT4600,1,2956.0
1905,158453,2001-03-14,Gardening,GD1300,1,2957.0
1906,170917,2001-05-25,Gardening,GD4100,1,2958.0
1907,100570,1997-01-16,Gardening,GD2200,1,2959.0
1908,111710,1997-03-31,Sports,SP2200,1,296.0
1909,113272,1997-04-09,Pets,PT3300,1,2960.0
1910,147518,1997-10-08,Software,SW5493,1,2961.0
1911,165735,1998-01-16,Sports,SP1300,1,2962.0
1912,165735,1998-01-16,Sports,SP2200,1,2963.0
1913,165735,1998-01-16,Sports,SP2300,3,2964.0
1914,165735,1998-01-16,Sports,SP2700,1,2965.0
1915,187672,1998-05-07,Collectibles,CC3500,1,2966.0
1916,212441,1998-08-21,Sports,SP1400,1,2967.0
1917,212441,1998-08-21,Sports,SP2400,3,2968.0
1918,212441,1998-08-21,Sports,SP3300,1,2969.0
1919,228033,1998-10-26,Gardening,GD4200,3,297.0
1920,100570,2000-04-25,Gardening,GD2200,1,2970.0
1921,111710,2000-07-08,Sports,SP2200,1,2971.0
1922,113272,2000-07-17,Pets,PT3300,1,2972.0
1923,147518,2001-01-15,Software,SW5493,1,2973.0
1924,165735,2001-04-25,Sports,SP1300,1,2974.0
1925,165735,2001-04-25,Sports,SP2200,1,2975.0
1926,165735,2001-04-25,Sports,SP2300,3,2976.0
1927,165735,2001-04-25,Sports,SP2700,1,2977.0
1928,124916,1997-06-11,Sports,SP2600,4,2978.0
1929,126265,1997-06-18,Sports,SP2600,1,2979.0
1930,143438,1997-09-16,Sports,SP1300,1,298.0
1931,143438,1997-09-16,Sports,SP1500,1,2980.0
1932,143438,1997-09-16,Sports,SP2500,1,2981.0
1933,148264,1997-10-12,Sports,SP1200,3,2982.0
1934,148632,1997-10-14,Pets,PT2000,1,2983.0
1935,148632,1997-10-14,Pets,PT3100,1,2984.0
1936,148632,1997-10-14,Pets,PT3300,1,2985.0
1937,188594,1998-05-11,Pets,PT4500,1,2986.0
1938,188594,1998-05-11,Pets,PT4600,1,2987.0
1939,190447,1998-05-19,Software,SW1207,1,2988.0
1940,196979,1998-06-16,Sports,SP2000,4,2989.0
1941,202115,1998-07-08,Toys,TY3200,1,299.0
1942,207673,1998-08-01,Pets,PT4500,1,2990.0
1943,231569,1998-11-10,Sports,SP1300,1,2991.0
1944,239500,1998-12-14,Toys,TY4600,1,2992.0
1945,124916,2000-09-18,Sports,SP2600,4,2993.0
1946,126265,2000-09-25,Sports,SP2600,1,2994.0
1947,143438,2000-12-24,Sports,SP1300,1,2995.0
1948,143438,2000-12-24,Sports,SP1500,1,2996.0
1949,143438,2000-12-24,Sports,SP2500,1,2997.0
1950,148264,2001-01-19,Sports,SP1200,3,2998.0
1951,148632,2001-01-21,Pets,PT2000,1,2999.0
1952,148632,2001-01-21,Pets,PT3100,1,3.0
1953,148632,2001-01-21,Pets,PT3300,1,30.0
1954,102986,1997-02-03,Pets,PT4300,2,300.0
1955,108252,1997-03-10,Gardening,GD2100,1,3000.0
1956,110074,1997-03-21,Gardening,GD1400,1,3001.0
1957,138214,1997-08-20,Pets,PT4500,3,3002.0
1958,140934,1997-09-03,Software,SW4831,1,3003.0
1959,142053,1997-09-09,Gardening,GD1001,1,3004.0
1960,143028,1997-09-14,Sports,SP2600,1,3005.0
1961,150903,1997-10-26,Toys,TY1750,3,3006.0
1962,155173,1997-11-18,Sports,SP2500,1,3007.0
1963,167045,1998-01-24,Gardening,GD1300,1,3008.0
1964,190213,1998-05-18,Gardening,GD2000,3,3009.0
1965,202117,1998-07-08,Gardening,GD2100,1,301.0
1966,208621,1998-08-05,Pets,PT1100,1,3010.0
1967,215921,1998-09-05,Pets,PT3100,3,3011.0
1968,227802,1998-10-25,Pets,PT2000,2,3012.0
1969,242456,1998-12-27,Toys,TY3500,1,3013.0
1970,102986,2000-05-13,Pets,PT4300,2,3014.0
1971,108252,2000-06-17,Gardening,GD2100,1,3015.0
1972,110074,2000-06-28,Gardening,GD1400,1,3016.0
1973,138214,2000-11-27,Pets,PT4500,3,3017.0
1974,140934,2000-12-11,Software,SW4831,1,3018.0
1975,142053,2000-12-17,Gardening,GD1001,1,3019.0
1976,143028,2000-12-22,Sports,SP2600,1,302.0
1977,150903,2001-02-02,Toys,TY1750,3,3020.0
1978,155173,2001-02-25,Sports,SP2500,1,3021.0
1979,167045,2001-05-03,Gardening,GD1300,1,3022.0
1980,100577,1997-01-16,Sports,SP1300,4,3023.0
1981,142231,1997-09-10,Pets,PT4500,1,3024.0
1982,162446,1997-12-26,Toys,TY2200,3,3025.0
1983,171628,1998-02-19,Pets,PT2200,1,3026.0
1984,193922,1998-06-03,Software,SW7271,3,3027.0
1985,213410,1998-08-25,Pets,PT4300,2,3028.0
1986,223401,1998-10-06,Pets,PT4600,1,3029.0
1987,233010,1998-11-16,Sports,SP1100,1,303.0
1988,233010,1998-11-16,Sports,SP1600,2,3030.0
1989,233010,1998-11-16,Sports,SP2300,4,3031.0
1990,233010,1998-11-16,Sports,SP3000,1,3032.0
1991,234362,1998-11-22,Toys,TY1100,1,3033.0
1992,100577,2000-04-25,Sports,SP1300,4,3034.0
1993,142231,2000-12-18,Pets,PT4500,1,3035.0
1994,162446,2001-04-04,Toys,TY2200,3,3036.0
1995,171628,2001-05-29,Pets,PT2200,1,3037.0
1996,101611,1997-01-24,Pets,PT3200,4,3038.0
1997,106696,1997-02-28,Sports,SP2000,1,3039.0
1998,114164,1997-04-14,Toys,TY4500,1,304.0
1999,138791,1997-08-23,Sports,SP2200,3,3040.0
2000,144765,1997-09-23,Sports,SP2600,1,3041.0
2001,145145,1997-09-25,Software,SW6180,1,3042.0
2002,146642,1997-10-03,Toys,TY5100,1,3043.0
2003,151473,1997-10-29,Sports,SP1600,1,3044.0
2004,173487,1998-03-01,Pets,PT1200,1,3045.0
2005,173487,1998-03-01,Pets,PT2200,4,3046.0
2006,173487,1998-03-01,Pets,PT3500,1,3047.0
2007,187940,1998-05-08,Gardening,GD3300,1,3048.0
2008,220966,1998-09-26,Collectibles,CC2500,4,3049.0
2009,101611,2000-05-03,Pets,PT3200,4,305.0
2010,106696,2000-06-07,Sports,SP2000,1,3050.0
2011,114164,2000-07-22,Toys,TY4500,1,3051.0
2012,138791,2000-11-30,Sports,SP2200,3,3052.0
2013,144765,2000-12-31,Sports,SP2600,1,3053.0
2014,145145,2001-01-02,Software,SW6180,1,3054.0
2015,146642,2001-01-10,Toys,TY5100,1,3055.0
2016,151473,2001-02-05,Sports,SP1600,1,3056.0
2017,99073,1997-01-04,Sports,SP1300,4,3057.0
2018,99073,1997-01-04,Sports,SP3300,3,3058.0
2019,100580,1997-01-16,Pets,PT3300,1,3059.0
2020,111714,1997-03-31,Gardening,GD3100,3,306.0
2021,124536,1997-06-09,Pets,PT4400,1,3060.0
2022,155014,1997-11-17,Toys,TY3400,1,3061.0
2023,158051,1997-12-03,Pets,PT2000,1,3062.0
2024,160888,1997-12-18,Sports,SP2200,1,3063.0
2025,162079,1997-12-24,Sports,SP1100,1,3064.0
2026,164520,1998-01-08,Pets,PT1100,1,3065.0
2027,164520,1998-01-08,Pets,PT1200,1,3066.0
2028,164520,1998-01-08,Pets,PT2000,1,3067.0
2029,191815,1998-05-25,Pets,PT3100,3,3068.0
2030,200960,1998-07-03,Software,SW5493,1,3069.0
2031,216721,1998-09-08,Sports,SP3400,1,307.0
2032,230172,1998-11-04,Gardening,GD4300,3,3070.0
2033,99073,2000-04-13,Sports,SP1300,4,3071.0
2034,99073,2000-04-13,Sports,SP3300,3,3072.0
2035,100580,2000-04-25,Pets,PT3300,1,3073.0
2036,111714,2000-07-08,Gardening,GD3100,3,3074.0
2037,124536,2000-09-16,Pets,PT4400,1,3075.0
2038,155014,2001-02-24,Toys,TY3400,1,3076.0
2039,158051,2001-03-12,Pets,PT2000,1,3077.0
2040,160888,2001-03-27,Sports,SP2200,1,3078.0
2041,162079,2001-04-02,Sports,SP1100,1,3079.0
2042,164520,2001-04-17,Pets,PT1100,1,308.0
2043,164520,2001-04-17,Pets,PT1200,1,3080.0
2044,164520,2001-04-17,Pets,PT2000,1,3081.0
2045,100581,1997-01-16,Toys,TY3500,4,3082.0
2046,104512,1997-02-14,Sports,SP2500,1,3083.0
2047,118149,1997-05-06,Pets,PT2100,1,3084.0
2048,119114,1997-05-11,Toys,TY2100,1,3085.0
2049,189757,1998-05-16,Toys,TY2200,1,3086.0
2050,191593,1998-05-24,Sports,SP1100,1,3087.0
2051,191593,1998-05-24,Sports,SP2000,1,3088.0
2052,191593,1998-05-24,Sports,SP2500,1,3089.0
2053,192747,1998-05-29,Sports,SP2700,1,309.0
2054,192747,1998-05-29,Sports,SP2700,1,3090.0
2055,192747,1998-05-29,Sports,SP3200,1,3091.0
2056,192747,1998-05-29,Sports,SP3300,1,3092.0
2057,196722,1998-06-15,Gardening,GD1200,1,3093.0
2058,197221,1998-06-17,Pets,PT1100,1,3094.0
2059,205594,1998-07-23,Pets,PT1000,1,3095.0
2060,241130,1998-12-21,Toys,TY4100,1,3096.0
2061,100581,2000-04-25,Toys,TY3500,4,3097.0
2062,104512,2000-05-24,Sports,SP2500,1,3098.0
2063,118149,2000-08-13,Pets,PT2100,1,3099.0
2064,119114,2000-08-18,Toys,TY2100,1,31.0
2065,99829,1997-01-10,Gardening,GD2100,1,310.0
2066,124359,1997-06-08,Toys,TY1900,1,3100.0
2067,154816,1997-11-16,Sports,SP3000,4,3101.0
2068,168383,1998-02-01,Pets,PT1000,1,3102.0
2069,168383,1998-02-01,Pets,PT3100,1,3103.0
2070,168383,1998-02-01,Pets,PT3500,1,3104.0
2071,196500,1998-06-14,Pets,PT4200,4,3105.0
2072,207472,1998-07-31,Sports,SP1300,1,3106.0
2073,223860,1998-10-08,Pets,PT2400,1,3107.0
2074,99829,2000-04-19,Gardening,GD2100,1,3108.0
2075,124359,2000-09-15,Toys,TY1900,1,3109.0
2076,154816,2001-02-23,Sports,SP3000,4,311.0
2077,168383,2001-05-11,Pets,PT1000,1,3110.0
2078,168383,2001-05-11,Pets,PT3100,1,3111.0
2079,168383,2001-05-11,Pets,PT3500,1,3112.0
2080,103120,1997-02-04,Pets,PT3300,4,3113.0
2081,105604,1997-02-21,Gardening,GD3100,1,3114.0
2082,115937,1997-04-24,Toys,TY1850,1,3115.0
2083,117982,1997-05-05,Sports,SP1600,1,3116.0
2084,117982,1997-05-05,Sports,SP2300,1,3117.0
2085,117982,1997-05-05,Sports,SP2400,1,3118.0
2086,118560,1997-05-08,Toys,TY5200,1,3119.0
2087,166563,1998-01-21,Sports,SP1300,1,312.0
2088,170722,1998-02-14,Toys,TY2500,1,3120.0
2089,185684,1998-04-28,Pets,PT3500,1,3121.0
2090,205598,1998-07-23,Pets,PT1100,3,3122.0
2091,208380,1998-08-04,Toys,TY1850,1,3123.0
2092,211279,1998-08-16,Sports,SP2700,4,3124.0
2093,103120,2000-05-14,Pets,PT3300,4,3125.0
2094,105604,2000-05-31,Gardening,GD3100,1,3126.0
2095,115937,2000-08-01,Toys,TY1850,1,3127.0
2096,117982,2000-08-12,Sports,SP1600,1,3128.0
2097,117982,2000-08-12,Sports,SP2300,1,3129.0
2098,117982,2000-08-12,Sports,SP2400,1,313.0
2099,118560,2000-08-15,Toys,TY5200,1,3130.0
2100,166563,2001-04-30,Sports,SP1300,1,3131.0
2101,170722,2001-05-24,Toys,TY2500,1,3132.0
2102,106223,1997-02-25,Pets,PT3500,2,3133.0
2103,121182,1997-05-22,Sports,SP3400,4,3134.0
2104,124548,1997-06-09,Sports,SP2300,1,3135.0
2105,125512,1997-06-14,Software,SW3909,1,3136.0
2106,133675,1997-07-27,Sports,SP1400,1,3137.0
2107,133675,1997-07-27,Sports,SP2400,1,3138.0
2108,133675,1997-07-27,Sports,SP2500,1,3139.0
2109,133675,1997-07-27,Sports,SP2500,1,314.0
2110,160713,1997-12-17,Toys,TY1200,1,3140.0
2111,176459,1998-03-16,Gardening,GD2400,1,3141.0
2112,178895,1998-03-28,Pets,PT3200,1,3142.0
2113,191370,1998-05-23,Pets,PT3200,4,3143.0
2114,203518,1998-07-14,Sports,SP2400,1,3144.0
2115,222669,1998-10-03,Sports,SP2400,1,3145.0
2116,236950,1998-12-03,Pets,PT3100,1,3146.0
2117,240215,1998-12-17,Toys,TY1100,1,3147.0
2118,106223,2000-06-04,Pets,PT3500,2,3148.0
2119,121182,2000-08-29,Sports,SP3400,4,3149.0
2120,124548,2000-09-16,Sports,SP2300,1,315.0
2121,125512,2000-09-21,Software,SW3909,1,3150.0
2122,133675,2000-11-03,Sports,SP1400,1,3151.0
2123,133675,2000-11-03,Sports,SP2400,1,3152.0
2124,133675,2000-11-03,Sports,SP2500,1,3153.0
2125,133675,2000-11-03,Sports,SP2500,1,3154.0
2126,160713,2001-03-26,Toys,TY1200,1,3155.0
2127,125915,1997-06-16,Software,SW4155,1,3156.0
2128,129730,1997-07-06,Sports,SP1000,1,3157.0
2129,142643,1997-09-12,Software,SW6180,1,3158.0
2130,173126,1998-02-27,Collectibles,CC2300,1,3159.0
2131,173126,1998-02-27,Collectibles,CC3400,4,316.0
2132,173126,1998-02-27,Collectibles,CC4100,1,3160.0
2133,173126,1998-02-27,Collectibles,CC4200,1,3161.0
2134,190223,1998-05-18,Toys,TY3400,1,3162.0
2135,197478,1998-06-18,Pets,PT2400,3,3163.0
2136,233023,1998-11-16,Toys,TY2600,1,3164.0
2137,238374,1998-12-09,Software,SW7383,1,3165.0
2138,242706,1998-12-28,Pets,PT4600,3,3166.0
2139,125915,2000-09-23,Software,SW4155,1,3167.0
2140,129730,2000-10-13,Sports,SP1000,1,3168.0
2141,142643,2000-12-20,Software,SW6180,1,3169.0
2142,102993,1997-02-03,Software,SW7573,1,317.0
2143,144412,1997-09-21,Toys,TY1950,1,3170.0
2144,158065,1997-12-03,Gardening,GD1600,1,3171.0
2145,168392,1998-02-01,Collectibles,CC3700,1,3172.0
2146,177882,1998-03-23,Gardening,GD2200,1,3173.0
2147,177882,1998-03-23,Gardening,GD3300,1,3174.0
2148,177882,1998-03-23,Gardening,GD4000,3,3175.0
2149,207926,1998-08-02,Toys,TY3500,1,3176.0
2150,210787,1998-08-14,Pets,PT3500,1,3177.0
2151,215734,1998-09-04,Sports,SP3200,1,3178.0
2152,238623,1998-12-10,Sports,SP1200,1,3179.0
2153,242947,1998-12-29,Toys,TY2400,2,318.0
2154,242947,1998-12-29,Toys,TY2700,1,3180.0
2155,242947,1998-12-29,Toys,TY4300,1,3181.0
2156,242947,1998-12-29,Toys,TY4500,1,3182.0
2157,102993,2000-05-13,Software,SW7573,1,3183.0
2158,144412,2000-12-29,Toys,TY1950,1,3184.0
2159,158065,2001-03-12,Gardening,GD1600,1,3185.0
2160,168392,2001-05-11,Collectibles,CC3700,1,3186.0
2161,101098,1997-01-20,Gardening,GD1100,1,3187.0
2162,107649,1997-03-06,Pets,PT1100,1,3188.0
2163,125921,1997-06-16,Gardening,GD3300,3,3189.0
2164,133103,1997-07-24,Software,SW1991,1,319.0
2165,133103,1997-07-24,Software,SW4831,2,3190.0
2166,133103,1997-07-24,Software,SW5338,1,3191.0
2167,133103,1997-07-24,Software,SW7585,1,3192.0
2168,146451,1997-10-02,Sports,SP3100,1,3193.0
2169,154228,1997-11-13,Sports,SP1400,1,3194.0
2170,180621,1998-04-05,Gardening,GD3300,4,3195.0
2171,211285,1998-08-16,Toys,TY1850,1,3196.0
2172,221214,1998-09-27,Sports,SP2400,1,3197.0
2173,230878,1998-11-07,Toys,TY4300,1,3198.0
2174,236233,1998-11-30,Software,SW2123,2,3199.0
2175,236958,1998-12-03,Sports,SP2200,1,32.0
2176,101098,2000-04-29,Gardening,GD1100,1,320.0
2177,107649,2000-06-13,Pets,PT1100,1,3200.0
2178,125921,2000-09-23,Gardening,GD3300,3,3201.0
2179,133103,2000-10-31,Software,SW1991,1,3202.0
2180,133103,2000-10-31,Software,SW4831,2,3203.0
2181,133103,2000-10-31,Software,SW5338,1,3204.0
2182,133103,2000-10-31,Software,SW7585,1,3205.0
2183,146451,2001-01-09,Sports,SP3100,1,3206.0
2184,154228,2001-02-20,Sports,SP1400,1,3207.0
2185,98689,1997-01-01,Sports,SP2200,1,3208.0
2186,98689,1997-01-01,Sports,SP2600,1,3209.0
2187,98689,1997-01-01,Sports,SP3100,2,321.0
2188,103947,1997-02-10,Sports,SP1400,4,3210.0
2189,114684,1997-04-17,Gardening,GD1600,2,3211.0
2190,136955,1997-08-13,Toys,TY4100,1,3212.0
2191,146274,1997-10-01,Pets,PT1400,4,3213.0
2192,161086,1997-12-19,Toys,TY1600,1,3214.0
2193,161086,1997-12-19,Toys,TY4200,1,3215.0
2194,161086,1997-12-19,Toys,TY4300,4,3216.0
2195,161086,1997-12-19,Toys,TY4600,1,3217.0
2196,162792,1997-12-28,Toys,TY4300,1,3218.0
2197,183230,1998-04-17,Sports,SP1600,1,3219.0
2198,185042,1998-04-25,Toys,TY1800,1,322.0
2199,227598,1998-10-24,Sports,SP1300,1,3220.0
2200,229229,1998-10-31,Gardening,GD1600,1,3221.0
2201,98689,2000-04-10,Sports,SP2200,1,3222.0
2202,98689,2000-04-10,Sports,SP2600,1,3223.0
2203,98689,2000-04-10,Sports,SP3100,2,3224.0
2204,103947,2000-05-20,Sports,SP1400,4,3225.0
2205,114684,2000-07-25,Gardening,GD1600,2,3226.0
2206,136955,2000-11-20,Toys,TY4100,1,3227.0
2207,146274,2001-01-08,Pets,PT1400,4,3228.0
2208,161086,2001-03-28,Toys,TY1600,1,3229.0
2209,161086,2001-03-28,Toys,TY4200,1,323.0
2210,161086,2001-03-28,Toys,TY4300,4,3230.0
2211,161086,2001-03-28,Toys,TY4600,1,3231.0
2212,162792,2001-04-06,Toys,TY4300,1,3232.0
2213,119317,1997-05-12,Sports,SP3200,1,3233.0
2214,124734,1997-06-10,Sports,SP1000,1,3234.0
2215,138810,1997-08-23,Toys,TY1850,1,3235.0
2216,147723,1997-10-09,Gardening,GD1001,1,3236.0
2217,147723,1997-10-09,Gardening,GD1400,2,3237.0
2218,147723,1997-10-09,Gardening,GD2300,1,3238.0
2219,147723,1997-10-09,Gardening,GD4200,3,3239.0
2220,160328,1997-12-15,Toys,TY2400,4,324.0
2221,162092,1997-12-24,Pets,PT2400,1,3240.0
2222,188621,1998-05-11,Sports,SP1300,1,3241.0
2223,195294,1998-06-09,Sports,SP2400,1,3242.0
2224,238629,1998-12-10,Pets,PT2400,2,3243.0
2225,241386,1998-12-22,Pets,PT1200,1,3244.0
2226,119317,2000-08-19,Sports,SP3200,1,3245.0
2227,124734,2000-09-17,Sports,SP1000,1,3246.0
2228,138810,2000-11-30,Toys,TY1850,1,3247.0
2229,147723,2001-01-16,Gardening,GD1000,1,3248.0
2230,147723,2001-01-16,Gardening,GD1400,2,3249.0
2231,147723,2001-01-16,Gardening,GD2300,1,325.0
2232,147723,2001-01-16,Gardening,GD4200,3,3250.0
2233,160328,2001-03-24,Toys,TY2400,4,3251.0
2234,162092,2001-04-02,Pets,PT2400,1,3252.0
2235,100457,1997-01-15,Gardening,GD2400,1,3253.0
2236,122695,1997-05-30,Sports,SP2400,1,3254.0
2237,123241,1997-06-02,Pets,PT1400,2,3255.0
2238,123241,1997-06-02,Pets,PT2000,1,3256.0
2239,123241,1997-06-02,Pets,PT3400,2,3257.0
2240,123241,1997-06-02,Pets,PT3500,1,3258.0
2241,133316,1997-07-25,Sports,SP3100,1,3259.0
2242,149740,1997-10-20,Toys,TY4500,1,326.0
2243,165269,1998-01-13,Gardening,GD1300,1,3260.0
2244,172771,1998-02-25,Software,SW2842,2,3261.0
2245,176080,1998-03-14,Collectibles,CC4100,1,3262.0
2246,187238,1998-05-05,Pets,PT1200,1,3263.0
2247,204908,1998-07-20,Sports,SP2600,1,3264.0
2248,219336,1998-09-19,Pets,PT2400,1,3265.0
2249,219336,1998-09-19,Pets,PT3200,1,3266.0
2250,219336,1998-09-19,Pets,PT4100,4,3267.0
2251,219336,1998-09-19,Pets,PT4600,1,3268.0
2252,229027,1998-10-30,Pets,PT2300,3,3269.0
2253,100457,2000-04-24,Gardening,GD2400,1,327.0
2254,122695,2000-09-06,Sports,SP2400,1,3270.0
2255,123241,2000-09-09,Pets,PT1400,2,3271.0
2256,123241,2000-09-09,Pets,PT2000,1,3272.0
2257,123241,2000-09-09,Pets,PT3400,2,3273.0
2258,123241,2000-09-09,Pets,PT3500,1,328.0
2259,133316,2000-11-01,Sports,SP3100,1,329.0
2260,149740,2001-01-27,Toys,TY4500,1,33.0
2261,165269,2001-04-22,Gardening,GD1300,1,330.0
2262,103814,1997-02-09,Sports,SP2700,1,331.0
2263,117988,1997-05-05,Sports,SP3300,1,332.0
2264,141343,1997-09-05,Pets,PT1400,1,333.0
2265,141343,1997-09-05,Pets,PT3200,2,334.0
2266,141343,1997-09-05,Pets,PT4600,3,335.0
2267,143650,1997-09-17,Toys,TY3500,1,336.0
2268,144414,1997-09-21,Toys,TY1300,1,337.0
2269,144414,1997-09-21,Toys,TY1850,1,338.0
2270,144414,1997-09-21,Toys,TY1850,4,339.0
2271,155952,1997-11-22,Toys,TY4300,1,34.0
2272,162976,1997-12-29,Sports,SP3100,1,340.0
2273,171102,1998-02-16,Gardening,GD4100,1,341.0
2274,190931,1998-05-21,Toys,TY2700,2,342.0
2275,191168,1998-05-22,Software,SW8511,1,343.0
2276,195801,1998-06-11,Toys,TY4800,1,344.0
2277,201468,1998-07-05,Pets,PT3300,1,345.0
2278,201468,1998-07-05,Pets,PT3400,1,346.0
2279,201468,1998-07-05,Pets,PT3500,2,347.0
2280,202627,1998-07-10,Toys,TY1600,2,348.0
2281,213192,1998-08-24,Sports,SP3000,1,349.0
2282,219822,1998-09-21,Pets,PT4100,4,35.0
2283,103814,2000-05-19,Sports,SP2700,1,350.0
2284,117988,2000-08-12,Sports,SP3300,1,351.0
2285,141343,2000-12-13,Pets,PT1400,1,352.0
2286,141343,2000-12-13,Pets,PT3200,2,353.0
2287,141343,2000-12-13,Pets,PT4600,3,354.0
2288,143650,2000-12-25,Toys,TY3500,1,355.0
2289,144414,2000-12-29,Toys,TY1300,1,356.0
2290,144414,2000-12-29,Toys,TY1850,1,357.0
2291,144414,2000-12-29,Toys,TY1850,4,358.0
2292,155952,2001-03-01,Toys,TY4300,1,359.0
2293,162976,2001-04-07,Sports,SP3100,1,36.0
2294,171102,2001-05-26,Gardening,GD4100,1,360.0
2295,129352,1997-07-04,Sports,SP2000,1,361.0
2296,129352,1997-07-04,Sports,SP3100,1,362.0
2297,129352,1997-07-04,Sports,SP3200,1,363.0
2298,129352,1997-07-04,Sports,SP3200,1,364.0
2299,132728,1997-07-22,Sports,SP2400,1,365.0
2300,156340,1997-11-24,Software,SW3909,3,366.0
2301,157119,1997-11-28,Pets,PT4500,1,367.0
2302,234388,1998-11-22,Sports,SP1600,1,368.0
2303,234388,1998-11-22,Sports,SP2500,1,369.0
2304,234388,1998-11-22,Sports,SP3000,1,37.0
2305,234388,1998-11-22,Sports,SP3200,1,370.0
2306,129352,2000-10-11,Sports,SP2000,1,371.0
2307,129352,2000-10-11,Sports,SP3100,1,372.0
2308,129352,2000-10-11,Sports,SP3200,1,373.0
2309,129352,2000-10-11,Sports,SP3200,1,374.0
2310,132728,2000-10-29,Sports,SP2400,1,375.0
2311,156340,2001-03-03,Software,SW3909,3,376.0
2312,157119,2001-03-07,Pets,PT4500,1,377.0
2313,130673,1997-07-11,Gardening,GD1500,2,378.0
2314,145341,1997-09-26,Pets,PT1400,1,379.0
2315,154241,1997-11-13,Toys,TY4600,1,38.0
2316,178088,1998-03-24,Gardening,GD4000,1,380.0
2317,187241,1998-05-05,Gardening,GD1100,1,381.0
2318,187241,1998-05-05,Gardening,GD1300,1,382.0
2319,187241,1998-05-05,Gardening,GD3100,1,383.0
2320,196746,1998-06-15,Sports,SP2200,1,384.0
2321,216748,1998-09-08,Sports,SP2400,2,385.0
2322,221717,1998-09-29,Sports,SP3200,1,386.0
2323,229035,1998-10-30,Sports,SP1500,1,387.0
2324,233951,1998-11-20,Toys,TY4100,1,388.0
2325,130673,2000-10-18,Gardening,GD1500,2,389.0
2326,145341,2001-01-03,Pets,PT1400,1,39.0
2327,154241,2001-02-20,Toys,TY4600,1,390.0
2328,101619,1997-01-24,Gardening,GD1010,1,391.0
2329,108261,1997-03-10,Pets,PT1000,2,392.0
2330,131980,1997-07-18,Toys,TY3500,1,393.0
2331,144986,1997-09-24,Software,SW1207,1,394.0
2332,144986,1997-09-24,Software,SW1807,4,395.0
2333,144986,1997-09-24,Software,SW4792,4,396.0
2334,144986,1997-09-24,Software,SW9782,3,397.0
2335,149567,1997-10-19,Sports,SP1100,1,398.0
2336,149567,1997-10-19,Sports,SP2000,1,399.0
2337,149567,1997-10-19,Sports,SP3200,1,4.0
2338,197495,1998-06-18,Gardening,GD1400,4,40.0
2339,204444,1998-07-18,Software,SW3482,1,400.0
2340,204444,1998-07-18,Software,SW5493,4,401.0
2341,204444,1998-07-18,Software,SW8376,1,402.0
2342,204444,1998-07-18,Software,SW9604,1,403.0
2343,212725,1998-08-22,Toys,TY3300,4,404.0
2344,101619,2000-05-03,Gardening,GD1010,1,405.0
2345,108261,2000-06-17,Pets,PT1000,2,406.0
2346,131980,2000-10-25,Toys,TY3500,1,407.0
2347,144986,2001-01-01,Software,SW1207,1,408.0
2348,144986,2001-01-01,Software,SW1807,4,409.0
2349,144986,2001-01-01,Software,SW4792,4,41.0
2350,144986,2001-01-01,Software,SW9782,3,410.0
2351,149567,2001-01-26,Sports,SP1100,1,411.0
2352,149567,2001-01-26,Sports,SP2000,1,412.0
2353,149567,2001-01-26,Sports,SP3200,1,413.0
2354,121721,1997-05-25,Sports,SP1000,1,414.0
2355,134309,1997-07-30,Pets,PT2000,3,415.0
2356,151830,1997-10-31,Toys,TY1950,3,416.0
2357,179329,1998-03-30,Gardening,GD1001,1,417.0
2358,183493,1998-04-18,Toys,TY1700,1,418.0
2359,186154,1998-04-30,Pets,PT1200,1,419.0
2360,186154,1998-04-30,Pets,PT2400,1,42.0
2361,186154,1998-04-30,Pets,PT3100,1,420.0
2362,186154,1998-04-30,Pets,PT4600,2,421.0
2363,192531,1998-05-28,Pets,PT2200,1,422.0
2364,206790,1998-07-28,Sports,SP3000,1,423.0
2365,121721,2000-09-01,Sports,SP1000,1,424.0
2366,134309,2000-11-06,Pets,PT2000,3,425.0
2367,151830,2001-02-07,Toys,TY1950,3,426.0
2368,106067,1997-02-24,Sports,SP2200,1,427.0
2369,106067,1997-02-24,Sports,SP3200,1,428.0
2370,106067,1997-02-24,Sports,SP3400,1,429.0
2371,109753,1997-03-19,Pets,PT3100,1,43.0
2372,112945,1997-04-07,Pets,PT2300,1,430.0
2373,116502,1997-04-27,Sports,SP2500,1,431.0
2374,208170,1998-08-03,Sports,SP2000,1,432.0
2375,234634,1998-11-23,Toys,TY3100,1,433.0
2376,234634,1998-11-23,Toys,TY3400,3,434.0
2377,234634,1998-11-23,Toys,TY4600,1,435.0
2378,234634,1998-11-23,Toys,TY4700,1,436.0
2379,106067,2000-06-03,Sports,SP2200,1,437.0
2380,106067,2000-06-03,Sports,SP3200,1,438.0
2381,106067,2000-06-03,Sports,SP3400,1,439.0
2382,109753,2000-06-26,Pets,PT3100,1,44.0
2383,112945,2000-07-15,Pets,PT2300,1,440.0
2384,116502,2000-08-04,Sports,SP2500,1,441.0
2385,110921,1997-03-26,Gardening,GD3100,1,442.0
2386,110921,1997-03-26,Gardening,GD3300,1,443.0
2387,110921,1997-03-26,Gardening,GD4100,1,444.0
2388,134313,1997-07-30,Sports,SP2300,1,445.0
2389,136592,1997-08-11,Pets,PT2100,4,446.0
2390,187463,1998-05-06,Software,SW7935,4,447.0
2391,190472,1998-05-19,Gardening,GD1400,1,448.0
2392,197500,1998-06-18,Sports,SP3000,1,449.0
2393,209373,1998-08-08,Toys,TY4700,4,45.0
2394,211793,1998-08-18,Pets,PT3500,1,450.0
2395,215294,1998-09-02,Sports,SP3400,1,451.0
2396,226176,1998-10-18,Sports,SP2700,1,452.0
2397,235055,1998-11-25,Sports,SP1300,1,453.0
2398,110921,2000-07-03,Gardening,GD3100,1,454.0
2399,110921,2000-07-03,Gardening,GD3300,1,455.0
2400,110921,2000-07-03,Gardening,GD4100,1,456.0
2401,134313,2000-11-06,Sports,SP2300,1,457.0
2402,136592,2000-11-18,Pets,PT2100,4,458.0
2403,100597,1997-01-16,Sports,SP1200,2,459.0
2404,113679,1997-04-11,Gardening,GD1200,2,46.0
2405,128153,1997-06-28,Sports,SP1200,1,460.0
2406,128153,1997-06-28,Sports,SP2200,1,461.0
2407,128153,1997-06-28,Sports,SP2300,4,462.0
2408,159604,1997-12-11,Pets,PT2100,1,463.0
2409,161317,1997-12-20,Toys,TY4500,2,464.0
2410,161515,1997-12-21,Software,SW4187,1,465.0
2411,164671,1998-01-09,Software,SW1828,1,466.0
2412,172951,1998-02-26,Gardening,GD2300,1,467.0
2413,173140,1998-02-27,Sports,SP2000,1,468.0
2414,219115,1998-09-18,Sports,SP1500,1,469.0
2415,239998,1998-12-16,Toys,TY1300,1,47.0
2416,100597,2000-04-25,Sports,SP1200,2,470.0
2417,113679,2000-07-19,Gardening,GD1200,2,471.0
2418,128153,2000-10-05,Sports,SP1200,1,472.0
2419,128153,2000-10-05,Sports,SP2200,1,473.0
2420,128153,2000-10-05,Sports,SP2300,4,474.0
2421,159604,2001-03-20,Pets,PT2100,1,475.0
2422,161317,2001-03-29,Toys,TY4500,2,476.0
2423,161515,2001-03-30,Software,SW4187,1,477.0
2424,164671,2001-04-18,Software,SW1828,1,478.0
2425,117996,1997-05-05,Sports,SP2600,1,479.0
2426,122512,1997-05-29,Pets,PT1000,1,48.0
2427,127530,1997-06-25,Collectibles,CC4800,1,480.0
2428,128545,1997-06-30,Sports,SP1400,2,481.0
2429,132738,1997-07-22,Toys,TY1900,1,482.0
2430,160155,1997-12-14,Toys,TY3100,3,483.0
2431,160155,1997-12-14,Toys,TY4400,1,484.0
2432,160155,1997-12-14,Toys,TY5400,1,485.0
2433,196288,1998-06-13,Sports,SP1200,3,486.0
2434,217439,1998-09-11,Toys,TY1100,1,487.0
2435,219600,1998-09-20,Toys,TY4300,3,488.0
2436,242490,1998-12-27,Toys,TY1100,2,489.0
2437,242490,1998-12-27,Toys,TY1650,2,49.0
2438,242490,1998-12-27,Toys,TY1900,1,490.0
2439,242490,1998-12-27,Toys,TY5200,1,491.0
2440,117996,2000-08-12,Sports,SP2600,1,492.0
2441,122512,2000-09-05,Pets,PT1000,1,493.0
2442,127530,2000-10-02,Collectibles,CC4800,1,494.0
2443,128545,2000-10-07,Sports,SP1400,2,495.0
2444,132738,2000-10-29,Toys,TY1900,1,496.0
2445,160155,2001-03-23,Toys,TY3100,3,497.0
2446,160155,2001-03-23,Toys,TY4400,1,498.0
2447,160155,2001-03-23,Toys,TY5400,1,499.0
2448,101110,1997-01-20,Pets,PT2400,1,5.0
2449,104532,1997-02-14,Sports,SP2000,1,50.0
2450,110436,1997-03-23,Gardening,GD2400,1,500.0
2451,117238,1997-05-01,Sports,SP1000,1,501.0
2452,133329,1997-07-25,Pets,PT1400,2,502.0
2453,133329,1997-07-25,Pets,PT3500,1,503.0
2454,133329,1997-07-25,Pets,PT4300,1,504.0
2455,133329,1997-07-25,Pets,PT4600,1,505.0
2456,133697,1997-07-27,Pets,PT1300,1,506.0
2457,138823,1997-08-23,Sports,SP2300,1,507.0
2458,153854,1997-11-11,Toys,TY2300,1,508.0
2459,177263,1998-03-20,Toys,TY3800,1,509.0
2460,180405,1998-04-04,Gardening,GD4200,1,51.0
2461,190692,1998-05-20,Pets,PT1100,1,510.0
2462,192996,1998-05-30,Toys,TY3700,4,511.0
2463,196525,1998-06-14,Pets,PT3100,1,512.0
2464,101110,2000-04-29,Pets,PT2400,1,513.0
2465,104532,2000-05-24,Sports,SP2000,1,514.0
2466,110436,2000-06-30,Gardening,GD2400,1,515.0
2467,117238,2000-08-08,Sports,SP1000,1,516.0
2468,133329,2000-11-01,Pets,PT1400,2,517.0
2469,133329,2000-11-01,Pets,PT3500,1,518.0
2470,133329,2000-11-01,Pets,PT4300,1,519.0
2471,133329,2000-11-01,Pets,PT4600,1,52.0
2472,133697,2000-11-03,Pets,PT1300,1,520.0
2473,138823,2000-11-30,Sports,SP2300,1,521.0
2474,153854,2001-02-18,Toys,TY2300,1,522.0
2475,101112,1997-01-20,Sports,SP2400,1,523.0
2476,104683,1997-02-15,Pets,PT4600,1,524.0
2477,108573,1997-03-12,Sports,SP2400,3,525.0
2478,111574,1997-03-30,Sports,SP2300,1,526.0
2479,123630,1997-06-04,Sports,SP2000,1,527.0
2480,123630,1997-06-04,Sports,SP3200,3,528.0
2481,134317,1997-07-30,Pets,PT2100,1,529.0
2482,141354,1997-09-05,Pets,PT1300,2,53.0
2483,156347,1997-11-24,Toys,TY1300,1,530.0
2484,200543,1998-07-01,Pets,PT3100,1,531.0
2485,210121,1998-08-11,Software,SW2842,1,532.0
2486,221727,1998-09-29,Software,SW7823,1,533.0
2487,223655,1998-10-07,Pets,PT3400,3,534.0
2488,232303,1998-11-13,Gardening,GD1010,1,535.0
2489,235538,1998-11-27,Pets,PT3100,3,536.0
2490,240474,1998-12-18,Software,SW6269,1,537.0
2491,101112,2000-04-29,Sports,SP2400,1,538.0
2492,104683,2000-05-25,Pets,PT4600,1,539.0
2493,108573,2000-06-19,Sports,SP2400,3,54.0
2494,111574,2000-07-07,Sports,SP2300,1,540.0
2495,123630,2000-09-11,Sports,SP2000,1,541.0
2496,123630,2000-09-11,Sports,SP3200,3,542.0
2497,134317,2000-11-06,Pets,PT2100,1,543.0
2498,141354,2000-12-13,Pets,PT1300,2,544.0
2499,156347,2001-03-03,Toys,TY1300,1,545.0
2500,107817,1997-03-07,Sports,SP1600,1,546.0
2501,121561,1997-05-24,Sports,SP3000,1,547.0
2502,126293,1997-06-18,Gardening,GD1500,4,548.0
2503,142086,1997-09-09,Collectibles,CC1500,1,549.0
2504,142086,1997-09-09,Collectibles,CC3200,1,55.0
2505,142086,1997-09-09,Collectibles,CC4700,2,550.0
2506,149222,1997-10-17,Pets,PT1400,1,551.0
2507,149748,1997-10-20,Sports,SP1600,1,552.0
2508,172368,1998-02-23,Pets,PT2000,2,553.0
2509,172368,1998-02-23,Pets,PT4200,1,554.0
2510,190247,1998-05-18,Sports,SP1300,1,555.0
2511,200548,1998-07-01,Sports,SP1300,3,556.0
2512,200548,1998-07-01,Sports,SP2200,1,557.0
2513,200548,1998-07-01,Sports,SP3100,4,558.0
2514,227137,1998-10-22,Sports,SP2300,1,559.0
2515,233242,1998-11-17,Pets,PT4100,1,56.0
2516,107817,2000-06-14,Sports,SP1600,1,560.0
2517,121561,2000-08-31,Sports,SP3000,1,561.0
2518,126293,2000-09-25,Gardening,GD1500,4,562.0
2519,142086,2000-12-17,Collectibles,CC1500,1,563.0
2520,142086,2000-12-17,Collectibles,CC3200,1,564.0
2521,142086,2000-12-17,Collectibles,CC4700,2,565.0
2522,149222,2001-01-24,Pets,PT1400,1,566.0
2523,149748,2001-01-27,Sports,SP1600,1,567.0
2524,112399,1997-04-04,Gardening,GD2000,1,568.0
2525,112399,1997-04-04,Gardening,GD2400,3,569.0
2526,112399,1997-04-04,Gardening,GD3300,1,57.0
2527,124184,1997-06-07,Pets,PT4100,4,570.0
2528,137163,1997-08-14,Pets,PT1300,4,571.0
2529,138049,1997-08-19,Pets,PT4600,2,572.0
2530,171844,1998-02-20,Pets,PT2400,1,573.0
2531,207273,1998-07-30,Sports,SP3100,1,574.0
2532,215752,1998-09-04,Pets,PT1400,1,575.0
2533,112399,2000-07-12,Gardening,GD2000,1,576.0
2534,112399,2000-07-12,Gardening,GD2400,3,577.0
2535,112399,2000-07-12,Gardening,GD3300,1,578.0
2536,124184,2000-09-14,Pets,PT4100,4,579.0
2537,137163,2000-11-21,Pets,PT1300,4,58.0
2538,138049,2000-11-26,Pets,PT4600,2,580.0
2539,171844,2001-05-30,Pets,PT2400,1,581.0
2540,117426,1997-05-02,Pets,PT1100,1,582.0
2541,117426,1997-05-02,Pets,PT1400,1,583.0
2542,117426,1997-05-02,Pets,PT4200,1,584.0
2543,117426,1997-05-02,Pets,PT4200,2,585.0
2544,118180,1997-05-06,Gardening,GD1400,3,586.0
2545,118180,1997-05-06,Gardening,GD1600,1,587.0
2546,118180,1997-05-06,Gardening,GD3000,1,588.0
2547,144605,1997-09-22,Sports,SP3100,1,589.0
2548,149749,1997-10-20,Software,SW1612,3,59.0
2549,149749,1997-10-20,Software,SW3617,1,590.0
2550,149749,1997-10-20,Software,SW4773,2,591.0
2551,150130,1997-10-22,Toys,TY5200,1,592.0
2552,152027,1997-11-01,Pets,PT1200,4,593.0
2553,171303,1998-02-17,Sports,SP2400,4,594.0
2554,186810,1998-05-03,Gardening,GD2300,3,595.0
2555,187970,1998-05-08,Toys,TY1750,1,596.0
2556,187970,1998-05-08,Toys,TY1900,1,597.0
2557,187970,1998-05-08,Toys,TY4800,4,598.0
2558,187970,1998-05-08,Toys,TY5300,1,599.0
2559,192539,1998-05-28,Gardening,GD1200,1,6.0
2560,192539,1998-05-28,Gardening,GD1300,4,60.0
2561,192539,1998-05-28,Gardening,GD2200,3,600.0
2562,193460,1998-06-01,Toys,TY1750,1,601.0
2563,193460,1998-06-01,Toys,TY1950,3,602.0
2564,193460,1998-06-01,Toys,TY4500,1,603.0
2565,193460,1998-06-01,Toys,TY4600,1,604.0
2566,204682,1998-07-19,Sports,SP2300,3,605.0
2567,204682,1998-07-19,Sports,SP3100,1,606.0
2568,225492,1998-10-15,Sports,SP1000,4,607.0
2569,226707,1998-10-20,Pets,PT2100,3,608.0
2570,233731,1998-11-19,Collectibles,CC4400,1,609.0
2571,117426,2000-08-09,Pets,PT1100,1,61.0
2572,117426,2000-08-09,Pets,PT1400,1,610.0
2573,117426,2000-08-09,Pets,PT4200,1,611.0
2574,117426,2000-08-09,Pets,PT4200,2,612.0
2575,118180,2000-08-13,Gardening,GD1400,3,613.0
2576,118180,2000-08-13,Gardening,GD1600,1,614.0
2577,118180,2000-08-13,Gardening,GD3000,1,615.0
2578,144605,2000-12-30,Sports,SP3100,1,616.0
2579,149749,2001-01-27,Software,SW1612,3,617.0
2580,149749,2001-01-27,Software,SW3617,1,618.0
2581,149749,2001-01-27,Software,SW4773,2,619.0
2582,150130,2001-01-29,Toys,TY5200,1,62.0
2583,152027,2001-02-08,Pets,PT1200,4,620.0
2584,171303,2001-05-27,Sports,SP2400,4,621.0
2585,106577,1997-02-27,Sports,SP3100,1,622.0
2586,110759,1997-03-25,Pets,PT1000,2,623.0
2587,113684,1997-04-11,Pets,PT2000,1,624.0
2588,113684,1997-04-11,Pets,PT3200,1,625.0
2589,113684,1997-04-11,Pets,PT3300,2,626.0
2590,113684,1997-04-11,Pets,PT3500,1,627.0
2591,153142,1997-11-07,Pets,PT2200,1,628.0
2592,165282,1998-01-13,Software,SW2782,1,629.0
2593,165281,1998-01-13,Toys,TY1700,1,63.0
2594,167907,1998-01-29,Sports,SP2300,1,630.0
2595,184415,1998-04-22,Gardening,GD4300,3,631.0
2596,210342,1998-08-12,Pets,PT4300,4,632.0
2597,223206,1998-10-05,Collectibles,CC3600,3,633.0
2598,224592,1998-10-11,Pets,PT3500,1,634.0
2599,106577,2000-06-06,Sports,SP3100,1,635.0
2600,110759,2000-07-02,Pets,PT1000,2,636.0
2601,113684,2000-07-19,Pets,PT2000,1,637.0
2602,113684,2000-07-19,Pets,PT3200,1,638.0
2603,113684,2000-07-19,Pets,PT3300,2,639.0
2604,113684,2000-07-19,Pets,PT3500,1,64.0
2605,153142,2001-02-14,Pets,PT2200,1,640.0
2606,165282,2001-04-22,Software,SW2782,1,641.0
2607,165281,2001-04-22,Toys,TY1700,1,642.0
2608,167907,2001-05-08,Sports,SP2300,1,643.0
2609,120263,1997-05-17,Sports,SP3200,4,644.0
2610,127158,1997-06-23,Gardening,GD3400,3,645.0
2611,136395,1997-08-10,Gardening,GD1600,1,646.0
2612,136395,1997-08-10,Gardening,GD3200,1,647.0
2613,136395,1997-08-10,Gardening,GD3200,1,648.0
2614,136395,1997-08-10,Gardening,GD4200,3,649.0
2615,137344,1997-08-15,Pets,PT4300,1,65.0
2616,150132,1997-10-22,Sports,SP2400,2,650.0
2617,158847,1997-12-07,Pets,PT4100,2,651.0
2618,170757,1998-02-14,Sports,SP1000,3,652.0
2619,178924,1998-03-28,Pets,PT1200,1,653.0
2620,210125,1998-08-11,Pets,PT4300,1,654.0
2621,229048,1998-10-30,Toys,TY4800,3,655.0
2622,241844,1998-12-24,Pets,PT1300,2,656.0
2623,120263,2000-08-24,Sports,SP3200,4,657.0
2624,127158,2000-09-30,Gardening,GD3400,3,658.0
2625,136395,2000-11-17,Gardening,GD1600,1,659.0
2626,136395,2000-11-17,Gardening,GD3200,1,66.0
2627,136395,2000-11-17,Gardening,GD3200,1,660.0
2628,136395,2000-11-17,Gardening,GD4200,3,661.0
2629,137344,2000-11-22,Pets,PT4300,1,662.0
2630,150132,2001-01-29,Sports,SP2400,2,663.0
2631,158847,2001-03-16,Pets,PT4100,2,664.0
2632,170757,2001-05-24,Sports,SP1000,3,665.0
2633,104129,1997-02-11,Sports,SP2000,1,666.0
2634,120267,1997-05-17,Pets,PT1100,1,667.0
2635,121393,1997-05-23,Pets,PT4300,2,668.0
2636,154053,1997-11-12,Pets,PT3200,1,669.0
2637,184641,1998-04-23,Pets,PT4500,1,67.0
2638,184642,1998-04-23,Sports,SP2200,1,670.0
2639,185278,1998-04-26,Pets,PT4600,1,671.0
2640,196054,1998-06-12,Software,SW4550,1,672.0
2641,196054,1998-06-12,Software,SW4550,1,673.0
2642,196054,1998-06-12,Software,SW9023,1,674.0
2643,196054,1998-06-12,Software,SW9521,1,675.0
2644,198649,1998-06-23,Gardening,GD1400,1,676.0
2645,198649,1998-06-23,Gardening,GD3100,1,677.0
2646,198649,1998-06-23,Gardening,GD3200,1,678.0
2647,206314,1998-07-26,Sports,SP2400,1,679.0
2648,206314,1998-07-26,Sports,SP2600,1,68.0
2649,206314,1998-07-26,Sports,SP3200,1,680.0
2650,220078,1998-09-22,Pets,PT1000,1,681.0
2651,223444,1998-10-06,Sports,SP3400,1,682.0
2652,224131,1998-10-09,Sports,SP1500,1,683.0
2653,231848,1998-11-11,Toys,TY4600,3,684.0
2654,104129,2000-05-21,Sports,SP2000,1,685.0
2655,120267,2000-08-24,Pets,PT1100,1,686.0
2656,121393,2000-08-30,Pets,PT4300,2,687.0
2657,154053,2001-02-19,Pets,PT3200,1,688.0
2658,101514,1997-01-23,Software,SW3625,3,689.0
2659,112242,1997-04-03,Sports,SP3200,1,69.0
2660,116156,1997-04-25,Collectibles,CC3600,1,690.0
2661,116156,1997-04-25,Collectibles,CC3700,1,691.0
2662,116156,1997-04-25,Collectibles,CC4400,1,692.0
2663,128767,1997-07-01,Toys,TY4600,1,693.0
2664,129168,1997-07-03,Sports,SP1000,1,694.0
2665,159202,1997-12-09,Pets,PT3300,1,695.0
2666,165929,1998-01-17,Gardening,GD3100,1,696.0
2667,166587,1998-01-21,Pets,PT4500,1,697.0
2668,168576,1998-02-02,Gardening,GD3000,1,698.0
2669,168576,1998-02-02,Gardening,GD3200,1,699.0
2670,168576,1998-02-02,Gardening,GD4200,1,7.0
2671,170562,1998-02-13,Sports,SP3200,1,70.0
2672,202872,1998-07-11,Sports,SP2400,1,700.0
2673,206807,1998-07-28,Sports,SP2200,1,701.0
2674,219616,1998-09-20,Sports,SP1600,4,702.0
2675,219616,1998-09-20,Sports,SP3000,1,703.0
2676,219616,1998-09-20,Sports,SP3300,4,704.0
2677,219616,1998-09-20,Sports,SP3400,4,705.0
2678,228082,1998-10-26,Pets,PT2300,1,706.0
2679,101514,2000-05-02,Software,SW3625,3,707.0
2680,112242,2000-07-11,Sports,SP3200,1,708.0
2681,116156,2000-08-02,Collectibles,CC3600,1,709.0
2682,116156,2000-08-02,Collectibles,CC3700,1,71.0
2683,116156,2000-08-02,Collectibles,CC4400,1,710.0
2684,128767,2000-10-08,Toys,TY4600,1,711.0
2685,129168,2000-10-10,Sports,SP1000,1,712.0
2686,159202,2001-03-18,Pets,PT3300,1,713.0
2687,165929,2001-04-26,Gardening,GD3100,1,714.0
2688,166587,2001-04-30,Pets,PT4500,1,715.0
2689,168576,2001-05-12,Gardening,GD3000,1,716.0
2690,168576,2001-05-12,Gardening,GD3200,1,717.0
2691,168576,2001-05-12,Gardening,GD4200,1,718.0
2692,170562,2001-05-23,Sports,SP3200,1,719.0
2693,112082,1997-04-02,Gardening,GD1500,1,72.0
2694,114536,1997-04-16,Sports,SP1300,1,720.0
2695,137173,1997-08-14,Toys,TY4500,1,721.0
2696,157887,1997-12-02,Toys,TY1650,1,722.0
2697,162112,1997-12-24,Software,SW9521,4,723.0
2698,175460,1998-03-11,Toys,TY3300,1,724.0
2699,175460,1998-03-11,Toys,TY3700,1,725.0
2700,175460,1998-03-11,Toys,TY4400,1,726.0
2701,186819,1998-05-03,Pets,PT2000,1,727.0
2702,192319,1998-05-27,Toys,TY1100,1,728.0
2703,192319,1998-05-27,Toys,TY1200,1,729.0
2704,192319,1998-05-27,Toys,TY4400,2,73.0
2705,194855,1998-06-07,Sports,SP3200,1,730.0
2706,202389,1998-07-09,Toys,TY1500,1,731.0
2707,218179,1998-09-14,Toys,TY4600,4,732.0
2708,220544,1998-09-24,Pets,PT2000,1,733.0
2709,220544,1998-09-24,Pets,PT2100,1,734.0
2710,220544,1998-09-24,Pets,PT4200,1,735.0
2711,220544,1998-09-24,Pets,PT4500,4,736.0
2712,112082,2000-07-10,Gardening,GD1500,1,737.0
2713,114536,2000-07-24,Sports,SP1300,1,738.0
2714,137173,2000-11-21,Toys,TY4500,1,739.0
2715,157887,2001-03-11,Toys,TY1650,1,74.0
2716,162112,2001-04-02,Software,SW9521,4,740.0
2717,98957,1997-01-03,Sports,SP3400,1,741.0
2718,136795,1997-08-12,Collectibles,CC4100,1,742.0
2719,136795,1997-08-12,Collectibles,CC4200,1,743.0
2720,136795,1997-08-12,Collectibles,CC4600,3,744.0
2721,159616,1997-12-11,Gardening,GD3200,3,745.0
2722,197511,1998-06-18,Sports,SP1300,1,746.0
2723,216491,1998-09-07,Toys,TY1950,2,747.0
2724,218396,1998-09-15,Software,SW4323,1,748.0
2725,241847,1998-12-24,Toys,TY1500,1,749.0
2726,98957,2000-04-12,Sports,SP3400,1,75.0
2727,136795,2000-11-19,Collectibles,CC4100,1,750.0
2728,136795,2000-11-19,Collectibles,CC4200,1,751.0
2729,136795,2000-11-19,Collectibles,CC4600,3,752.0
2730,159616,2001-03-20,Gardening,GD3200,3,753.0
2731,122130,1997-05-27,Sports,SP2000,1,754.0
2732,143266,1997-09-15,Sports,SP2600,3,755.0
2733,144615,1997-09-22,Sports,SP1400,1,756.0
2734,144615,1997-09-22,Sports,SP2600,1,757.0
2735,144615,1997-09-22,Sports,SP2700,1,758.0
2736,158087,1997-12-03,Pets,PT4400,1,759.0
2737,161926,1997-12-23,Toys,TY1200,1,76.0
2738,164243,1998-01-06,Pets,PT1200,1,760.0
2739,185717,1998-04-28,Gardening,GD2400,1,761.0
2740,186821,1998-05-03,Gardening,GD1200,1,762.0
2741,188645,1998-05-11,Collectibles,CC3600,1,763.0
2742,190958,1998-05-21,Pets,PT2100,1,764.0
2743,208181,1998-08-03,Sports,SP1100,1,765.0
2744,208181,1998-08-03,Sports,SP2300,1,766.0
2745,208181,1998-08-03,Sports,SP3200,1,767.0
2746,217460,1998-09-11,Sports,SP3300,1,768.0
2747,220325,1998-09-23,Pets,PT3300,1,769.0
2748,240944,1998-12-20,Toys,TY1500,1,77.0
2749,122130,2000-09-03,Sports,SP2000,1,770.0
2750,143266,2000-12-23,Sports,SP2600,3,771.0
2751,144615,2000-12-30,Sports,SP1400,1,772.0
2752,144615,2000-12-30,Sports,SP2600,1,773.0
2753,144615,2000-12-30,Sports,SP2700,1,774.0
2754,158087,2001-03-12,Pets,PT4400,1,775.0
2755,161926,2001-04-01,Toys,TY1200,1,776.0
2756,164243,2001-04-15,Pets,PT1200,1,777.0
2757,103548,1997-02-07,Sports,SP1300,1,778.0
2758,119350,1997-05-12,Sports,SP2700,4,779.0
2759,138253,1997-08-20,Sports,SP3100,1,78.0
2760,142105,1997-09-09,Sports,SP3200,1,780.0
2761,156549,1997-11-25,Pets,PT3300,1,781.0
2762,161536,1997-12-21,Toys,TY2200,1,782.0
2763,172965,1998-02-26,Sports,SP3000,1,783.0
2764,187483,1998-05-06,Gardening,GD2000,1,784.0
2765,189565,1998-05-15,Gardening,GD3300,2,785.0
2766,195826,1998-06-11,Gardening,GD1500,1,786.0
2767,209120,1998-08-07,Toys,TY1300,1,787.0
2768,212747,1998-08-22,Pets,PT3500,1,788.0
2769,218185,1998-09-14,Pets,PT2100,4,789.0
2770,219623,1998-09-20,Sports,SP2000,2,79.0
2771,103548,2000-05-17,Sports,SP1300,1,790.0
2772,119350,2000-08-19,Sports,SP2700,4,791.0
2773,138253,2000-11-27,Sports,SP3100,1,792.0
2774,142105,2000-12-17,Sports,SP3200,1,793.0
2775,156549,2001-03-04,Pets,PT3300,1,794.0
2776,161536,2001-03-30,Toys,TY2200,1,795.0
2777,152040,1997-11-01,Sports,SP2600,4,796.0
2778,162631,1997-12-27,Pets,PT3300,1,797.0
2779,182819,1998-04-15,Sports,SP2000,2,798.0
2780,194183,1998-06-04,Gardening,GD1300,2,799.0
2781,194183,1998-06-04,Gardening,GD2000,1,8.0
2782,194183,1998-06-04,Gardening,GD3200,3,80.0
2783,199355,1998-06-26,Pets,PT3500,2,800.0
2784,199586,1998-06-27,Pets,PT3100,1,801.0
2785,207285,1998-07-30,Gardening,GD2000,3,802.0
2786,207285,1998-07-30,Gardening,GD2200,1,803.0
2787,207285,1998-07-30,Gardening,GD3400,3,804.0
2788,221959,1998-09-30,Toys,TY3200,1,805.0
2789,226718,1998-10-20,Pets,PT4600,1,806.0
2790,238665,1998-12-10,Sports,SP1200,4,807.0
2791,152040,2001-02-08,Sports,SP2600,4,8074.0
2792,162631,2001-04-05,Pets,PT3300,1,808.0
2793,98960,1997-01-03,Gardening,GD2200,3,809.0
2794,108911,1997-03-14,Pets,PT4200,1,81.0
2795,111756,1997-03-31,Gardening,GD2300,1,810.0
2796,118005,1997-05-05,Gardening,GD1010,1,811.0
2797,125168,1997-06-12,Pets,PT1200,3,812.0
2798,135070,1997-08-03,Toys,TY1900,1,813.0
2799,149600,1997-10-19,Toys,TY2100,4,814.0
2800,149600,1997-10-19,Toys,TY2600,1,815.0
2801,149600,1997-10-19,Toys,TY4300,3,816.0
2802,149600,1997-10-19,Toys,TY4700,3,817.0
2803,152425,1997-11-03,Sports,SP1300,1,818.0
2804,164978,1998-01-11,Gardening,GD1001,1,819.0
2805,164978,1998-01-11,Gardening,GD1100,4,82.0
2806,164978,1998-01-11,Gardening,GD3000,3,820.0
2807,164978,1998-01-11,Gardening,GD4300,1,821.0
2808,187043,1998-05-04,Sports,SP1500,1,822.0
2809,189806,1998-05-16,Pets,PT2400,1,823.0
2810,192325,1998-05-27,Toys,TY1100,1,824.0
2811,193965,1998-06-03,Sports,SP3200,1,825.0
2812,200563,1998-07-01,Sports,SP1000,2,826.0
2813,200563,1998-07-01,Sports,SP2200,1,827.0
2814,200563,1998-07-01,Sports,SP2300,1,828.0
2815,200563,1998-07-01,Sports,SP3000,4,829.0
2816,234876,1998-11-24,Toys,TY4700,1,83.0
2817,98960,2000-04-12,Gardening,GD2200,3,830.0
2818,108911,2000-06-21,Pets,PT4200,1,831.0
2819,111756,2000-07-08,Gardening,GD2300,1,832.0
2820,118005,2000-08-12,Gardening,GD1010,1,833.0
2821,125168,2000-09-19,Pets,PT1200,3,834.0
2822,135070,2000-11-10,Toys,TY1900,1,835.0
2823,149600,2001-01-26,Toys,TY2100,4,836.0
2824,149600,2001-01-26,Toys,TY2600,1,837.0
2825,149600,2001-01-26,Toys,TY4300,3,838.0
2826,149600,2001-01-26,Toys,TY4700,3,839.0
2827,152425,2001-02-10,Sports,SP1300,1,84.0
2828,164978,2001-04-20,Gardening,GD1001,1,840.0
2829,164978,2001-04-20,Gardening,GD1100,4,841.0
2830,164978,2001-04-20,Gardening,GD3000,3,842.0
2831,164978,2001-04-20,Gardening,GD4300,1,843.0
2832,98961,1997-01-03,Pets,PT2100,1,844.0
2833,98961,1997-01-03,Pets,PT2300,1,845.0
2834,98961,1997-01-03,Pets,PT2300,1,846.0
2835,98961,1997-01-03,Pets,PT3200,1,847.0
2836,103828,1997-02-09,Toys,TY1200,1,848.0
2837,113530,1997-04-10,Toys,TY4100,1,849.0
2838,129967,1997-07-07,Sports,SP1000,1,85.0
2839,144252,1997-09-20,Gardening,GD1300,1,850.0
2840,156178,1997-11-23,Toys,TY3300,4,851.0
2841,157714,1997-12-01,Pets,PT4500,1,852.0
2842,192106,1998-05-26,Sports,SP3000,1,853.0
2843,200329,1998-06-30,Sports,SP2600,1,854.0
2844,200329,1998-06-30,Sports,SP2700,1,855.0
2845,200329,1998-06-30,Sports,SP3200,1,856.0
2846,237724,1998-12-06,Pets,PT1300,1,857.0
2847,237958,1998-12-07,Toys,TY3500,2,858.0
2848,98961,2000-04-12,Pets,PT2100,1,859.0
2849,98961,2000-04-12,Pets,PT2300,1,86.0
2850,98961,2000-04-12,Pets,PT2300,1,860.0
2851,98961,2000-04-12,Pets,PT3200,1,861.0
2852,103828,2000-05-19,Toys,TY1200,1,862.0
2853,113530,2000-07-18,Toys,TY4100,1,863.0
2854,129967,2000-10-14,Sports,SP1000,1,864.0
2855,144252,2000-12-28,Gardening,GD1300,1,865.0
2856,156178,2001-03-02,Toys,TY3300,4,866.0
2857,157714,2001-03-10,Pets,PT4500,1,867.0
2858,135450,1997-08-05,Software,SW2842,1,868.0
2859,141370,1997-09-05,Pets,PT1300,3,869.0
2860,144445,1997-09-21,Sports,SP1500,1,87.0
2861,144445,1997-09-21,Sports,SP1600,3,870.0
2862,144445,1997-09-21,Sports,SP2700,3,871.0
2863,144445,1997-09-21,Sports,SP3000,1,872.0
2864,159027,1997-12-08,Toys,TY3600,1,873.0
2865,171132,1998-02-16,Pets,PT2100,1,874.0
2866,175282,1998-03-10,Sports,SP2300,1,875.0
2867,204240,1998-07-17,Sports,SP2200,1,876.0
2868,204240,1998-07-17,Sports,SP2400,1,877.0
2869,204240,1998-07-17,Sports,SP2700,1,878.0
2870,204240,1998-07-17,Sports,SP3000,1,879.0
2871,216508,1998-09-07,Toys,TY1950,1,88.0
2872,216768,1998-09-08,Sports,SP1400,1,880.0
2873,230222,1998-11-04,Pets,PT3300,1,881.0
2874,135450,2000-11-12,Software,SW2842,1,882.0
2875,141370,2000-12-13,Pets,PT1300,3,883.0
2876,144445,2000-12-29,Sports,SP1500,1,884.0
2877,144445,2000-12-29,Sports,SP1600,3,885.0
2878,144445,2000-12-29,Sports,SP2700,3,886.0
2879,144445,2000-12-29,Sports,SP3000,1,887.0
2880,159027,2001-03-17,Toys,TY3600,1,888.0
2881,171132,2001-05-26,Pets,PT2100,1,889.0
2882,111113,1997-03-27,Sports,SP3300,1,89.0
2883,112100,1997-04-02,Collectibles,CC1200,1,890.0
2884,124001,1997-06-06,Sports,SP1100,1,891.0
2885,132214,1997-07-19,Toys,TY2400,1,892.0
2886,137532,1997-08-16,Sports,SP1400,2,893.0
2887,150958,1997-10-26,Collectibles,CC1100,1,894.0
2888,178736,1998-03-27,Toys,TY3100,1,895.0
2889,185296,1998-04-26,Sports,SP1300,1,896.0
2890,194875,1998-06-07,Gardening,GD2300,2,897.0
2891,199123,1998-06-25,Sports,SP2700,3,898.0
2892,205407,1998-07-22,Toys,TY4800,4,899.0
2893,236518,1998-12-01,Pets,PT1000,1,9.0
2894,236518,1998-12-01,Pets,PT1100,1,90.0
2895,236518,1998-12-01,Pets,PT3500,1,900.0
2896,111113,2000-07-04,Sports,SP3300,1,901.0
2897,112100,2000-07-10,Collectibles,CC1200,1,902.0
2898,124001,2000-09-13,Sports,SP1100,1,903.0
2899,132214,2000-10-26,Toys,TY2400,1,904.0
2900,137532,2000-11-23,Sports,SP1400,2,905.0
2901,150958,2001-02-02,Collectibles,CC1100,1,9054.0
2902,111604,1997-03-30,Toys,TY1100,1,906.0
2903,111604,1997-03-30,Toys,TY1100,1,907.0
2904,111604,1997-03-30,Toys,TY1700,1,908.0
2905,111604,1997-03-30,Toys,TY2500,1,909.0
2906,121235,1997-05-22,Gardening,GD1200,3,91.0
2907,132560,1997-07-21,Software,SW2288,1,910.0
2908,132560,1997-07-21,Software,SW7573,1,911.0
2909,132560,1997-07-21,Software,SW8241,1,912.0
2910,155595,1997-11-20,Sports,SP2300,1,913.0
2911,177287,1998-03-20,Sports,SP2300,1,914.0
2912,181761,1998-04-10,Gardening,GD3300,1,915.0
2913,227165,1998-10-22,Toys,TY2100,1,916.0
2914,227854,1998-10-25,Toys,TY5100,3,917.0
2915,111604,2000-07-07,Toys,TY1100,1,918.0
2916,111604,2000-07-07,Toys,TY1100,1,919.0
2917,111604,2000-07-07,Toys,TY1700,1,92.0
2918,111604,2000-07-07,Toys,TY2500,1,920.0
2919,121235,2000-08-29,Gardening,GD1200,3,921.0
2920,132560,2000-10-28,Software,SW2288,1,922.0
2921,132560,2000-10-28,Software,SW7573,1,923.0
2922,132560,2000-10-28,Software,SW8241,1,924.0
2923,155595,2001-02-27,Sports,SP2300,1,925.0
2924,113324,1997-04-09,Sports,SP3200,1,926.0
2925,114721,1997-04-17,Gardening,GD3200,2,927.0
2926,154864,1997-11-16,Sports,SP1400,3,928.0
2927,189098,1998-05-13,Pets,PT1200,1,929.0
2928,189098,1998-05-13,Pets,PT4200,2,93.0
2929,201024,1998-07-03,Sports,SP1400,1,930.0
2930,221498,1998-09-28,Gardening,GD1200,1,931.0
2931,221498,1998-09-28,Gardening,GD2200,1,932.0
2932,221498,1998-09-28,Gardening,GD3000,1,933.0
2933,234881,1998-11-24,Sports,SP3300,1,934.0
2934,113324,2000-07-17,Sports,SP3200,1,935.0
2935,114721,2000-07-25,Gardening,GD3200,2,936.0
2936,154864,2001-02-23,Sports,SP1400,3,937.0
2937,106886,1997-03-01,Gardening,GD2200,1,938.0
2938,106886,1997-03-01,Gardening,GD4100,2,939.0
2939,106886,1997-03-01,Gardening,GD4300,1,94.0
2940,123093,1997-06-01,Sports,SP2200,1,940.0
2941,136622,1997-08-11,Pets,PT1400,1,941.0
2942,150149,1997-10-22,Pets,PT4100,1,942.0
2943,155225,1997-11-18,Pets,PT3200,2,943.0
2944,155225,1997-11-18,Pets,PT3400,4,944.0
2945,158669,1997-12-06,Toys,TY2300,1,945.0
2946,177705,1998-03-22,Gardening,GD2400,1,946.0
2947,177705,1998-03-22,Gardening,GD3400,1,947.0
2948,177705,1998-03-22,Gardening,GD4000,3,948.0
2949,177705,1998-03-22,Gardening,GD4000,1,949.0
2950,181762,1998-04-10,Gardening,GD3000,1,95.0
2951,182436,1998-04-13,Gardening,GD1200,1,950.0
2952,190976,1998-05-21,Pets,PT4100,3,951.0
2953,201996,1998-07-07,Gardening,GD1200,1,952.0
2954,201996,1998-07-07,Gardening,GD2300,1,953.0
2955,201996,1998-07-07,Gardening,GD2300,1,954.0
2956,201996,1998-07-07,Gardening,GD4300,4,955.0
2957,212280,1998-08-20,Pets,PT2300,1,956.0
2958,106886,2000-06-08,Gardening,GD2200,1,957.0
2959,106886,2000-06-08,Gardening,GD4100,2,958.0
2960,106886,2000-06-08,Gardening,GD4300,1,959.0
2961,123093,2000-09-08,Sports,SP2200,1,96.0
2962,136622,2000-11-18,Pets,PT1400,1,960.0
2963,150149,2001-01-29,Pets,PT4100,1,961.0
2964,155225,2001-02-25,Pets,PT3200,2,962.0
2965,155225,2001-02-25,Pets,PT3400,4,963.0
2966,158669,2001-03-15,Toys,TY2300,1,964.0
2967,110109,1997-03-21,Gardening,GD3100,3,965.0
2968,137537,1997-08-16,Sports,SP2500,3,966.0
2969,151693,1997-10-30,Software,SW4792,4,967.0
2970,159215,1997-12-09,Sports,SP1200,1,968.0
2971,159215,1997-12-09,Sports,SP1400,1,969.0
2972,159215,1997-12-09,Sports,SP1500,1,97.0
2973,159215,1997-12-09,Sports,SP2000,1,970.0
2974,177933,1998-03-23,Sports,SP1500,1,971.0
2975,213005,1998-08-23,Toys,TY1750,1,972.0
2976,213005,1998-08-23,Toys,TY1850,3,973.0
2977,213005,1998-08-23,Toys,TY2700,1,974.0
2978,217265,1998-09-10,Toys,TY1100,1,975.0
2979,217265,1998-09-10,Toys,TY1500,4,976.0
2980,217265,1998-09-10,Toys,TY3400,1,977.0
2981,217265,1998-09-10,Toys,TY5400,1,978.0
2982,226222,1998-10-18,Software,SW2782,1,979.0
2983,236999,1998-12-03,Pets,PT1400,1,98.0
2984,236999,1998-12-03,Pets,PT2000,3,980.0
2985,236999,1998-12-03,Pets,PT2200,1,981.0
2986,238899,1998-12-11,Toys,TY4100,1,982.0
2987,110109,2000-06-28,Gardening,GD3100,3,983.0
2988,137537,2000-11-23,Sports,SP2500,3,984.0
2989,151693,2001-02-06,Software,SW4792,4,985.0
2990,159215,2001-03-18,Sports,SP1200,1,986.0
2991,159215,2001-03-18,Sports,SP1400,1,987.0
2992,159215,2001-03-18,Sports,SP1500,1,988.0
2993,159215,2001-03-18,Sports,SP2000,1,989.0
2994,103305,1997-02-05,Pets,PT4500,1,99.0
2995,110451,1997-03-23,Gardening,GD4000,1,990.0
2996,121407,1997-05-23,Software,SW4575,1,991.0
2997,125551,1997-06-14,Collectibles,CC4300,3,992.0
2998,219637,1998-09-20,Toys,TY2100,1,993.0
2999,222464,1998-10-02,Pets,PT4300,1,994.0
3000,235339,1998-11-26,Software,SW3049,1,995.0
3001,103305,2000-05-15,Pets,PT4500,1,996.0
3002,110451,2000-06-30,Gardening,GD4000,1,997.0
3003,121407,2000-08-30,Software,SW4575,1,998.0
3004,125551,2000-09-21,Collectibles,CC4300,3,999.0
3005,107707,1997-03-07,Sports,SP1000,1,137000.0
3006,110633,1997-03-25,Gardening,GD2200,1,137000.0
3007,111155,1997-03-28,Pets,PT1300,3,137000.0
3008,126867,1997-06-22,Toys,TY4100,1,137000.0
3009,135872,1997-08-08,Toys,TY1200,4,137000.0
3010,135872,1997-08-08,Toys,TY2100,1,137000.0
3011,135872,1997-08-08,Toys,TY2300,1,137000.0
3012,135872,1997-08-08,Toys,TY4100,1,137000.0
3013,140623,1997-09-02,Software,SW8511,4,137000.0
3014,141408,1997-09-06,Sports,SP1500,1,137000.0
3015,168285,1998-02-01,Gardening,GD3100,3,137000.0
3016,168285,1998-02-01,Gardening,GD3300,1,137000.0
3017,168285,1998-02-01,Gardening,GD3400,1,137000.0
3018,168285,1998-02-01,Gardening,GD4300,3,137000.0
3019,243353,1998-04-07,Software,SW5338,2,137000.0
3020,243377,1998-04-24,Pets,PT2300,2,137000.0
3021,243377,1998-04-24,Pets,PT2400,2,137000.0
3022,207772,1998-08-02,Sports,SP1200,1,137000.0
3023,213285,1998-08-25,Toys,TY3700,3,137000.0
3024,225108,1998-10-14,Pets,PT3100,1,137000.0
3025,236334,1998-12-01,Toys,TY1600,1,137000.0
3026,126867,2000-09-29,Toys,TY4100,1,137000.0
3027,135872,2000-11-15,Toys,TY1200,4,137000.0
3028,135872,2000-11-15,Toys,TY2100,1,137000.0
3029,135872,2000-11-15,Toys,TY2300,1,137000.0
3030,135872,2000-11-15,Toys,TY4100,1,137000.0
3031,140623,2000-12-10,Software,SW8511,4,137000.0
3032,118448,1997-05-08,Pets,PT3500,3,262000.0
3033,121273,1997-05-23,Toys,TY1800,2,262000.0
3034,143116,1997-09-15,Sports,SP2400,4,262000.0
3035,157565,1997-12-01,Sports,SP2700,4,262000.0
3036,170191,1998-02-12,Pets,PT4300,1,262000.0
3037,243375,1998-04-21,Sports,SP1600,2,262000.0
3038,243375,1998-04-21,Sports,SP2000,3,262000.0
3039,243375,1998-04-21,Sports,SP3000,4,262000.0
3040,184709,1998-04-24,Pets,PT3300,1,262000.0
3041,184709,1998-04-24,Pets,PT3300,1,262000.0
3042,184709,1998-04-24,Pets,PT4200,1,262000.0
3043,184709,1998-04-24,Pets,PT4500,1,262000.0
3044,196588,1998-06-15,Gardening,GD1001,1,262000.0
3045,196588,1998-06-15,Gardening,GD1400,1,262000.0
3046,196588,1998-06-15,Gardening,GD4000,1,262000.0
3047,203157,1998-07-13,Toys,TY4700,1,262000.0
3048,204292,1998-07-18,Sports,SP1100,2,262000.0
3049,227219,1998-10-23,Sports,SP1500,1,262000.0
3050,232145,1998-11-13,Software,SW3895,1,262000.0
3051,240570,1998-12-19,Pets,PT3300,1,262000.0
3052,240783,1998-12-20,Toys,TY5200,4,262000.0
3053,242124,1998-12-26,Collectibles,CC3200,1,262000.0
3054,118448,2000-08-15,Pets,PT3500,3,262000.0
3055,121273,2000-08-30,Toys,TY1800,2,262000.0
3056,170191,2001-05-22,Pets,PT4300,1,262000.0
3057,100376,1997-01-15,Pets,PT2100,1,387000.0
3058,142332,1997-09-11,Toys,TY1100,2,387000.0
3059,142332,1997-09-11,Toys,TY3200,2,387000.0
3060,142332,1997-09-11,Toys,TY4200,1,387000.0
3061,142332,1997-09-11,Toys,TY5300,1,387000.0
3062,157181,1997-11-29,Sports,SP1200,1,387000.0
3063,167282,1998-01-26,Sports,SP2200,1,387000.0
3064,167282,1998-01-26,Sports,SP2300,1,387000.0
3065,167282,1998-01-26,Sports,SP2400,1,387000.0
3066,176148,1998-03-15,Software,SW7935,1,387000.0
3067,243374,1998-04-21,Collectibles,CC1100,1,387000.0
3068,243374,1998-04-21,Collectibles,CC3300,2,387000.0
3069,243374,1998-04-21,Collectibles,CC3500,3,387000.0
3070,243374,1998-04-21,Collectibles,CC3500,1,387000.0
3071,243376,1998-04-21,Pets,PT2300,2,387000.0
3072,243376,1998-04-21,Pets,PT3100,2,387000.0
3073,243376,1998-04-21,Pets,PT3200,1,387000.0
3074,243376,1998-04-21,Pets,PT3200,2,387000.0
3075,190557,1998-05-20,Toys,TY1300,1,387000.0
3076,190557,1998-05-20,Toys,TY2400,4,387000.0
3077,190557,1998-05-20,Toys,TY3300,1,387000.0
3078,228620,1998-10-29,Pets,PT2100,3,387000.0
3079,228620,1998-10-29,Pets,PT2200,1,387000.0
3080,228620,1998-10-29,Pets,PT3100,1,387000.0
3081,100376,2000-04-24,Pets,PT2100,1,387000.0
3082,142332,2000-12-19,Toys,TY1100,2,387000.0
3083,142332,2000-12-19,Toys,TY3200,2,387000.0
3084,142332,2000-12-19,Toys,TY4200,1,387000.0
3085,142332,2000-12-19,Toys,TY5300,1,387000.0
3086,99643,1997-01-09,Gardening,GD3400,3,456000.0
3087,106468,1997-02-27,Collectibles,CC1200,1,456000.0
3088,137742,1997-08-18,Sports,SP3400,1,456000.0
3089,155256,1997-11-19,Pets,PT2200,3,456000.0
3090,159666,1997-12-12,Toys,TY3800,1,456000.0
3091,163044,1997-12-30,Pets,PT3200,2,456000.0
3092,184049,1998-04-21,Pets,PT2000,1,456000.0
3093,230510,1998-11-06,Gardening,GD1400,1,456000.0
3094,234466,1998-11-23,Sports,SP1200,1,456000.0
3095,234466,1998-11-23,Sports,SP2000,1,456000.0
3096,234466,1998-11-23,Sports,SP2300,1,456000.0
3097,234466,1998-11-23,Sports,SP2700,2,456000.0
3098,239179,1998-12-13,Pets,PT2300,2,456000.0
3099,155256,2001-02-26,Pets,PT2200,3,456000.0
3100,159666,2001-03-21,Toys,TY3800,1,456000.0
3101,163044,2001-04-08,Pets,PT3200,2,456000.0
3102,106313,1997-02-26,Sports,SP3100,1,512000.0
3103,108795,1997-03-14,Software,SW2123,1,512000.0
3104,135315,1997-08-05,Collectibles,CC2200,1,512000.0
3105,153919,1997-11-12,Pets,PT4300,1,512000.0
3106,165820,1998-01-17,Sports,SP1500,1,512000.0
3107,168450,1998-02-02,Pets,PT2400,1,512000.0
3108,175728,1998-03-13,Sports,SP1300,4,512000.0
3109,243349,1998-03-28,Pets,PT3100,1,512000.0
3110,184269,1998-04-22,Gardening,GD1100,1,512000.0
3111,191908,1998-05-26,Software,SW5338,1,512000.0
3112,195651,1998-06-11,Gardening,GD1001,1,512000.0
3113,207342,1998-07-31,Toys,TY1900,2,512000.0
3114,207342,1998-07-31,Toys,TY3100,1,512000.0
3115,207342,1998-07-31,Toys,TY3500,2,512000.0
3116,217071,1998-09-10,Collectibles,CC2400,4,512000.0
3117,237054,1998-12-04,Pets,PT4300,4,512000.0
3118,106313,2000-06-05,Sports,SP3100,1,512000.0
3119,108795,2000-06-21,Software,SW2123,1,512000.0
3120,135315,2000-11-12,Collectibles,CC2200,1,512000.0
3121,153919,2001-02-19,Pets,PT4300,1,512000.0
3122,165820,2001-04-26,Sports,SP1500,1,512000.0
3123,168450,2001-05-12,Pets,PT2400,1,512000.0
3124,124051,1997-06-07,Pets,PT1400,1,637000.0
3125,124051,1997-06-07,Pets,PT2200,1,637000.0
3126,124051,1997-06-07,Pets,PT3100,1,637000.0
3127,124814,1997-06-11,Software,SW3895,3,637000.0
3128,139856,1997-08-29,Toys,TY4400,1,637000.0
3129,183082,1998-04-17,Sports,SP2700,1,637000.0
3130,196370,1998-06-14,Gardening,GD1500,1,637000.0
3131,206396,1998-07-27,Sports,SP2400,1,637000.0
3132,220145,1998-09-23,Pets,PT1200,1,637000.0
3133,223035,1998-10-05,Sports,SP2500,1,637000.0
3134,229811,1998-11-03,Pets,PT4200,1,637000.0
3135,233331,1998-11-18,Toys,TY1100,1,637000.0
3136,124051,2000-09-14,Pets,PT1400,1,637000.0
3137,124051,2000-09-14,Pets,PT2200,1,637000.0
3138,124051,2000-09-14,Pets,PT3100,1,637000.0
3139,124814,2000-09-18,Software,SW3895,3,637000.0
3140,139856,2000-12-06,Toys,TY4400,1,637000.0
3141,139658,1997-08-28,Toys,TY1700,4,733000.0
3142,173209,1998-02-28,Sports,SP3400,1,733000.0
3143,175132,1998-03-10,Pets,PT3500,1,733000.0
3144,189145,1998-05-14,Gardening,GD1400,1,733000.0
3145,194930,1998-06-08,Toys,TY1750,1,733000.0
3146,194930,1998-06-08,Toys,TY1750,2,733000.0
3147,194930,1998-06-08,Toys,TY3800,1,733000.0
3148,194930,1998-06-08,Toys,TY4100,2,733000.0
3149,195397,1998-06-10,Sports,SP2000,1,733000.0
3150,195397,1998-06-10,Sports,SP2000,4,733000.0
3151,195397,1998-06-10,Sports,SP2400,3,733000.0
3152,202947,1998-07-12,Pets,PT3100,1,733000.0
3153,203167,1998-07-13,Sports,SP3400,4,733000.0
3154,234924,1998-11-25,Software,SW8376,1,733000.0
3155,139658,2000-12-05,Toys,TY1700,4,733000.0
3156,121082,1997-05-22,Sports,SP2400,1,762000.0
3157,132255,1997-07-20,Pets,PT3100,1,762000.0
3158,140829,1997-09-03,Software,SW2123,1,762000.0
3159,173210,1998-02-28,Sports,SP2700,4,762000.0
3160,192165,1998-05-27,Software,SW7585,1,762000.0
3161,197088,1998-06-17,Gardening,GD2100,2,762000.0
3162,207785,1998-08-02,Sports,SP2400,1,762000.0
3163,237791,1998-12-07,Pets,PT1000,1,762000.0
3164,237791,1998-12-07,Pets,PT2400,1,762000.0
3165,237791,1998-12-07,Pets,PT3200,1,762000.0
3166,237791,1998-12-07,Pets,PT4200,1,762000.0
3167,238016,1998-12-08,Pets,PT2400,1,762000.0
3168,238016,1998-12-08,Pets,PT3500,1,762000.0
3169,238016,1998-12-08,Pets,PT4300,3,762000.0
3170,140829,2000-12-11,Software,SW2123,1,762000.0
3171,136667,1997-08-12,Toys,TY2400,1,887000.0
3172,136667,1997-08-12,Toys,TY3700,1,887000.0
3173,136667,1997-08-12,Toys,TY4600,1,887000.0
3174,136667,1997-08-12,Toys,TY5100,4,887000.0
3175,139067,1997-08-25,Toys,TY5400,3,887000.0
3176,141782,1997-09-08,Collectibles,CC3400,2,887000.0
3177,145415,1997-09-27,Pets,PT2100,1,887000.0
3178,146158,1997-10-01,Pets,PT4500,1,887000.0
3179,158712,1997-12-07,Sports,SP2600,1,887000.0
3180,159270,1997-12-10,Toys,TY5300,1,887000.0
3181,163238,1997-12-31,Collectibles,CC4300,3,887000.0
3182,172258,1998-02-23,Toys,TY1600,1,887000.0
3183,185573,1998-04-28,Collectibles,CC3400,1,887000.0
3184,186021,1998-04-30,Toys,TY1300,1,887000.0
3185,186021,1998-04-30,Toys,TY1500,1,887000.0
3186,186021,1998-04-30,Toys,TY3500,1,887000.0
3187,217533,1998-09-12,Toys,TY4200,1,887000.0
3188,220388,1998-09-24,Software,SW1207,1,887000.0
3189,234048,1998-11-21,Sports,SP1600,1,887000.0
3190,136667,2000-11-19,Toys,TY2400,1,887000.0
3191,136667,2000-11-19,Toys,TY3700,1,887000.0
3192,136667,2000-11-19,Toys,TY4600,1,887000.0
3193,136667,2000-11-19,Toys,TY5100,4,887000.0
3194,139067,2000-12-02,Toys,TY5400,3,887000.0
3195,141782,2000-12-16,Collectibles,CC3400,2,887000.0
3196,145415,2001-01-04,Pets,PT2100,1,887000.0
3197,146158,2001-01-08,Pets,PT4500,1,887000.0
3198,158712,2001-03-16,Sports,SP2600,1,887000.0
3199,159270,2001-03-19,Toys,TY5300,1,887000.0
3200,163238,2001-04-09,Collectibles,CC4300,3,887000.0
3201,99756,1997-01-10,Pets,PT1100,3,914000.0
3202,99756,1997-01-10,Pets,PT3100,1,914000.0
3203,99756,1997-01-10,Pets,PT3500,3,914000.0
3204,130740,1997-07-12,Software,SW1828,1,914000.0
3205,134932,1997-08-03,Gardening,GD3100,3,914000.0
3206,141783,1997-09-08,Sports,SP1000,1,914000.0
3207,141783,1997-09-08,Sports,SP1300,1,914000.0
3208,141783,1997-09-08,Sports,SP2300,4,914000.0
3209,149271,1997-10-18,Toys,TY3800,1,914000.0
3210,152304,1997-11-03,Toys,TY3700,1,914000.0
3211,156806,1997-11-27,Sports,SP2200,1,914000.0
3212,161595,1997-12-22,Software,SW7221,4,914000.0
3213,212564,1998-08-22,Sports,SP1100,4,914000.0
3214,212564,1998-08-22,Sports,SP1300,1,914000.0
3215,212564,1998-08-22,Sports,SP3100,1,914000.0
3216,212564,1998-08-22,Sports,SP3300,3,914000.0
3217,213061,1998-08-24,Sports,SP1000,4,914000.0
3218,213061,1998-08-24,Sports,SP3100,1,914000.0
3219,99756,2000-04-19,Pets,PT1100,3,914000.0
3220,99756,2000-04-19,Pets,PT3100,1,914000.0
3221,99756,2000-04-19,Pets,PT3500,3,914000.0
3222,130740,2000-10-19,Software,SW1828,1,914000.0
3223,134932,2000-11-10,Gardening,GD3100,3,914000.0
3224,141783,2000-12-16,Sports,SP1000,1,914000.0
3225,141783,2000-12-16,Sports,SP1300,1,914000.0
3226,141783,2000-12-16,Sports,SP2300,4,914000.0
3227,149271,2001-01-25,Toys,TY3800,1,914000.0
3228,152304,2001-02-10,Toys,TY3700,1,914000.0
3229,156806,2001-03-06,Sports,SP2200,1,914000.0
3230,161595,2001-03-31,Software,SW7221,4,914000.0
3231,126004,1997-06-17,Toys,TY1950,1,1012000.0
3232,126004,1997-06-17,Toys,TY4600,3,1012000.0
3233,126004,1997-06-17,Toys,TY5300,1,1012000.0
3234,129631,1997-07-06,Pets,PT4500,2,1012000.0
3235,142730,1997-09-13,Gardening,GD2200,1,1012000.0
3236,142730,1997-09-13,Gardening,GD2400,1,1012000.0
3237,142730,1997-09-13,Gardening,GD3200,1,1012000.0
3238,142730,1997-09-13,Gardening,GD4100,1,1012000.0
3239,147805,1997-10-10,Pets,PT3100,1,1012000.0
3240,147805,1997-10-10,Pets,PT4100,1,1012000.0
3241,147805,1997-10-10,Pets,PT4600,4,1012000.0
3242,147805,1997-10-10,Pets,PT4600,1,1012000.0
3243,198963,1998-06-25,Sports,SP2400,4,1012000.0
3244,229595,1998-11-02,Pets,PT2100,1,1012000.0
3245,233338,1998-11-18,Collectibles,CC4100,1,1012000.0
3246,237797,1998-12-07,Pets,PT4100,2,1012000.0
3247,126004,2000-09-24,Toys,TY1950,1,1012000.0
3248,126004,2000-09-24,Toys,TY4600,3,1012000.0
3249,126004,2000-09-24,Toys,TY5300,1,1012000.0
3250,129631,2000-10-13,Pets,PT4500,2,1012000.0
3251,147805,2001-01-17,Pets,PT3100,1,1012000.0
3252,147805,2001-01-17,Pets,PT4100,1,1012000.0
3253,147805,2001-01-17,Pets,PT4600,4,1012000.0
3254,147805,2001-01-17,Pets,PT4600,1,1012000.0
3255,116399,1997-04-27,Gardening,GD3200,1,1137000.0
3256,152307,1997-11-03,Toys,TY3400,4,1137000.0
3257,211399,1998-08-17,Sports,SP2300,1,1137000.0
3258,211635,1998-08-18,Software,SW2181,4,1137000.0
3259,211635,1998-08-18,Software,SW3545,1,1137000.0
3260,211635,1998-08-18,Software,SW5952,4,1137000.0
3261,213064,1998-08-24,Toys,TY2400,1,1137000.0
3262,231459,1998-11-10,Sports,SP2600,1,1137000.0
3263,116399,2000-08-04,Gardening,GD3200,1,1137000.0
3264,152307,2001-02-10,Toys,TY3400,4,1137000.0
3265,113748,1997-04-12,Pets,PT4300,1,1222000.0
3266,137757,1997-08-18,Toys,TY4600,1,1222000.0
3267,147434,1997-10-08,Pets,PT1400,4,1222000.0
3268,153927,1997-11-12,Toys,TY4200,1,1222000.0
3269,230993,1998-11-08,Sports,SP1300,1,1222000.0
3270,230993,1998-11-08,Sports,SP1400,3,1222000.0
3271,236105,1998-11-30,Pets,PT1200,1,1222000.0
3272,241923,1998-12-25,Software,SW7385,1,1222000.0
3273,113748,2000-07-20,Pets,PT4300,1,1222000.0
3274,137757,2000-11-25,Toys,TY4600,1,1222000.0
3275,147434,2001-01-15,Pets,PT1400,4,1222000.0
3276,153927,2001-02-19,Toys,TY4200,1,1222000.0
3277,105518,1997-02-21,Pets,PT1300,4,1250000.0
3278,143136,1997-09-15,Sports,SP1400,1,1250000.0
3279,143136,1997-09-15,Sports,SP2500,2,1250000.0
3280,143136,1997-09-15,Sports,SP2600,3,1250000.0
3281,148359,1997-10-13,Pets,PT2100,1,1250000.0
3282,150618,1997-10-25,Gardening,GD1500,1,1250000.0
3283,150618,1997-10-25,Gardening,GD3000,3,1250000.0
3284,150618,1997-10-25,Gardening,GD3200,2,1250000.0
3285,168649,1998-02-03,Gardening,GD1100,1,1250000.0
3286,187576,1998-05-07,Toys,TY1200,3,1250000.0
3287,187576,1998-05-07,Toys,TY1850,1,1250000.0
3288,187576,1998-05-07,Toys,TY2300,4,1250000.0
3289,187576,1998-05-07,Toys,TY3800,1,1250000.0
3290,209481,1998-08-09,Pets,PT2200,1,1250000.0
3291,209481,1998-08-09,Pets,PT2300,1,1250000.0
3292,209481,1998-08-09,Pets,PT3200,1,1250000.0
3293,209481,1998-08-09,Pets,PT3200,3,1250000.0
3294,218965,1998-09-18,Gardening,GD2200,1,1250000.0
3295,223524,1998-10-07,Gardening,GD4100,1,1250000.0
3296,225348,1998-10-15,Toys,TY4200,1,1250000.0
3297,239627,1998-12-15,Pets,PT4600,1,1250000.0
3298,105518,2000-05-31,Pets,PT1300,4,1250000.0
3299,148359,2001-01-20,Pets,PT2100,1,1250000.0
3300,110993,1997-03-27,Sports,SP1200,1,1262000.0
3301,130222,1997-07-09,Toys,TY4200,1,1262000.0
3302,158917,1997-12-08,Collectibles,CC2200,3,1262000.0
3303,163533,1998-01-02,Sports,SP1000,1,1262000.0
3304,179408,1998-03-31,Software,SW1005,3,1262000.0
3305,179408,1998-03-31,Software,SW7013,1,1262000.0
3306,179408,1998-03-31,Software,SW7573,1,1262000.0
3307,179408,1998-03-31,Software,SW9604,1,1262000.0
3308,180934,1998-04-07,Collectibles,CC1500,4,1262000.0
3309,182262,1998-04-13,Gardening,GD1400,1,1262000.0
3310,198049,1998-06-21,Sports,SP2000,3,1262000.0
3311,198049,1998-06-21,Sports,SP2400,1,1262000.0
3312,198049,1998-06-21,Sports,SP2500,1,1262000.0
3313,219453,1998-09-20,Toys,TY1700,1,1262000.0
3314,230301,1998-11-05,Toys,TY5200,1,1262000.0
3315,238030,1998-12-08,Sports,SP2200,1,1262000.0
3316,241924,1998-12-25,Sports,SP1300,2,1262000.0
3317,241924,1998-12-25,Sports,SP3300,2,1262000.0
3318,241924,1998-12-25,Sports,SP3400,1,1262000.0
3319,110993,2000-07-04,Sports,SP1200,1,1262000.0
3320,130222,2000-10-16,Toys,TY4200,1,1262000.0
3321,158917,2001-03-17,Collectibles,CC2200,3,1262000.0
3322,163533,2001-04-11,Sports,SP1000,1,1262000.0
3323,122589,1997-05-30,Pets,PT3100,3,1355000.0
3324,122777,1997-05-31,Sports,SP1300,1,1355000.0
3325,143138,1997-09-15,Pets,PT4400,1,1355000.0
3326,166327,1998-01-20,Pets,PT3200,2,1355000.0
3327,209214,1998-08-08,Sports,SP3100,1,1355000.0
3328,221809,1998-09-30,Toys,TY3400,1,1355000.0
3329,223296,1998-10-06,Pets,PT3100,4,1355000.0
3330,122589,2000-09-06,Pets,PT3100,3,1355000.0
3331,122777,2000-09-07,Sports,SP1300,1,1355000.0
3332,143138,2000-12-23,Pets,PT4400,1,1355000.0
3333,166327,2001-04-29,Pets,PT3200,2,1355000.0
3334,102109,1997-01-28,Pets,PT4300,1,1387000.0
3335,113750,1997-04-12,Sports,SP2500,3,1387000.0
3336,121462,1997-05-24,Software,SW1207,1,1387000.0
3337,121462,1997-05-24,Software,SW2147,1,1387000.0
3338,121462,1997-05-24,Software,SW5493,1,1387000.0
3339,131671,1997-07-17,Sports,SP1500,1,1387000.0
3340,131671,1997-07-17,Sports,SP2000,2,1387000.0
3341,131671,1997-07-17,Sports,SP2500,1,1387000.0
3342,131671,1997-07-17,Sports,SP2700,1,1387000.0
3343,131869,1997-07-18,Pets,PT4100,1,1387000.0
3344,132081,1997-07-19,Gardening,GD2000,2,1387000.0
3345,132081,1997-07-19,Gardening,GD2000,1,1387000.0
3346,132081,1997-07-19,Gardening,GD3100,1,1387000.0
3347,132081,1997-07-19,Gardening,GD3400,2,1387000.0
3348,169362,1998-02-07,Software,SW4187,1,1387000.0
3349,169362,1998-02-07,Software,SW5952,4,1387000.0
3350,169362,1998-02-07,Software,SW6269,1,1387000.0
3351,169362,1998-02-07,Software,SW7935,1,1387000.0
3352,176756,1998-03-18,Sports,SP2700,1,1387000.0
3353,177337,1998-03-21,Sports,SP1000,1,1387000.0
3354,193092,1998-05-31,Toys,TY3700,1,1387000.0
3355,197104,1998-06-17,Pets,PT4200,1,1387000.0
3356,235407,1998-11-27,Pets,PT3500,1,1387000.0
3357,102109,2000-05-07,Pets,PT4300,1,1387000.0
3358,121462,2000-08-31,Software,SW1207,1,1387000.0
3359,121462,2000-08-31,Software,SW2147,1,1387000.0
3360,121462,2000-08-31,Software,SW5493,1,1387000.0
3361,131869,2000-10-25,Pets,PT4100,1,1387000.0
3362,132081,2000-10-26,Gardening,GD2000,2,1387000.0
3363,132081,2000-10-26,Gardening,GD2000,1,1387000.0
3364,132081,2000-10-26,Gardening,GD3100,1,1387000.0
3365,132081,2000-10-26,Gardening,GD3400,2,1387000.0
3366,169362,2001-05-17,Software,SW4187,1,1387000.0
3367,169362,2001-05-17,Software,SW5952,4,1387000.0
3368,169362,2001-05-17,Software,SW6269,1,1387000.0
3369,169362,2001-05-17,Software,SW7935,1,1387000.0
3370,99998,1997-01-12,Toys,TY2600,1,1512000.0
3371,129834,1997-07-07,Pets,PT1300,1,1512000.0
3372,129834,1997-07-07,Pets,PT1400,4,1512000.0
3373,129834,1997-07-07,Pets,PT2200,3,1512000.0
3374,130227,1997-07-09,Pets,PT2400,1,1512000.0
3375,135894,1997-08-08,Pets,PT4400,1,1512000.0
3376,148918,1997-10-16,Sports,SP2600,2,1512000.0
3377,180063,1998-04-03,Toys,TY3200,1,1512000.0
3378,182267,1998-04-13,Gardening,GD4100,3,1512000.0
3379,184930,1998-04-25,Toys,TY2500,4,1512000.0
3380,197353,1998-06-18,Pets,PT1100,1,1512000.0
3381,204316,1998-07-18,Software,SW2147,3,1512000.0
3382,204316,1998-07-18,Software,SW5338,1,1512000.0
3383,204316,1998-07-18,Software,SW7385,1,1512000.0
3384,204316,1998-07-18,Software,SW9521,3,1512000.0
3385,218730,1998-09-17,Pets,PT1000,1,1512000.0
3386,218730,1998-09-17,Pets,PT1400,1,1512000.0
3387,218730,1998-09-17,Pets,PT2400,4,1512000.0
3388,218730,1998-09-17,Pets,PT3300,1,1512000.0
3389,237332,1998-12-05,Software,SW6352,1,1512000.0
3390,237332,1998-12-05,Software,SW6531,4,1512000.0
3391,237332,1998-12-05,Software,SW7823,1,1512000.0
3392,99998,2000-04-21,Toys,TY2600,1,1512000.0
3393,129834,2000-10-14,Pets,PT1300,1,1512000.0
3394,129834,2000-10-14,Pets,PT1400,4,1512000.0
3395,129834,2000-10-14,Pets,PT2200,3,1512000.0
3396,130227,2000-10-16,Pets,PT2400,1,1512000.0
3397,135894,2000-11-15,Pets,PT4400,1,1512000.0
3398,148918,2001-01-23,Sports,SP2600,2,1512000.0
3399,115478,1997-04-22,Sports,SP1200,1,1637000.0
3400,159478,1997-12-11,Sports,SP2300,1,1637000.0
3401,167813,1998-01-29,Software,SW4792,2,1637000.0
3402,187346,1998-05-06,Sports,SP2700,1,1637000.0
3403,197108,1998-06-17,Sports,SP1500,1,1637000.0
3404,203183,1998-07-13,Pets,PT1200,4,1637000.0
3405,203183,1998-07-13,Pets,PT3200,1,1637000.0
3406,203183,1998-07-13,Pets,PT4400,1,1637000.0
3407,203183,1998-07-13,Pets,PT4600,1,1637000.0
3408,216861,1998-09-09,Pets,PT2000,1,1637000.0
3409,216861,1998-09-09,Pets,PT2400,4,1637000.0
3410,216861,1998-09-09,Pets,PT3300,1,1637000.0
3411,234271,1998-11-22,Software,SW4773,1,1637000.0
3412,242593,1998-12-28,Toys,TY1200,1,1637000.0
3413,115478,2000-07-30,Sports,SP1200,1,1637000.0
3414,159478,2001-03-20,Sports,SP2300,1,1637000.0
3415,167813,2001-05-08,Software,SW4792,2,1637000.0
3416,105195,1997-02-19,Pets,PT4300,2,1642000.0
3417,126013,1997-06-17,Sports,SP3300,1,1642000.0
3418,129637,1997-07-06,Sports,SP1000,4,1642000.0
3419,129637,1997-07-06,Sports,SP1300,1,1642000.0
3420,129637,1997-07-06,Sports,SP2000,4,1642000.0
3421,129637,1997-07-06,Sports,SP3400,3,1642000.0
3422,130398,1997-07-10,Collectibles,CC4200,1,1642000.0
3423,143734,1997-09-18,Pets,PT4200,1,1642000.0
3424,146746,1997-10-04,Pets,PT4500,1,1642000.0
3425,183350,1998-04-18,Gardening,GD1400,1,1642000.0
3426,183350,1998-04-18,Gardening,GD1500,1,1642000.0
3427,183350,1998-04-18,Gardening,GD2100,3,1642000.0
3428,183350,1998-04-18,Gardening,GD3400,1,1642000.0
3429,184734,1998-04-24,Pets,PT4400,1,1642000.0
3430,186491,1998-05-02,Pets,PT2200,1,1642000.0
3431,196610,1998-06-15,Sports,SP2000,1,1642000.0
3432,196610,1998-06-15,Sports,SP2300,3,1642000.0
3433,196610,1998-06-15,Sports,SP3100,3,1642000.0
3434,203861,1998-07-16,Toys,TY1750,1,1642000.0
3435,205481,1998-07-23,Sports,SP2000,1,1642000.0
3436,105195,2000-05-29,Pets,PT4300,2,1642000.0
3437,126013,2000-09-24,Sports,SP3300,1,1642000.0
3438,129637,2000-10-13,Sports,SP1000,4,1642000.0
3439,129637,2000-10-13,Sports,SP1300,1,1642000.0
3440,129637,2000-10-13,Sports,SP2000,4,1642000.0
3441,129637,2000-10-13,Sports,SP3400,3,1642000.0
3442,130398,2000-10-17,Collectibles,CC4200,1,1642000.0
3443,143734,2000-12-26,Pets,PT4200,1,1642000.0
3444,146746,2001-01-11,Pets,PT4500,1,1642000.0
3445,100784,1997-01-18,Sports,SP2700,1,1762000.0
3446,113757,1997-04-12,Toys,TY1950,3,1762000.0
3447,124646,1997-06-10,Sports,SP3400,1,1762000.0
3448,124829,1997-06-11,Gardening,GD2200,1,1762000.0
3449,135138,1997-08-04,Gardening,GD1500,1,1762000.0
3450,150217,1997-10-23,Pets,PT3300,2,1762000.0
3451,150217,1997-10-23,Pets,PT3500,2,1762000.0
3452,150217,1997-10-23,Pets,PT4100,1,1762000.0
3453,150217,1997-10-23,Pets,PT4400,3,1762000.0
3454,160439,1997-12-16,Toys,TY5400,3,1762000.0
3455,176966,1998-03-19,Sports,SP1400,4,1762000.0
3456,177343,1998-03-21,Sports,SP1600,1,1762000.0
3457,182271,1998-04-13,Pets,PT4100,1,1762000.0
3458,186037,1998-04-30,Gardening,GD2200,1,1762000.0
3459,196875,1998-06-16,Toys,TY5200,1,1762000.0
3460,224696,1998-10-12,Pets,PT1300,1,1762000.0
3461,224696,1998-10-12,Pets,PT1400,1,1762000.0
3462,224696,1998-10-12,Pets,PT3100,1,1762000.0
3463,224696,1998-10-12,Pets,PT3500,1,1762000.0
3464,230059,1998-11-04,Software,SW7935,1,1762000.0
3465,100784,2000-04-27,Sports,SP2700,1,1762000.0
3466,113757,2000-07-20,Toys,TY1950,3,1762000.0
3467,124646,2000-09-17,Sports,SP3400,1,1762000.0
3468,124829,2000-09-18,Gardening,GD2200,1,1762000.0
3469,135138,2000-11-11,Gardening,GD1500,1,1762000.0
3470,150217,2001-01-30,Pets,PT3300,2,1762000.0
3471,150217,2001-01-30,Pets,PT3500,2,1762000.0
3472,150217,2001-01-30,Pets,PT4100,1,1762000.0
3473,150217,2001-01-30,Pets,PT4400,3,1762000.0
3474,160439,2001-03-25,Toys,TY5400,3,1762000.0
3475,127055,1997-06-23,Toys,TY1800,1,1887000.0
3476,145974,1997-09-30,Pets,PT1200,1,1887000.0
3477,151400,1997-10-29,Sports,SP2400,3,1887000.0
3478,157967,1997-12-03,Gardening,GD1100,4,1887000.0
3479,171198,1998-02-17,Sports,SP2200,1,1887000.0
3480,182688,1998-04-15,Sports,SP1500,1,1887000.0
3481,184078,1998-04-21,Sports,SP1200,3,1887000.0
3482,184078,1998-04-21,Sports,SP3000,1,1887000.0
3483,184078,1998-04-21,Sports,SP3200,1,1887000.0
3484,188498,1998-05-11,Gardening,GD1500,1,1887000.0
3485,195176,1998-06-09,Toys,TY3700,3,1887000.0
3486,198750,1998-06-24,Toys,TY2400,1,1887000.0
3487,206413,1998-07-27,Software,SW7935,1,1887000.0
3488,207364,1998-07-31,Pets,PT1300,2,1887000.0
3489,207364,1998-07-31,Pets,PT2000,1,1887000.0
3490,207364,1998-07-31,Pets,PT2300,1,1887000.0
3491,207364,1998-07-31,Pets,PT4200,1,1887000.0
3492,127055,2000-09-30,Toys,TY1800,1,1887000.0
3493,145974,2001-01-07,Pets,PT1200,1,1887000.0
3494,151400,2001-02-05,Sports,SP2400,3,1887000.0
3495,157967,2001-03-12,Gardening,GD1100,4,1887000.0
3496,171198,2001-05-27,Sports,SP2200,1,1887000.0
3497,122960,1997-06-01,Toys,TY1300,2,1912000.0
3498,122960,1997-06-01,Toys,TY2100,1,1912000.0
3499,122960,1997-06-01,Toys,TY2700,1,1912000.0
3500,122960,1997-06-01,Toys,TY4100,1,1912000.0
3501,124470,1997-06-09,Pets,PT4500,1,1912000.0
3502,128060,1997-06-28,Sports,SP3300,1,1912000.0
3503,131682,1997-07-17,Pets,PT1300,1,1912000.0
3504,147630,1997-10-09,Pets,PT1400,1,1912000.0
3505,147630,1997-10-09,Pets,PT2200,1,1912000.0
3506,147630,1997-10-09,Pets,PT4600,1,1912000.0
3507,148925,1997-10-16,Toys,TY4400,1,1912000.0
3508,154534,1997-11-15,Software,SW7573,1,1912000.0
3509,191276,1998-05-23,Gardening,GD4000,2,1912000.0
3510,197119,1998-06-17,Toys,TY4100,3,1912000.0
3511,197119,1998-06-17,Toys,TY4400,2,1912000.0
3512,202260,1998-07-09,Toys,TY3100,1,1912000.0
3513,229359,1998-11-01,Pets,PT1400,1,1912000.0
3514,229359,1998-11-01,Pets,PT2100,2,1912000.0
3515,229359,1998-11-01,Pets,PT2400,1,1912000.0
3516,229359,1998-11-01,Pets,PT3500,3,1912000.0
3517,235418,1998-11-27,Pets,PT1000,1,1912000.0
3518,122960,2000-09-08,Toys,TY1300,2,1912000.0
3519,122960,2000-09-08,Toys,TY2100,1,1912000.0
3520,122960,2000-09-08,Toys,TY2700,1,1912000.0
3521,122960,2000-09-08,Toys,TY4100,1,1912000.0
3522,124470,2000-09-16,Pets,PT4500,1,1912000.0
3523,128060,2000-10-05,Sports,SP3300,1,1912000.0
3524,131682,2000-10-24,Pets,PT1300,1,1912000.0
3525,147630,2001-01-16,Pets,PT1400,1,1912000.0
3526,147630,2001-01-16,Pets,PT2200,1,1912000.0
3527,147630,2001-01-16,Pets,PT4600,1,1912000.0
3528,148925,2001-01-23,Toys,TY4400,1,1912000.0
3529,154534,2001-02-22,Software,SW7573,1,1912000.0
3530,118074,1997-05-06,Pets,PT4600,1,2012000.0
3531,121807,1997-05-26,Pets,PT1300,1,2012000.0
3532,155108,1997-11-18,Gardening,GD1300,1,2012000.0
3533,186045,1998-04-30,Sports,SP1100,1,2012000.0
3534,191733,1998-05-25,Pets,PT3500,1,2012000.0
3535,238049,1998-12-08,Pets,PT1300,1,2012000.0
3536,118074,2000-08-13,Pets,PT4600,1,2012000.0
3537,121807,2000-09-02,Pets,PT1300,1,2012000.0
3538,155108,2001-02-25,Gardening,GD1300,1,2012000.0
3539,105529,1997-02-21,Gardening,GD2100,1,2137000.0
3540,114435,1997-04-16,Sports,SP1500,1,2137000.0
3541,116766,1997-04-29,Sports,SP2200,1,2137000.0
3542,117899,1997-05-05,Sports,SP2200,3,2137000.0
3543,117899,1997-05-05,Sports,SP2400,1,2137000.0
3544,117899,1997-05-05,Sports,SP3400,1,2137000.0
3545,117899,1997-05-05,Sports,SP3400,1,2137000.0
3546,132818,1997-07-23,Sports,SP1500,1,2137000.0
3547,132818,1997-07-23,Sports,SP2000,1,2137000.0
3548,132818,1997-07-23,Sports,SP2400,3,2137000.0
3549,132818,1997-07-23,Sports,SP3100,2,2137000.0
3550,141045,1997-09-04,Software,SW2927,1,2137000.0
3551,165499,1998-01-15,Gardening,GD3300,1,2137000.0
3552,166670,1998-01-22,Sports,SP2500,1,2137000.0
3553,175752,1998-03-13,Software,SW4155,1,2137000.0
3554,188068,1998-05-09,Toys,TY4800,2,2137000.0
3555,199909,1998-06-29,Toys,TY2400,1,2137000.0
3556,199909,1998-06-29,Toys,TY3100,2,2137000.0
3557,199909,1998-06-29,Toys,TY5100,1,2137000.0
3558,212593,1998-08-22,Sports,SP1000,2,2137000.0
3559,236613,1998-12-02,Pets,PT4500,1,2137000.0
3560,105529,2000-05-31,Gardening,GD2100,1,2137000.0
3561,114435,2000-07-24,Sports,SP1500,1,2137000.0
3562,116766,2000-08-06,Sports,SP2200,1,2137000.0
3563,117899,2000-08-12,Sports,SP2200,3,2137000.0
3564,117899,2000-08-12,Sports,SP2400,1,2137000.0
3565,117899,2000-08-12,Sports,SP3400,1,2137000.0
3566,117899,2000-08-12,Sports,SP3400,1,2137000.0
3567,132818,2000-10-30,Sports,SP1500,1,2137000.0
3568,132818,2000-10-30,Sports,SP2000,1,2137000.0
3569,132818,2000-10-30,Sports,SP2400,3,2137000.0
3570,132818,2000-10-30,Sports,SP3100,2,2137000.0
3571,141045,2000-12-12,Software,SW2927,1,2137000.0
3572,165499,2001-04-24,Gardening,GD3300,1,2137000.0
3573,166670,2001-05-01,Sports,SP2500,1,2137000.0
3574,104736,1997-02-16,Sports,SP2300,4,2173000.0
3575,107409,1997-03-05,Software,SW3895,1,2173000.0
3576,107409,1997-03-05,Software,SW4155,1,2173000.0
3577,107409,1997-03-05,Software,SW4773,1,2173000.0
3578,107409,1997-03-05,Software,SW5901,1,2173000.0
3579,125050,1997-06-12,Sports,SP2500,1,2173000.0
3580,131882,1997-07-18,Sports,SP1300,4,2173000.0
3581,151404,1997-10-29,Collectibles,CC3400,1,2173000.0
3582,154924,1997-11-17,Toys,TY1950,1,2173000.0
3583,156066,1997-11-23,Toys,TY1600,4,2173000.0
3584,166982,1998-01-24,Gardening,GD1300,1,2173000.0
3585,170433,1998-02-13,Gardening,GD4100,1,2173000.0
3586,204070,1998-07-17,Sports,SP2600,1,2173000.0
3587,208521,1998-08-05,Pets,PT2100,1,2173000.0
3588,223986,1998-10-09,Collectibles,CC2300,1,2173000.0
3589,225836,1998-10-17,Sports,SP2200,1,2173000.0
3590,104736,2000-05-26,Sports,SP2300,4,2173000.0
3591,107409,2000-06-12,Software,SW3895,1,2173000.0
3592,107409,2000-06-12,Software,SW4155,1,2173000.0
3593,107409,2000-06-12,Software,SW4773,1,2173000.0
3594,107409,2000-06-12,Software,SW5901,1,2173000.0
3595,125050,2000-09-19,Sports,SP2500,1,2173000.0
3596,131882,2000-10-25,Sports,SP1300,4,2173000.0
3597,151404,2001-02-05,Collectibles,CC3400,1,2173000.0
3598,154924,2001-02-24,Toys,TY1950,1,2173000.0
3599,156066,2001-03-02,Toys,TY1600,4,2173000.0
3600,166982,2001-05-03,Gardening,GD1300,1,2173000.0
3601,170433,2001-05-23,Gardening,GD4100,1,2173000.0
3602,114270,1997-04-15,Software,SW6269,1,2263000.0
3603,138893,1997-08-24,Toys,TY4400,1,2263000.0
3604,158926,1997-12-08,Pets,PT2100,1,2263000.0
3605,168314,1998-02-01,Gardening,GD2400,1,2263000.0
3606,243350,1998-04-02,Pets,PT3200,3,2263000.0
3607,243350,1998-04-02,Pets,PT3200,4,2263000.0
3608,196885,1998-06-16,Sports,SP1000,1,2263000.0
3609,206420,1998-07-27,Collectibles,CC4700,1,2263000.0
3610,208991,1998-08-07,Software,SW9521,1,2263000.0
3611,229613,1998-11-02,Pets,PT2300,4,2263000.0
3612,114270,2000-07-23,Software,SW6269,1,2263000.0
3613,138893,2000-12-01,Toys,TY4400,1,2263000.0
3614,158926,2001-03-17,Pets,PT2100,1,2263000.0
3615,168314,2001-05-11,Gardening,GD2400,1,2263000.0
3616,98769,1997-01-02,Gardening,GD1010,1,2349000.0
3617,98769,1997-01-02,Gardening,GD1200,1,2349000.0
3618,98769,1997-01-02,Gardening,GD3000,1,2349000.0
3619,98769,1997-01-02,Gardening,GD3400,1,2349000.0
3620,99531,1997-01-08,Gardening,GD2000,3,2349000.0
3621,99531,1997-01-08,Gardening,GD3300,1,2349000.0
3622,99531,1997-01-08,Gardening,GD4100,1,2349000.0
3623,105981,1997-02-24,Toys,TY1500,1,2349000.0
3624,105981,1997-02-24,Toys,TY2200,1,2349000.0
3625,105981,1997-02-24,Toys,TY3600,1,2349000.0
3626,105981,1997-02-24,Toys,TY4700,2,2349000.0
3627,112152,1997-04-03,Sports,SP1000,3,2349000.0
3628,125258,1997-06-13,Pets,PT3400,3,2349000.0
3629,133973,1997-07-29,Toys,TY1600,1,2349000.0
3630,135904,1997-08-08,Software,SW1612,1,2349000.0
3631,140077,1997-08-30,Sports,SP2600,1,2349000.0
3632,147828,1997-10-10,Gardening,GD1200,2,2349000.0
3633,153756,1997-11-11,Toys,TY1600,3,2349000.0
3634,153756,1997-11-11,Toys,TY1650,1,2349000.0
3635,153756,1997-11-11,Toys,TY1950,3,2349000.0
3636,153756,1997-11-11,Toys,TY2300,1,2349000.0
3637,165674,1998-01-16,Gardening,GD4200,1,2349000.0
3638,166984,1998-01-24,Gardening,GD3100,1,2349000.0
3639,186702,1998-05-03,Software,SW2842,1,2349000.0
3640,193843,1998-06-03,Software,SW6269,1,2349000.0
3641,200649,1998-07-02,Sports,SP1200,1,2349000.0
3642,200649,1998-07-02,Sports,SP2400,1,2349000.0
3643,200649,1998-07-02,Sports,SP3100,1,2349000.0
3644,221592,1998-09-29,Toys,TY3500,1,2349000.0
3645,226801,1998-10-21,Pets,PT3300,1,2349000.0
3646,98769,2000-04-11,Gardening,GD1010,1,2349000.0
3647,98769,2000-04-11,Gardening,GD1200,1,2349000.0
3648,98769,2000-04-11,Gardening,GD3000,1,2349000.0
3649,98769,2000-04-11,Gardening,GD3400,1,2349000.0
3650,99531,2000-04-17,Gardening,GD2000,3,2349000.0
3651,99531,2000-04-17,Gardening,GD3300,1,2349000.0
3652,99531,2000-04-17,Gardening,GD4100,1,2349000.0
3653,105981,2000-06-03,Toys,TY1500,1,2349000.0
3654,105981,2000-06-03,Toys,TY2200,1,2349000.0
3655,105981,2000-06-03,Toys,TY3600,1,2349000.0
3656,105981,2000-06-03,Toys,TY4700,2,2349000.0
3657,112152,2000-07-11,Sports,SP1000,3,2349000.0
3658,125258,2000-09-20,Pets,PT3400,3,2349000.0
3659,133973,2000-11-05,Toys,TY1600,1,2349000.0
3660,135904,2000-11-15,Software,SW1612,1,2349000.0
3661,140077,2000-12-07,Sports,SP2600,1,2349000.0
3662,147828,2001-01-17,Gardening,GD1200,2,2349000.0
3663,153756,2001-02-18,Toys,TY1600,3,2349000.0
3664,153756,2001-02-18,Toys,TY1650,1,2349000.0
3665,153756,2001-02-18,Toys,TY1950,3,2349000.0
3666,153756,2001-02-18,Toys,TY2300,1,2349000.0
3667,165674,2001-04-25,Gardening,GD4200,1,2349000.0
3668,166984,2001-05-03,Gardening,GD3100,1,2349000.0
3669,136692,1997-08-12,Sports,SP1100,1,2388000.0
3670,162712,1997-12-28,Toys,TY3500,1,2388000.0
3671,198311,1998-06-22,Toys,TY1500,2,2388000.0
3672,198311,1998-06-22,Toys,TY1850,4,2388000.0
3673,198311,1998-06-22,Toys,TY5300,1,2388000.0
3674,203664,1998-07-15,Gardening,GD1200,1,2388000.0
3675,224704,1998-10-12,Sports,SP1000,1,2388000.0
3676,136692,2000-11-19,Sports,SP1100,1,2388000.0
3677,162712,2001-04-06,Toys,TY3500,1,2388000.0
3678,103607,1997-02-08,Pets,PT2000,4,2513000.0
3679,109144,1997-03-16,Toys,TY4300,1,2513000.0
3680,128648,1997-07-01,Gardening,GD1100,1,2513000.0
3681,128648,1997-07-01,Gardening,GD1600,1,2513000.0
3682,128648,1997-07-01,Gardening,GD2100,1,2513000.0
3683,128648,1997-07-01,Gardening,GD3200,3,2513000.0
3684,132446,1997-07-21,Pets,PT1400,1,2513000.0
3685,132446,1997-07-21,Pets,PT2000,1,2513000.0
3686,132446,1997-07-21,Pets,PT2100,1,2513000.0
3687,161216,1997-12-20,Software,SW2782,4,2513000.0
3688,182278,1998-04-13,Toys,TY2700,1,2513000.0
3689,182278,1998-04-13,Toys,TY4700,4,2513000.0
3690,182278,1998-04-13,Toys,TY4800,2,2513000.0
3691,182278,1998-04-13,Toys,TY5400,4,2513000.0
3692,196404,1998-06-14,Gardening,GD1001,1,2513000.0
3693,214454,1998-08-30,Pets,PT3400,1,2513000.0
3694,216352,1998-09-07,Pets,PT1100,1,2513000.0
3695,216352,1998-09-07,Pets,PT1300,1,2513000.0
3696,216352,1998-09-07,Pets,PT1400,2,2513000.0
3697,216352,1998-09-07,Pets,PT3100,1,2513000.0
3698,232177,1998-11-13,Sports,SP3400,1,2513000.0
3699,240100,1998-12-17,Pets,PT2300,3,2513000.0
3700,242162,1998-12-26,Toys,TY3500,1,2513000.0
3701,103607,2000-05-18,Pets,PT2000,4,2513000.0
3702,109144,2000-06-23,Toys,TY4300,1,2513000.0
3703,128648,2000-10-08,Gardening,GD1100,1,2513000.0
3704,128648,2000-10-08,Gardening,GD1600,1,2513000.0
3705,128648,2000-10-08,Gardening,GD2100,1,2513000.0
3706,128648,2000-10-08,Gardening,GD3200,3,2513000.0
3707,132446,2000-10-28,Pets,PT1400,1,2513000.0
3708,132446,2000-10-28,Pets,PT2000,1,2513000.0
3709,132446,2000-10-28,Pets,PT2100,1,2513000.0
3710,161216,2001-03-29,Software,SW2782,4,2513000.0
3711,103884,1997-02-10,Software,SW4550,2,2638000.0
3712,103884,1997-02-10,Software,SW5493,1,2638000.0
3713,103884,1997-02-10,Software,SW7573,2,2638000.0
3714,108333,1997-03-11,Sports,SP3000,1,2638000.0
3715,122789,1997-05-31,Pets,PT1200,3,2638000.0
3716,136094,1997-08-09,Pets,PT1400,1,2638000.0
3717,159499,1997-12-11,Pets,PT1400,2,2638000.0
3718,162903,1997-12-29,Toys,TY3500,4,2638000.0
3719,165341,1998-01-14,Sports,SP2300,1,2638000.0
3720,166341,1998-01-20,Sports,SP2600,1,2638000.0
3721,184312,1998-04-22,Pets,PT1400,4,2638000.0
3722,205970,1998-07-25,Toys,TY5300,1,2638000.0
3723,211924,1998-08-19,Gardening,GD1000,3,2638000.0
3724,219960,1998-09-22,Pets,PT1300,3,2638000.0
3725,219960,1998-09-22,Pets,PT2000,1,2638000.0
3726,219960,1998-09-22,Pets,PT2400,1,2638000.0
3727,228922,1998-10-30,Sports,SP2300,1,2638000.0
3728,103884,2000-05-20,Software,SW4550,2,2638000.0
3729,103884,2000-05-20,Software,SW5493,1,2638000.0
3730,103884,2000-05-20,Software,SW7573,2,2638000.0
3731,108333,2000-06-18,Sports,SP3000,1,2638000.0
3732,122789,2000-09-07,Pets,PT1200,3,2638000.0
3733,136094,2000-11-16,Pets,PT1400,1,2638000.0
3734,159499,2001-03-20,Pets,PT1400,2,2638000.0
3735,162903,2001-04-07,Toys,TY3500,4,2638000.0
3736,165341,2001-04-23,Sports,SP2300,1,2638000.0
3737,166341,2001-04-29,Sports,SP2600,1,2638000.0
3738,104469,1997-02-14,Gardening,GD2100,1,2763000.0
3739,121821,1997-05-26,Gardening,GD2400,4,2763000.0
3740,131889,1997-07-18,Toys,TY4200,2,2763000.0
3741,133612,1997-07-27,Sports,SP3100,1,2763000.0
3742,137773,1997-08-18,Toys,TY1650,1,2763000.0
3743,138515,1997-08-22,Sports,SP2300,2,2763000.0
3744,138515,1997-08-22,Sports,SP2700,3,2763000.0
3745,185178,1998-04-26,Software,SW9521,1,2763000.0
3746,191067,1998-05-22,Pets,PT3300,1,2763000.0
3747,191067,1998-05-22,Pets,PT4100,1,2763000.0
3748,191067,1998-05-22,Pets,PT4300,1,2763000.0
3749,225151,1998-10-14,Gardening,GD2200,1,2763000.0
3750,231492,1998-11-10,Pets,PT4300,1,2763000.0
3751,234083,1998-11-21,Sports,SP1000,1,2763000.0
3752,234083,1998-11-21,Sports,SP1400,3,2763000.0
3753,234083,1998-11-21,Sports,SP2700,1,2763000.0
3754,104469,2000-05-24,Gardening,GD2100,1,2763000.0
3755,121821,2000-09-02,Gardening,GD2400,4,2763000.0
3756,131889,2000-10-25,Toys,TY4200,2,2763000.0
3757,133612,2000-11-03,Sports,SP3100,1,2763000.0
3758,137773,2000-11-25,Toys,TY1650,1,2763000.0
3759,138515,2000-11-29,Sports,SP2300,2,2763000.0
3760,138515,2000-11-29,Sports,SP2700,3,2763000.0
3761,106332,1997-02-26,Gardening,GD1001,1,2888000.0
3762,110175,1997-03-22,Sports,SP1400,1,2888000.0
3763,116055,1997-04-25,Pets,PT1300,1,2888000.0
3764,119633,1997-05-14,Pets,PT3500,1,2888000.0
3765,131491,1997-07-16,Pets,PT1200,1,2888000.0
3766,137062,1997-08-14,Toys,TY1400,1,2888000.0
3767,137062,1997-08-14,Toys,TY4600,4,2888000.0
3768,137062,1997-08-14,Toys,TY5100,1,2888000.0
3769,137062,1997-08-14,Toys,TY5100,1,2888000.0
3770,143160,1997-09-15,Toys,TY1900,3,2888000.0
3771,147124,1997-10-06,Software,SW2782,1,2888000.0
3772,147455,1997-10-08,Sports,SP3000,2,2888000.0
3773,149673,1997-10-20,Sports,SP2500,1,2888000.0
3774,157786,1997-12-02,Collectibles,CC2300,1,2888000.0
3775,157786,1997-12-02,Collectibles,CC3100,2,2888000.0
3776,157786,1997-12-02,Collectibles,CC4300,1,2888000.0
3777,157786,1997-12-02,Collectibles,CC4600,1,2888000.0
3778,187607,1998-05-07,Sports,SP1000,1,2888000.0
3779,209246,1998-08-08,Gardening,GD1400,1,2888000.0
3780,209246,1998-08-08,Gardening,GD1600,4,2888000.0
3781,209246,1998-08-08,Gardening,GD2300,1,2888000.0
3782,216623,1998-09-08,Pets,PT4400,1,2888000.0
3783,106332,2000-06-05,Gardening,GD1001,1,2888000.0
3784,110175,2000-06-29,Sports,SP1400,1,2888000.0
3785,116055,2000-08-02,Pets,PT1300,1,2888000.0
3786,119633,2000-08-21,Pets,PT3500,1,2888000.0
3787,131491,2000-10-23,Pets,PT1200,1,2888000.0
3788,137062,2000-11-21,Toys,TY1400,1,2888000.0
3789,137062,2000-11-21,Toys,TY4600,4,2888000.0
3790,137062,2000-11-21,Toys,TY5100,1,2888000.0
3791,137062,2000-11-21,Toys,TY5100,1,2888000.0
3792,143160,2000-12-23,Toys,TY1900,3,2888000.0
3793,147124,2001-01-13,Software,SW2782,1,2888000.0
3794,147455,2001-01-15,Sports,SP3000,2,2888000.0
3795,149673,2001-01-27,Sports,SP2500,1,2888000.0
3796,157786,2001-03-11,Collectibles,CC2300,1,2888000.0
3797,157786,2001-03-11,Collectibles,CC3100,2,2888000.0
3798,157786,2001-03-11,Collectibles,CC4300,1,2888000.0
3799,157786,2001-03-11,Collectibles,CC4600,1,2888000.0
3800,98894,1997-01-03,Pets,PT3200,1,3013000.0
3801,112485,1997-04-05,Toys,TY1800,1,3013000.0
3802,112485,1997-04-05,Toys,TY4100,1,3013000.0
3803,112485,1997-04-05,Toys,TY4200,3,3013000.0
3804,132637,1997-07-22,Toys,TY1700,1,3013000.0
3805,166017,1998-01-18,Gardening,GD1500,1,3013000.0
3806,166017,1998-01-18,Gardening,GD2300,4,3013000.0
3807,207600,1998-08-01,Pets,PT4400,1,3013000.0
3808,221110,1998-09-27,Toys,TY2200,1,3013000.0
3809,223081,1998-10-05,Sports,SP2500,1,3013000.0
3810,223081,1998-10-05,Sports,SP2600,1,3013000.0
3811,223081,1998-10-05,Sports,SP3100,4,3013000.0
3812,241522,1998-12-23,Sports,SP1500,1,3013000.0
3813,98894,2000-04-12,Pets,PT3200,1,3013000.0
3814,112485,2000-07-13,Toys,TY1800,1,3013000.0
3815,112485,2000-07-13,Toys,TY4100,1,3013000.0
3816,112485,2000-07-13,Toys,TY4200,3,3013000.0
3817,132637,2000-10-29,Toys,TY1700,1,3013000.0
3818,166017,2001-04-27,Gardening,GD1500,1,3013000.0
3819,166017,2001-04-27,Gardening,GD2300,4,3013000.0
3820,100128,1997-01-13,Toys,TY1700,4,3138000.0
3821,122228,1997-05-28,Gardening,GD1001,2,3138000.0
3822,186925,1998-05-04,Gardening,GD1010,1,3138000.0
3823,186925,1998-05-04,Gardening,GD2100,2,3138000.0
3824,186925,1998-05-04,Gardening,GD4000,1,3138000.0
3825,189194,1998-05-14,Sports,SP1000,2,3138000.0
3826,213793,1998-08-27,Sports,SP2500,1,3138000.0
3827,229149,1998-10-31,Pets,PT2100,1,3138000.0
3828,232423,1998-11-14,Pets,PT3300,1,3138000.0
3829,235889,1998-11-29,Software,SW3909,3,3138000.0
3830,239434,1998-12-14,Pets,PT4400,2,3138000.0
3831,100128,2000-04-22,Toys,TY1700,4,3138000.0
3832,122228,2000-09-04,Gardening,GD1001,2,3138000.0
3833,120160,1997-05-17,Toys,TY1500,4,3184000.0
3834,120160,1997-05-17,Toys,TY2600,2,3184000.0
3835,120160,1997-05-17,Toys,TY5200,1,3184000.0
3836,120160,1997-05-17,Toys,TY5300,2,3184000.0
3837,122419,1997-05-29,Gardening,GD1600,1,3184000.0
3838,122419,1997-05-29,Gardening,GD2200,3,3184000.0
3839,122419,1997-05-29,Gardening,GD3200,1,3184000.0
3840,133435,1997-07-26,Sports,SP3000,1,3184000.0
3841,138334,1997-08-21,Sports,SP3000,1,3184000.0
3842,142182,1997-09-10,Pets,PT1400,3,3184000.0
3843,150837,1997-10-26,Pets,PT1300,3,3184000.0
3844,155292,1997-11-19,Toys,TY4500,1,3184000.0
3845,198090,1998-06-21,Gardening,GD3000,1,3184000.0
3846,201143,1998-07-04,Pets,PT2100,3,3184000.0
3847,202070,1998-07-08,Sports,SP1400,1,3184000.0
3848,202070,1998-07-08,Sports,SP2400,1,3184000.0
3849,202070,1998-07-08,Sports,SP2500,3,3184000.0
3850,202986,1998-07-12,Pets,PT4200,4,3184000.0
3851,208538,1998-08-05,Toys,TY1700,1,3184000.0
3852,208538,1998-08-05,Toys,TY2700,2,3184000.0
3853,208538,1998-08-05,Toys,TY5300,1,3184000.0
3854,210006,1998-08-11,Sports,SP1200,1,3184000.0
3855,226583,1998-10-20,Pets,PT2300,1,3184000.0
3856,226582,1998-10-20,Software,SW7384,4,3184000.0
3857,120160,2000-08-24,Toys,TY1500,4,3184000.0
3858,120160,2000-08-24,Toys,TY2600,2,3184000.0
3859,120160,2000-08-24,Toys,TY5200,1,3184000.0
3860,120160,2000-08-24,Toys,TY5300,2,3184000.0
3861,122419,2000-09-05,Gardening,GD1600,1,3184000.0
3862,122419,2000-09-05,Gardening,GD2200,3,3184000.0
3863,122419,2000-09-05,Gardening,GD3200,1,3184000.0
3864,133435,2000-11-02,Sports,SP3000,1,3184000.0
3865,138334,2000-11-28,Sports,SP3000,1,3184000.0
3866,142182,2000-12-18,Pets,PT1400,3,3184000.0
3867,150837,2001-02-02,Pets,PT1300,3,3184000.0
3868,155292,2001-02-26,Toys,TY4500,1,3184000.0
3869,100664,1997-01-17,Toys,TY1950,4,3263000.0
3870,149676,1997-10-20,Sports,SP3300,3,3263000.0
3871,150423,1997-10-24,Pets,PT2300,1,3263000.0
3872,166021,1998-01-18,Pets,PT3300,1,3263000.0
3873,166021,1998-01-18,Pets,PT4200,1,3263000.0
3874,190135,1998-05-18,Collectibles,CC2300,1,3263000.0
3875,190135,1998-05-18,Collectibles,CC3300,1,3263000.0
3876,190135,1998-05-18,Collectibles,CC1100,2,3263000.0
3877,198765,1998-06-24,Sports,SP1300,1,3263000.0
3878,218764,1998-09-17,Toys,TY3200,1,3263000.0
3879,228211,1998-10-27,Sports,SP2600,3,3263000.0
3880,240118,1998-12-17,Sports,SP1500,2,3263000.0
3881,100664,2000-04-26,Toys,TY1950,4,3263000.0
3882,149676,2001-01-27,Sports,SP3300,3,3263000.0
3883,150423,2001-01-31,Pets,PT2300,1,3263000.0
3884,166021,2001-04-27,Pets,PT3300,1,3263000.0
3885,166021,2001-04-27,Pets,PT4200,1,3263000.0
3886,103076,1997-02-04,Pets,PT1200,1,3273000.0
3887,103076,1997-02-04,Pets,PT2100,2,3273000.0
3888,103076,1997-02-04,Pets,PT3500,3,3273000.0
3889,108833,1997-03-14,Gardening,GD2000,1,3273000.0
3890,130954,1997-07-13,Toys,TY1300,3,3273000.0
3891,130954,1997-07-13,Toys,TY4200,1,3273000.0
3892,130954,1997-07-13,Toys,TY5300,1,3273000.0
3893,157794,1997-12-02,Sports,SP3300,1,3273000.0
3894,187853,1998-05-08,Gardening,GD4100,2,3273000.0
3895,202511,1998-07-10,Sports,SP3000,1,3273000.0
3896,226081,1998-10-18,Toys,TY1400,1,3273000.0
3897,226081,1998-10-18,Toys,TY1850,1,3273000.0
3898,226081,1998-10-18,Toys,TY2200,1,3273000.0
3899,226081,1998-10-18,Toys,TY4600,1,3273000.0
3900,230095,1998-11-04,Software,SW9521,1,3273000.0
3901,103076,2000-05-14,Pets,PT1200,1,3273000.0
3902,103076,2000-05-14,Pets,PT2100,2,3273000.0
3903,103076,2000-05-14,Pets,PT3500,3,3273000.0
3904,108833,2000-06-21,Gardening,GD2000,1,3273000.0
3905,130954,2000-10-20,Toys,TY1300,3,3273000.0
3906,130954,2000-10-20,Toys,TY4200,1,3273000.0
3907,130954,2000-10-20,Toys,TY5300,1,3273000.0
3908,157794,2001-03-11,Sports,SP3300,1,3273000.0
3909,109846,1997-03-20,Software,SW7221,1,3388000.0
3910,129859,1997-07-07,Gardening,GD2000,1,3388000.0
3911,129858,1997-07-07,Pets,PT1000,1,3388000.0
3912,129858,1997-07-07,Pets,PT2400,4,3388000.0
3913,129858,1997-07-07,Pets,PT3500,1,3388000.0
3914,130781,1997-07-12,Pets,PT2000,1,3388000.0
3915,130781,1997-07-12,Pets,PT2400,1,3388000.0
3916,130781,1997-07-12,Pets,PT3500,2,3388000.0
3917,130781,1997-07-12,Pets,PT4300,1,3388000.0
3918,144716,1997-09-23,Pets,PT3500,1,3388000.0
3919,150046,1997-10-22,Gardening,GD2300,1,3388000.0
3920,152127,1997-11-02,Toys,TY2100,3,3388000.0
3921,155125,1997-11-18,Toys,TY4100,1,3388000.0
3922,164772,1998-01-10,Sports,SP2200,1,3388000.0
3923,178834,1998-03-28,Pets,PT1300,2,3388000.0
3924,201855,1998-07-07,Sports,SP3300,3,3388000.0
3925,207156,1998-07-30,Collectibles,CC1200,3,3388000.0
3926,207156,1998-07-30,Collectibles,CC2100,2,3388000.0
3927,207156,1998-07-30,Collectibles,CC2400,1,3388000.0
3928,207156,1998-07-30,Collectibles,CC4700,1,3388000.0
3929,210242,1998-08-12,Pets,PT4300,1,3388000.0
3930,210460,1998-08-13,Sports,SP2500,4,3388000.0
3931,221359,1998-09-28,Toys,TY3400,1,3388000.0
3932,109846,2000-06-27,Software,SW7221,1,3388000.0
3933,129859,2000-10-14,Gardening,GD2000,1,3388000.0
3934,129858,2000-10-14,Pets,PT1000,1,3388000.0
3935,129858,2000-10-14,Pets,PT2400,4,3388000.0
3936,129858,2000-10-14,Pets,PT3500,1,3388000.0
3937,130781,2000-10-19,Pets,PT2000,1,3388000.0
3938,130781,2000-10-19,Pets,PT2400,1,3388000.0
3939,130781,2000-10-19,Pets,PT3500,2,3388000.0
3940,130781,2000-10-19,Pets,PT4300,1,3388000.0
3941,144716,2000-12-31,Pets,PT3500,1,3388000.0
3942,150046,2001-01-29,Gardening,GD2300,1,3388000.0
3943,152127,2001-02-09,Toys,TY2100,3,3388000.0
3944,155125,2001-02-25,Toys,TY4100,1,3388000.0
3945,164772,2001-04-19,Sports,SP2200,1,3388000.0
3946,116980,1997-04-30,Toys,TY2500,1,3513000.0
3947,140272,1997-08-31,Sports,SP2200,1,3513000.0
3948,141454,1997-09-06,Pets,PT4400,1,3513000.0
3949,158579,1997-12-06,Software,SW2927,1,3513000.0
3950,166197,1998-01-19,Sports,SP3300,1,3513000.0
3951,191079,1998-05-22,Pets,PT2000,1,3513000.0
3952,194744,1998-06-07,Toys,TY1850,4,3513000.0
3953,211677,1998-08-18,Toys,TY1300,1,3513000.0
3954,216638,1998-09-08,Sports,SP2400,1,3513000.0
3955,230101,1998-11-04,Pets,PT3200,2,3513000.0
3956,116980,2000-08-07,Toys,TY2500,1,3513000.0
3957,140272,2000-12-08,Sports,SP2200,1,3513000.0
3958,141454,2000-12-14,Pets,PT4400,1,3513000.0
3959,158579,2001-03-15,Software,SW2927,1,3513000.0
3960,166197,2001-04-28,Sports,SP3300,1,3513000.0
3961,130250,1997-07-09,Toys,TY4500,1,3638000.0
3962,170448,1998-02-13,Sports,SP2400,1,3638000.0
3963,202288,1998-07-09,Sports,SP2700,1,3638000.0
3964,210471,1998-08-13,Pets,PT1400,4,3638000.0
3965,228219,1998-10-27,Pets,PT3200,1,3638000.0
3966,228218,1998-10-27,Sports,SP2500,1,3638000.0
3967,238997,1998-12-12,Toys,TY3700,1,3638000.0
3968,130250,2000-10-16,Toys,TY4500,1,3638000.0
3969,170448,2001-05-23,Sports,SP2400,1,3638000.0
3970,105061,1997-02-18,Sports,SP2000,1,3763000.0
3971,110513,1997-03-24,Pets,PT4300,1,3763000.0
3972,133446,1997-07-26,Software,SW3895,1,3763000.0
3973,133446,1997-07-26,Software,SW4550,1,3763000.0
3974,133446,1997-07-26,Software,SW6269,1,3763000.0
3975,156457,1997-11-25,Sports,SP3300,1,3763000.0
3976,165512,1998-01-15,Gardening,GD1300,1,3763000.0
3977,165512,1998-01-15,Gardening,GD2400,3,3763000.0
3978,165512,1998-01-15,Gardening,GD3100,1,3763000.0
3979,165512,1998-01-15,Gardening,GD4200,1,3763000.0
3980,194970,1998-06-08,Sports,SP2200,1,3763000.0
3981,210248,1998-08-12,Sports,SP1300,1,3763000.0
3982,105061,2000-05-28,Sports,SP2000,1,3763000.0
3983,110513,2000-07-01,Pets,PT4300,1,3763000.0
3984,133446,2000-11-02,Software,SW3895,1,3763000.0
3985,133446,2000-11-02,Software,SW4550,1,3763000.0
3986,133446,2000-11-02,Software,SW6269,1,3763000.0
3987,156457,2001-03-04,Sports,SP3300,1,3763000.0
3988,165512,2001-04-24,Gardening,GD1300,1,3763000.0
3989,165512,2001-04-24,Gardening,GD2400,3,3763000.0
3990,165512,2001-04-24,Gardening,GD3100,1,3763000.0
3991,165512,2001-04-24,Gardening,GD4200,1,3763000.0
3992,120372,1997-05-18,Sports,SP1000,1,3888000.0
3993,156460,1997-11-25,Pets,PT4300,4,3888000.0
3994,172117,1998-02-22,Software,SW3895,4,3888000.0
3995,199006,1998-06-25,Sports,SP1100,1,3888000.0
3996,199257,1998-06-26,Sports,SP1000,4,3888000.0
3997,199257,1998-06-26,Sports,SP1100,4,3888000.0
3998,199257,1998-06-26,Sports,SP3400,1,3888000.0
3999,224732,1998-10-12,Pets,PT1300,4,3888000.0
4000,225389,1998-10-15,Software,SW6531,1,3888000.0
4001,120372,2000-08-25,Sports,SP1000,1,3888000.0
4002,156460,2001-03-04,Pets,PT4300,4,3888000.0
4003,110859,1997-03-26,Sports,SP1000,3,3906000.0
4004,110859,1997-03-26,Sports,SP1400,4,3906000.0
4005,110859,1997-03-26,Sports,SP2400,1,3906000.0
4006,126048,1997-06-17,Sports,SP2200,3,3906000.0
4007,186297,1998-05-01,Gardening,GD4000,1,3906000.0
4008,189914,1998-05-17,Gardening,GD3000,4,3906000.0
4009,189914,1998-05-17,Gardening,GD3200,1,3906000.0
4010,189914,1998-05-17,Gardening,GD3400,1,3906000.0
4011,189914,1998-05-17,Gardening,GD4000,4,3906000.0
4012,215864,1998-09-05,Software,SW2147,1,3906000.0
4013,230346,1998-11-05,Collectibles,CC3200,1,3906000.0
4014,110859,2000-07-03,Sports,SP1000,3,3906000.0
4015,110859,2000-07-03,Sports,SP1400,4,3906000.0
4016,110859,2000-07-03,Sports,SP2400,1,3906000.0
4017,126048,2000-09-24,Sports,SP2200,3,3906000.0
4018,104191,1997-02-12,Pets,PT4400,4,4013000.0
4019,106795,1997-03-01,Collectibles,CC4200,1,4013000.0
4020,144919,1997-09-24,Toys,TY2400,1,4013000.0
4021,174794,1998-03-08,Pets,PT3500,4,4013000.0
4022,182299,1998-04-13,Sports,SP1200,1,4013000.0
4023,196437,1998-06-14,Pets,PT3200,1,4013000.0
4024,215436,1998-09-03,Sports,SP3100,1,4013000.0
4025,217344,1998-09-11,Toys,TY4600,1,4013000.0
4026,223098,1998-10-05,Software,SW8511,2,4013000.0
4027,238548,1998-12-10,Toys,TY1600,4,4013000.0
4028,104191,2000-05-22,Pets,PT4400,4,4013000.0
4029,106795,2000-06-08,Collectibles,CC4200,1,4013000.0
4030,144919,2001-01-01,Toys,TY2400,1,4013000.0
4031,104623,1997-02-15,Gardening,GD4000,2,4138000.0
4032,105845,1997-02-23,Pets,PT4200,1,4138000.0
4033,107261,1997-03-04,Sports,SP1300,1,4138000.0
4034,113781,1997-04-12,Collectibles,CC1500,4,4138000.0
4035,122048,1997-05-27,Gardening,GD2200,4,4138000.0
4036,159712,1997-12-12,Toys,TY1650,1,4138000.0
4037,159712,1997-12-12,Toys,TY1900,1,4138000.0
4038,159712,1997-12-12,Toys,TY2500,4,4138000.0
4039,159712,1997-12-12,Toys,TY3800,2,4138000.0
4040,160841,1997-12-18,Pets,PT4500,1,4138000.0
4041,169037,1998-02-05,Sports,SP3300,1,4138000.0
4042,195464,1998-06-10,Sports,SP2200,1,4138000.0
4043,195464,1998-06-10,Sports,SP3200,1,4138000.0
4044,195464,1998-06-10,Sports,SP3300,2,4138000.0
4045,210714,1998-08-14,Gardening,GD2000,3,4138000.0
4046,224503,1998-10-11,Toys,TY3500,1,4138000.0
4047,239450,1998-12-14,Sports,SP1400,1,4138000.0
4048,104623,2000-05-25,Gardening,GD4000,2,4138000.0
4049,105845,2000-06-02,Pets,PT4200,1,4138000.0
4050,107261,2000-06-11,Sports,SP1300,1,4138000.0
4051,113781,2000-07-20,Collectibles,CC1500,4,4138000.0
4052,122048,2000-09-03,Gardening,GD2200,4,4138000.0
4053,159712,2001-03-21,Toys,TY1650,1,4138000.0
4054,159712,2001-03-21,Toys,TY1900,1,4138000.0
4055,159712,2001-03-21,Toys,TY2500,4,4138000.0
4056,159712,2001-03-21,Toys,TY3800,2,4138000.0
4057,160841,2001-03-27,Pets,PT4500,1,4138000.0
4058,169037,2001-05-15,Sports,SP3300,1,4138000.0
4059,106798,1997-03-01,Sports,SP2600,3,4263000.0
4060,112876,1997-04-07,Gardening,GD3100,1,4263000.0
4061,118679,1997-05-09,Software,SW3625,1,4263000.0
4062,124299,1997-06-08,Sports,SP1000,1,4263000.0
4063,134006,1997-07-29,Pets,PT3300,3,4263000.0
4064,137459,1997-08-16,Sports,SP1200,1,4263000.0
4065,151044,1997-10-27,Toys,TY5200,1,4263000.0
4066,161643,1997-12-22,Sports,SP2400,2,4263000.0
4067,163414,1998-01-01,Gardening,GD1100,1,4263000.0
4068,173069,1998-02-27,Gardening,GD1300,1,4263000.0
4069,185619,1998-04-28,Gardening,GD3400,1,4263000.0
4070,188756,1998-05-12,Gardening,GD4000,3,4263000.0
4071,193875,1998-06-03,Pets,PT1400,1,4263000.0
4072,211953,1998-08-19,Toys,TY1300,1,4263000.0
4073,212875,1998-08-23,Sports,SP2500,2,4263000.0
4074,217597,1998-09-12,Toys,TY4600,1,4263000.0
4075,230352,1998-11-05,Sports,SP2400,3,4263000.0
4076,106798,2000-06-08,Sports,SP2600,3,4263000.0
4077,112876,2000-07-15,Gardening,GD3100,1,4263000.0
4078,118679,2000-08-16,Software,SW3625,1,4263000.0
4079,124299,2000-09-15,Sports,SP1000,1,4263000.0
4080,134006,2000-11-05,Pets,PT3300,3,4263000.0
4081,137459,2000-11-23,Sports,SP1200,1,4263000.0
4082,151044,2001-02-03,Toys,TY5200,1,4263000.0
4083,161643,2001-03-31,Sports,SP2400,2,4263000.0
4084,163414,2001-04-10,Gardening,GD1100,1,4263000.0
4085,105065,1997-02-18,Toys,TY5400,1,4388000.0
4086,120543,1997-05-19,Gardening,GD3400,1,4388000.0
4087,132656,1997-07-22,Toys,TY3500,4,4388000.0
4088,186080,1998-04-30,Software,SW7573,1,4388000.0
4089,239671,1998-12-15,Toys,TY1950,1,4388000.0
4090,105065,2000-05-28,Toys,TY5400,1,4388000.0
4091,120543,2000-08-26,Gardening,GD3400,1,4388000.0
4092,132656,2000-10-29,Toys,TY3500,4,4388000.0
4093,111204,1997-03-28,Gardening,GD2400,1,4401000.0
4094,135923,1997-08-08,Sports,SP1100,1,4401000.0
4095,142380,1997-09-11,Pets,PT2300,2,4401000.0
4096,142788,1997-09-13,Toys,TY2500,1,4401000.0
4097,145808,1997-09-29,Toys,TY1400,1,4401000.0
4098,146398,1997-10-02,Toys,TY3100,1,4401000.0
4099,176004,1998-03-14,Toys,TY1850,1,4401000.0
4100,177392,1998-03-21,Gardening,GD2000,1,4401000.0
4101,184968,1998-04-25,Sports,SP3200,1,4401000.0
4102,198355,1998-06-22,Sports,SP2700,4,4401000.0
4103,215871,1998-09-05,Software,SW1991,1,4401000.0
4104,215871,1998-09-05,Software,SW2147,1,4401000.0
4105,215871,1998-09-05,Software,SW2147,1,4401000.0
4106,215871,1998-09-05,Software,SW7935,1,4401000.0
4107,219261,1998-09-19,Gardening,GD1100,1,4401000.0
4108,221857,1998-09-30,Sports,SP1300,1,4401000.0
4109,240639,1998-12-19,Pets,PT3400,2,4401000.0
4110,111204,2000-07-05,Gardening,GD2400,1,4401000.0
4111,135923,2000-11-15,Sports,SP1100,1,4401000.0
4112,142380,2000-12-19,Pets,PT2300,2,4401000.0
4113,142788,2000-12-21,Toys,TY2500,1,4401000.0
4114,145808,2001-01-06,Toys,TY1400,1,4401000.0
4115,146398,2001-01-09,Toys,TY3100,1,4401000.0
4116,117753,1997-05-04,Sports,SP2300,1,4513000.0
4117,126407,1997-06-19,Pets,PT4200,1,4513000.0
4118,156275,1997-11-24,Toys,TY4600,1,4513000.0
4119,165075,1998-01-12,Pets,PT1100,1,4513000.0
4120,165075,1998-01-12,Pets,PT2100,2,4513000.0
4121,165075,1998-01-12,Pets,PT4300,3,4513000.0
4122,174801,1998-03-08,Toys,TY3700,1,4513000.0
4123,211697,1998-08-18,Sports,SP3000,1,4513000.0
4124,215450,1998-09-03,Pets,PT3100,3,4513000.0
4125,232688,1998-11-15,Sports,SP2400,4,4513000.0
4126,239012,1998-12-12,Sports,SP3100,1,4513000.0
4127,239673,1998-12-15,Toys,TY2100,4,4513000.0
4128,240401,1998-12-18,Toys,TY1750,1,4513000.0
4129,240401,1998-12-18,Toys,TY2100,1,4513000.0
4130,240401,1998-12-18,Toys,TY4700,1,4513000.0
4131,117753,2000-08-11,Sports,SP2300,1,4513000.0
4132,126407,2000-09-26,Pets,PT4200,1,4513000.0
4133,156275,2001-03-03,Toys,TY4600,1,4513000.0
4134,165075,2001-04-21,Pets,PT1100,1,4513000.0
4135,165075,2001-04-21,Pets,PT2100,2,4513000.0
4136,165075,2001-04-21,Pets,PT4300,3,4513000.0
4137,102137,1997-01-28,Gardening,GD3400,1,4617000.0
4138,102695,1997-02-01,Pets,PT2000,1,4617000.0
4139,102695,1997-02-01,Pets,PT4100,1,4617000.0
4140,102695,1997-02-01,Pets,PT4500,1,4617000.0
4141,112505,1997-04-05,Sports,SP1600,4,4617000.0
4142,166210,1998-01-19,Software,SW1991,1,4617000.0
4143,170880,1998-02-15,Sports,SP2000,4,4617000.0
4144,172125,1998-02-22,Gardening,GD1400,3,4617000.0
4145,201877,1998-07-07,Sports,SP2300,1,4617000.0
4146,214491,1998-08-30,Software,SW2147,2,4617000.0
4147,214491,1998-08-30,Software,SW3545,1,4617000.0
4148,214491,1998-08-30,Software,SW6531,1,4617000.0
4149,216398,1998-09-07,Gardening,GD1200,1,4617000.0
4150,226610,1998-10-20,Toys,TY4200,4,4617000.0
4151,228471,1998-10-28,Software,SW3895,4,4617000.0
4152,233651,1998-11-19,Sports,SP2400,1,4617000.0
4153,234780,1998-11-24,Sports,SP1100,1,4617000.0
4154,102137,2000-05-07,Gardening,GD3400,1,4617000.0
4155,102695,2000-05-11,Pets,PT2000,1,4617000.0
4156,102695,2000-05-11,Pets,PT4100,1,4617000.0
4157,102695,2000-05-11,Pets,PT4500,1,4617000.0
4158,112505,2000-07-13,Sports,SP1600,4,4617000.0
4159,166210,2001-04-28,Software,SW1991,1,4617000.0
4160,170880,2001-05-25,Sports,SP2000,4,4617000.0
4161,112677,1997-04-06,Gardening,GD1001,1,4638000.0
4162,116996,1997-04-30,Sports,SP2000,1,4638000.0
4163,121129,1997-05-22,Pets,PT1100,1,4638000.0
4164,121129,1997-05-22,Pets,PT1400,3,4638000.0
4165,121129,1997-05-22,Pets,PT2200,1,4638000.0
4166,125077,1997-06-12,Toys,TY4300,4,4638000.0
4167,144352,1997-09-21,Sports,SP2500,1,4638000.0
4168,176807,1998-03-18,Gardening,GD1200,1,4638000.0
4169,176807,1998-03-18,Gardening,GD1300,1,4638000.0
4170,176807,1998-03-18,Gardening,GD3100,1,4638000.0
4171,196447,1998-06-14,Toys,TY5100,1,4638000.0
4172,215452,1998-09-03,Sports,SP1300,1,4638000.0
4173,215452,1998-09-03,Sports,SP2500,1,4638000.0
4174,215452,1998-09-03,Sports,SP3000,1,4638000.0
4175,233409,1998-11-18,Sports,SP2000,2,4638000.0
4176,233409,1998-11-18,Sports,SP2300,2,4638000.0
4177,233409,1998-11-18,Sports,SP2700,1,4638000.0
4178,233409,1998-11-18,Sports,SP3000,1,4638000.0
4179,112677,2000-07-14,Gardening,GD1001,1,4638000.0
4180,116996,2000-08-07,Sports,SP2000,1,4638000.0
4181,121129,2000-08-29,Pets,PT1100,1,4638000.0
4182,121129,2000-08-29,Pets,PT1400,3,4638000.0
4183,121129,2000-08-29,Pets,PT2200,1,4638000.0
4184,125077,2000-09-19,Toys,TY4300,4,4638000.0
4185,144352,2000-12-29,Sports,SP2500,1,4638000.0
4186,114466,1997-04-16,Sports,SP1400,1,4763000.0
4187,121131,1997-05-22,Gardening,GD3100,1,4763000.0
4188,129279,1997-07-04,Toys,TY1700,1,4763000.0
4189,146602,1997-10-03,Software,SW7935,1,4763000.0
4190,157823,1997-12-02,Pets,PT2000,1,4763000.0
4191,157823,1997-12-02,Pets,PT2100,2,4763000.0
4192,157823,1997-12-02,Pets,PT3100,3,4763000.0
4193,157823,1997-12-02,Pets,PT3300,1,4763000.0
4194,165862,1998-01-17,Gardening,GD1300,2,4763000.0
4195,169210,1998-02-06,Sports,SP3400,1,4763000.0
4196,176210,1998-03-15,Software,SW7383,1,4763000.0
4197,177198,1998-03-20,Sports,SP2600,1,4763000.0
4198,177198,1998-03-20,Sports,SP3400,1,4763000.0
4199,190862,1998-05-21,Sports,SP3300,1,4763000.0
4200,193608,1998-06-02,Collectibles,CC3300,4,4763000.0
4201,207418,1998-07-31,Toys,TY1850,1,4763000.0
4202,216129,1998-09-06,Sports,SP1000,1,4763000.0
4203,216129,1998-09-06,Sports,SP2600,1,4763000.0
4204,216129,1998-09-06,Sports,SP2700,1,4763000.0
4205,216129,1998-09-06,Sports,SP3200,1,4763000.0
4206,221632,1998-09-29,Toys,TY2600,1,4763000.0
4207,221632,1998-09-29,Toys,TY3500,1,4763000.0
4208,221632,1998-09-29,Toys,TY5100,1,4763000.0
4209,221864,1998-09-30,Gardening,GD3100,1,4763000.0
4210,114466,2000-07-24,Sports,SP1400,1,4763000.0
4211,121131,2000-08-29,Gardening,GD3100,1,4763000.0
4212,129279,2000-10-11,Toys,TY1700,1,4763000.0
4213,146602,2001-01-10,Software,SW7935,1,4763000.0
4214,157823,2001-03-11,Pets,PT2000,1,4763000.0
4215,157823,2001-03-11,Pets,PT2100,2,4763000.0
4216,157823,2001-03-11,Pets,PT3100,3,4763000.0
4217,157823,2001-03-11,Pets,PT3300,1,4763000.0
4218,165862,2001-04-26,Gardening,GD1300,2,4763000.0
4219,169210,2001-05-16,Sports,SP3400,1,4763000.0
4220,104483,1997-02-14,Sports,SP3200,1,4891000.0
4221,136327,1997-08-10,Toys,TY1650,1,4891000.0
4222,136327,1997-08-10,Toys,TY1750,1,4891000.0
4223,136327,1997-08-10,Toys,TY3700,1,4891000.0
4224,136327,1997-08-10,Toys,TY4300,3,4891000.0
4225,143183,1997-09-15,Pets,PT1400,1,4891000.0
4226,143183,1997-09-15,Pets,PT3300,1,4891000.0
4227,143183,1997-09-15,Pets,PT4200,1,4891000.0
4228,160286,1997-12-15,Software,SW4825,3,4891000.0
4229,207864,1998-08-02,Sports,SP3000,3,4891000.0
4230,226837,1998-10-21,Sports,SP2200,1,4891000.0
4231,104483,2000-05-24,Sports,SP3200,1,4891000.0
4232,136327,2000-11-17,Toys,TY1650,1,4891000.0
4233,136327,2000-11-17,Toys,TY1750,1,4891000.0
4234,136327,2000-11-17,Toys,TY3700,1,4891000.0
4235,136327,2000-11-17,Toys,TY4300,3,4891000.0
4236,143183,2000-12-23,Pets,PT1400,1,4891000.0
4237,143183,2000-12-23,Pets,PT3300,1,4891000.0
4238,143183,2000-12-23,Pets,PT4200,1,4891000.0
4239,160286,2001-03-24,Software,SW4825,3,4891000.0
4240,105851,1997-02-23,Gardening,GD1500,1,4941000.0
4241,112885,1997-04-07,Toys,TY1200,1,4941000.0
4242,112885,1997-04-07,Toys,TY2200,2,4941000.0
4243,112885,1997-04-07,Toys,TY2500,1,4941000.0
4244,112885,1997-04-07,Toys,TY5100,1,4941000.0
4245,126062,1997-06-17,Gardening,GD1500,1,4941000.0
4246,126062,1997-06-17,Gardening,GD2000,3,4941000.0
4247,132120,1997-07-19,Pets,PT1300,4,4941000.0
4248,132120,1997-07-19,Pets,PT2100,1,4941000.0
4249,132120,1997-07-19,Pets,PT2300,1,4941000.0
4250,147674,1997-10-09,Toys,TY3200,1,4941000.0
4251,172903,1998-02-26,Gardening,GD1001,1,4941000.0
4252,192682,1998-05-29,Toys,TY1900,1,4941000.0
4253,212171,1998-08-20,Toys,TY1300,3,4941000.0
4254,220925,1998-09-26,Software,SW8511,3,4941000.0
4255,234314,1998-11-22,Sports,SP1100,1,4941000.0
4256,242413,1998-12-27,Pets,PT1200,1,4941000.0
4257,105851,2000-06-02,Gardening,GD1500,1,4941000.0
4258,112885,2000-07-15,Toys,TY1200,1,4941000.0
4259,112885,2000-07-15,Toys,TY2200,2,4941000.0
4260,112885,2000-07-15,Toys,TY2500,1,4941000.0
4261,112885,2000-07-15,Toys,TY5100,1,4941000.0
4262,126062,2000-09-24,Gardening,GD1500,1,4941000.0
4263,126062,2000-09-24,Gardening,GD2000,3,4941000.0
4264,132120,2000-10-26,Pets,PT1300,4,4941000.0
4265,132120,2000-10-26,Pets,PT2100,1,4941000.0
4266,132120,2000-10-26,Pets,PT2300,1,4941000.0
4267,147674,2001-01-16,Toys,TY3200,1,4941000.0
4268,100924,1997-01-19,Pets,PT2300,1,5016000.0
4269,113985,1997-04-13,Pets,PT4500,4,5016000.0
4270,128482,1997-06-30,Sports,SP3100,1,5016000.0
4271,132123,1997-07-19,Sports,SP1000,4,5016000.0
4272,132123,1997-07-19,Sports,SP1300,2,5016000.0
4273,132123,1997-07-19,Sports,SP1500,1,5016000.0
4274,132123,1997-07-19,Sports,SP2500,4,5016000.0
4275,188322,1998-05-10,Pets,PT3500,4,5016000.0
4276,191545,1998-05-24,Toys,TY1850,4,5016000.0
4277,193368,1998-06-01,Gardening,GD1010,1,5016000.0
4278,207868,1998-08-02,Sports,SP1000,1,5016000.0
4279,212399,1998-08-21,Sports,SP1000,1,5016000.0
4280,227317,1998-10-23,Pets,PT2400,3,5016000.0
4281,227317,1998-10-23,Pets,PT3400,1,5016000.0
4282,227317,1998-10-23,Pets,PT4300,1,5016000.0
4283,227317,1998-10-23,Pets,PT4400,1,5016000.0
4284,100924,2000-04-28,Pets,PT2300,1,5016000.0
4285,113985,2000-07-21,Pets,PT4500,4,5016000.0
4286,128482,2000-10-07,Sports,SP3100,1,5016000.0
4287,132123,2000-10-26,Sports,SP1000,4,5016000.0
4288,132123,2000-10-26,Sports,SP1300,2,5016000.0
4289,132123,2000-10-26,Sports,SP1500,1,5016000.0
4290,132123,2000-10-26,Sports,SP2500,4,5016000.0
4291,107118,1997-03-03,Sports,SP1600,1,5141000.0
4292,116084,1997-04-25,Sports,SP2000,1,5141000.0
4293,118694,1997-05-09,Gardening,GD3000,1,5141000.0
4294,135382,1997-08-05,Pets,PT3200,1,5141000.0
4295,145118,1997-09-25,Pets,PT3300,1,5141000.0
4296,146789,1997-10-04,Toys,TY2500,2,5141000.0
4297,186092,1998-04-30,Toys,TY4300,2,5141000.0
4298,192462,1998-05-28,Collectibles,CC4300,1,5141000.0
4299,200227,1998-06-30,Toys,TY5300,1,5141000.0
4300,215681,1998-09-04,Gardening,GD4300,1,5141000.0
4301,220455,1998-09-24,Toys,TY4300,1,5141000.0
4302,238326,1998-12-09,Pets,PT1100,1,5141000.0
4303,107118,2000-06-10,Sports,SP1600,1,5141000.0
4304,116084,2000-08-02,Sports,SP2000,1,5141000.0
4305,118694,2000-08-16,Gardening,GD3000,1,5141000.0
4306,135382,2000-11-12,Pets,PT3200,1,5141000.0
4307,145118,2001-01-02,Pets,PT3300,1,5141000.0
4308,146789,2001-01-11,Toys,TY2500,2,5141000.0
4309,117177,1997-05-01,Collectibles,CC4700,1,5150000.0
4310,117759,1997-05-04,Toys,TY4700,1,5150000.0
4311,132671,1997-07-22,Pets,PT2200,4,5150000.0
4312,184978,1998-04-25,Collectibles,CC2300,3,5150000.0
4313,199504,1998-06-27,Gardening,GD2200,1,5150000.0
4314,241552,1998-12-23,Toys,TY1800,3,5150000.0
4315,117177,2000-08-08,Collectibles,CC4700,1,5150000.0
4316,117759,2000-08-11,Toys,TY4700,1,5150000.0
4317,132671,2000-10-29,Pets,PT2200,4,5150000.0
4318,113810,1997-04-12,Sports,SP3300,4,5266000.0
4319,121334,1997-05-23,Sports,SP3200,3,5266000.0
4320,123199,1997-06-02,Toys,TY1100,1,5266000.0
4321,146405,1997-10-02,Pets,PT3200,3,5266000.0
4322,155900,1997-11-22,Toys,TY3800,1,5266000.0
4323,164490,1998-01-08,Pets,PT4200,4,5266000.0
4324,170264,1998-02-12,Gardening,GD1100,3,5266000.0
4325,175208,1998-03-10,Sports,SP1000,1,5266000.0
4326,175208,1998-03-10,Sports,SP1400,2,5266000.0
4327,175208,1998-03-10,Sports,SP1600,1,5266000.0
4328,175208,1998-03-10,Sports,SP2000,1,5266000.0
4329,203245,1998-07-13,Sports,SP3100,1,5266000.0
4330,226117,1998-10-18,Pets,PT1200,3,5266000.0
4331,226117,1998-10-18,Pets,PT3300,4,5266000.0
4332,226117,1998-10-18,Pets,PT3500,4,5266000.0
4333,229193,1998-10-31,Sports,SP2200,1,5266000.0
4334,229193,1998-10-31,Sports,SP2400,1,5266000.0
4335,229193,1998-10-31,Sports,SP2600,1,5266000.0
4336,229193,1998-10-31,Sports,SP3300,1,5266000.0
4337,232703,1998-11-15,Sports,SP1600,3,5266000.0
4338,232703,1998-11-15,Sports,SP2300,1,5266000.0
4339,232703,1998-11-15,Sports,SP2400,1,5266000.0
4340,232703,1998-11-15,Sports,SP2700,1,5266000.0
4341,113810,2000-07-20,Sports,SP3300,4,5266000.0
4342,121334,2000-08-30,Sports,SP3200,3,5266000.0
4343,123199,2000-09-09,Toys,TY1100,1,5266000.0
4344,146405,2001-01-09,Pets,PT3200,3,5266000.0
4345,155900,2001-03-01,Toys,TY3800,1,5266000.0
4346,164490,2001-04-17,Pets,PT4200,4,5266000.0
4347,170264,2001-05-22,Gardening,GD1100,3,5266000.0
4348,101732,1997-01-25,Sports,SP2500,1,5391000.0
4349,107772,1997-03-07,Pets,PT4100,1,5391000.0
4350,141099,1997-09-04,Pets,PT1100,1,5391000.0
4351,141099,1997-09-04,Pets,PT2300,3,5391000.0
4352,141099,1997-09-04,Pets,PT2400,1,5391000.0
4353,142800,1997-09-13,Toys,TY2200,1,5391000.0
4354,144936,1997-09-24,Toys,TY2600,1,5391000.0
4355,144936,1997-09-24,Toys,TY3200,1,5391000.0
4356,144936,1997-09-24,Toys,TY5200,1,5391000.0
4357,155153,1997-11-18,Sports,SP1000,1,5391000.0
4358,155153,1997-11-18,Sports,SP2200,1,5391000.0
4359,155153,1997-11-18,Sports,SP2400,1,5391000.0
4360,171966,1998-02-21,Pets,PT1300,4,5391000.0
4361,176609,1998-03-17,Gardening,GD3000,1,5391000.0
4362,181661,1998-04-10,Gardening,GD2400,1,5391000.0
4363,186541,1998-05-02,Pets,PT2200,1,5391000.0
4364,210736,1998-08-14,Gardening,GD2300,4,5391000.0
4365,211476,1998-08-17,Sports,SP1400,1,5391000.0
4366,215686,1998-09-04,Sports,SP3200,1,5391000.0
4367,224305,1998-10-10,Sports,SP1000,1,5391000.0
4368,229422,1998-11-01,Toys,TY1700,2,5391000.0
4369,229422,1998-11-01,Toys,TY1750,1,5391000.0
4370,229422,1998-11-01,Toys,TY4300,4,5391000.0
4371,101732,2000-05-04,Sports,SP2500,1,5391000.0
4372,107772,2000-06-14,Pets,PT4100,1,5391000.0
4373,141099,2000-12-12,Pets,PT1100,1,5391000.0
4374,141099,2000-12-12,Pets,PT2300,3,5391000.0
4375,141099,2000-12-12,Pets,PT2400,1,5391000.0
4376,142800,2000-12-21,Toys,TY2200,1,5391000.0
4377,144936,2001-01-01,Toys,TY2600,1,5391000.0
4378,144936,2001-01-01,Toys,TY3200,1,5391000.0
4379,144936,2001-01-01,Toys,TY5200,1,5391000.0
4380,155153,2001-02-25,Sports,SP1000,1,5391000.0
4381,155153,2001-02-25,Sports,SP2200,1,5391000.0
4382,155153,2001-02-25,Sports,SP2400,1,5391000.0
4383,171966,2001-05-31,Pets,PT1300,4,5391000.0
4384,128292,1997-06-29,Pets,PT2100,1,5516000.0
4385,134460,1997-07-31,Toys,TY1300,3,5516000.0
4386,147495,1997-10-08,Toys,TY2700,1,5516000.0
4387,148417,1997-10-13,Toys,TY3800,1,5516000.0
4388,156864,1997-11-27,Software,SW7383,1,5516000.0
4389,204608,1998-07-19,Sports,SP2400,3,5516000.0
4390,206018,1998-07-25,Sports,SP2400,4,5516000.0
4391,209800,1998-08-10,Pets,PT1000,1,5516000.0
4392,128292,2000-10-06,Pets,PT2100,1,5516000.0
4393,134460,2000-11-07,Toys,TY1300,3,5516000.0
4394,147495,2001-01-15,Toys,TY2700,1,5516000.0
4395,148417,2001-01-20,Toys,TY3800,1,5516000.0
4396,156864,2001-03-06,Software,SW7383,1,5516000.0
4397,99178,1997-01-05,Sports,SP1000,2,5634000.0
4398,99570,1997-01-08,Pets,PT4100,1,5634000.0
4399,101585,1997-01-24,Sports,SP1000,1,5634000.0
4400,101585,1997-01-24,Sports,SP1400,2,5634000.0
4401,101585,1997-01-24,Sports,SP2300,4,5634000.0
4402,101585,1997-01-24,Sports,SP2300,1,5634000.0
4403,113446,1997-04-10,Sports,SP1100,2,5634000.0
4404,118703,1997-05-09,Pets,PT2100,1,5634000.0
4405,122646,1997-05-30,Gardening,GD1010,1,5634000.0
4406,122646,1997-05-30,Gardening,GD1200,3,5634000.0
4407,122646,1997-05-30,Gardening,GD3300,4,5634000.0
4408,122646,1997-05-30,Gardening,GD4200,1,5634000.0
4409,162224,1997-12-25,Sports,SP2400,1,5634000.0
4410,170093,1998-02-11,Sports,SP2200,1,5634000.0
4411,184990,1998-04-25,Pets,PT1200,3,5634000.0
4412,184990,1998-04-25,Pets,PT3500,4,5634000.0
4413,184990,1998-04-25,Pets,PT4500,1,5634000.0
4414,206971,1998-07-29,Gardening,GD1100,1,5634000.0
4415,213614,1998-08-26,Toys,TY3300,1,5634000.0
4416,217624,1998-09-12,Sports,SP2200,1,5634000.0
4417,217624,1998-09-12,Sports,SP2400,1,5634000.0
4418,217625,1998-09-12,Sports,SP2600,1,5634000.0
4419,217624,1998-09-12,Sports,SP3100,1,5634000.0
4420,220934,1998-09-26,Pets,PT2100,2,5634000.0
4421,99178,2000-04-14,Sports,SP1000,2,5634000.0
4422,99570,2000-04-17,Pets,PT4100,1,5634000.0
4423,101585,2000-05-03,Sports,SP1000,1,5634000.0
4424,101585,2000-05-03,Sports,SP1400,2,5634000.0
4425,101585,2000-05-03,Sports,SP2300,4,5634000.0
4426,101585,2000-05-03,Sports,SP2300,1,5634000.0
4427,113446,2000-07-18,Sports,SP1100,2,5634000.0
4428,118703,2000-08-16,Pets,PT2100,1,5634000.0
4429,122646,2000-09-06,Gardening,GD1010,1,5634000.0
4430,122646,2000-09-06,Gardening,GD1200,3,5634000.0
4431,122646,2000-09-06,Gardening,GD3300,4,5634000.0
4432,122646,2000-09-06,Gardening,GD4200,1,5634000.0
4433,162224,2001-04-03,Sports,SP2400,1,5634000.0
4434,170093,2001-05-21,Sports,SP2200,1,5634000.0
4435,110394,1997-03-23,Toys,TY3200,1,5641000.0
4436,120014,1997-05-16,Gardening,GD2200,1,5641000.0
4437,133464,1997-07-26,Toys,TY3100,1,5641000.0
4438,148237,1997-10-12,Software,SW5338,3,5641000.0
4439,158426,1997-12-05,Pets,PT1100,1,5641000.0
4440,184142,1998-04-21,Sports,SP2600,1,5641000.0
4441,214770,1998-08-31,Pets,PT1100,1,5641000.0
4442,214770,1998-08-31,Pets,PT2000,4,5641000.0
4443,214770,1998-08-31,Pets,PT3500,1,5641000.0
4444,228977,1998-10-30,Software,SW4825,2,5641000.0
4445,235230,1998-11-26,Pets,PT2100,3,5641000.0
4446,235230,1998-11-26,Pets,PT3200,1,5641000.0
4447,235230,1998-11-26,Pets,PT4500,1,5641000.0
4448,235230,1998-11-26,Pets,PT4500,1,5641000.0
4449,239923,1998-12-16,Toys,TY1750,1,5641000.0
4450,239923,1998-12-16,Toys,TY2300,1,5641000.0
4451,239923,1998-12-16,Toys,TY2700,1,5641000.0
4452,239923,1998-12-16,Toys,TY5300,1,5641000.0
4453,110394,2000-06-30,Toys,TY3200,1,5641000.0
4454,120014,2000-08-23,Gardening,GD2200,1,5641000.0
4455,133464,2000-11-02,Toys,TY3100,1,5641000.0
4456,148237,2001-01-19,Software,SW5338,3,5641000.0
4457,158426,2001-03-14,Pets,PT1100,1,5641000.0
4458,125874,1997-06-16,Sports,SP1000,2,5766000.0
4459,149706,1997-10-20,Toys,TY1700,1,5766000.0
4460,162411,1997-12-26,Pets,PT1000,1,5766000.0
4461,162411,1997-12-26,Pets,PT1100,2,5766000.0
4462,162411,1997-12-26,Pets,PT2400,3,5766000.0
4463,178237,1998-03-25,Pets,PT2300,3,5766000.0
4464,178237,1998-03-25,Pets,PT3100,1,5766000.0
4465,178237,1998-03-25,Pets,PT4100,4,5766000.0
4466,178237,1998-03-25,Pets,PT4500,4,5766000.0
4467,200240,1998-06-30,Pets,PT2200,3,5766000.0
4468,209045,1998-08-07,Software,SW2181,1,5766000.0
4469,215237,1998-09-02,Toys,TY2300,1,5766000.0
4470,215237,1998-09-02,Toys,TY3100,1,5766000.0
4471,215237,1998-09-02,Toys,TY3800,1,5766000.0
4472,218799,1998-09-17,Toys,TY1700,2,5766000.0
4473,219285,1998-09-19,Pets,PT2200,1,5766000.0
4474,219772,1998-09-21,Sports,SP1200,2,5766000.0
4475,222628,1998-10-03,Toys,TY1850,1,5766000.0
4476,125874,2000-09-23,Sports,SP1000,2,5766000.0
4477,149706,2001-01-27,Toys,TY1700,1,5766000.0
4478,162411,2001-04-04,Pets,PT1000,1,5766000.0
4479,162411,2001-04-04,Pets,PT1100,2,5766000.0
4480,162411,2001-04-04,Pets,PT2400,3,5766000.0
4481,100686,1997-01-17,Pets,PT4100,1,5891000.0
4482,111362,1997-03-29,Sports,SP2600,1,5891000.0
4483,122459,1997-05-29,Gardening,GD3400,2,5891000.0
4484,126766,1997-06-21,Sports,SP1100,1,5891000.0
4485,136346,1997-08-10,Toys,TY5200,2,5891000.0
4486,138565,1997-08-22,Pets,PT2000,1,5891000.0
4487,148425,1997-10-13,Toys,TY4500,2,5891000.0
4488,158219,1997-12-04,Toys,TY1600,1,5891000.0
4489,158219,1997-12-04,Toys,TY1750,4,5891000.0
4490,158219,1997-12-04,Toys,TY3100,4,5891000.0
4491,158219,1997-12-04,Toys,TY3800,2,5891000.0
4492,170691,1998-02-14,Pets,PT4600,1,5891000.0
4493,223364,1998-10-06,Toys,TY1850,3,5891000.0
4494,223599,1998-10-07,Software,SW8511,1,5891000.0
4495,228981,1998-10-30,Sports,SP1000,4,5891000.0
4496,228981,1998-10-30,Sports,SP2200,3,5891000.0
4497,228981,1998-10-30,Sports,SP2400,1,5891000.0
4498,228981,1998-10-30,Sports,SP2600,1,5891000.0
4499,100686,2000-04-26,Pets,PT4100,1,5891000.0
4500,111362,2000-07-06,Sports,SP2600,1,5891000.0
4501,122459,2000-09-05,Gardening,GD3400,2,5891000.0
4502,126766,2000-09-28,Sports,SP1100,1,5891000.0
4503,136346,2000-11-17,Toys,TY5200,2,5891000.0
4504,138565,2000-11-29,Pets,PT2000,1,5891000.0
4505,148425,2001-01-20,Toys,TY4500,2,5891000.0
4506,158219,2001-03-13,Toys,TY1600,1,5891000.0
4507,158219,2001-03-13,Toys,TY1750,4,5891000.0
4508,158219,2001-03-13,Toys,TY3100,4,5891000.0
4509,158219,2001-03-13,Toys,TY3800,2,5891000.0
4510,170691,2001-05-24,Pets,PT4600,1,5891000.0
4511,119835,1997-05-15,Sports,SP1500,1,6016000.0
4512,128492,1997-06-30,Gardening,GD1200,3,6016000.0
4513,128492,1997-06-30,Gardening,GD2300,1,6016000.0
4514,128492,1997-06-30,Gardening,GD2400,3,6016000.0
4515,128492,1997-06-30,Gardening,GD3300,1,6016000.0
4516,128910,1997-07-02,Pets,PT3200,2,6016000.0
4517,145830,1997-09-29,Toys,TY2600,1,6016000.0
4518,165234,1998-01-13,Gardening,GD2100,1,6016000.0
4519,165541,1998-01-15,Gardening,GD1010,1,6016000.0
4520,165541,1998-01-15,Gardening,GD1100,3,6016000.0
4521,165541,1998-01-15,Gardening,GD4000,1,6016000.0
4522,167698,1998-01-28,Toys,TY2700,1,6016000.0
4523,190881,1998-05-21,Pets,PT4600,1,6016000.0
4524,119835,2000-08-22,Sports,SP1500,1,6016000.0
4525,128492,2000-10-07,Gardening,GD1200,3,6016000.0
4526,128492,2000-10-07,Gardening,GD2300,1,6016000.0
4527,128492,2000-10-07,Gardening,GD2400,3,6016000.0
4528,128492,2000-10-07,Gardening,GD3300,1,6016000.0
4529,128910,2000-10-09,Pets,PT3200,2,6016000.0
4530,145830,2001-01-06,Toys,TY2600,1,6016000.0
4531,165234,2001-04-22,Gardening,GD2100,1,6016000.0
4532,165541,2001-04-24,Gardening,GD1010,1,6016000.0
4533,165541,2001-04-24,Gardening,GD1100,3,6016000.0
4534,165541,2001-04-24,Gardening,GD4000,1,6016000.0
4535,167698,2001-05-07,Toys,TY2700,1,6016000.0
4536,128712,1997-07-01,Sports,SP1100,1,6141000.0
4537,128712,1997-07-01,Sports,SP1200,4,6141000.0
4538,128712,1997-07-01,Sports,SP1500,4,6141000.0
4539,128712,1997-07-01,Sports,SP2700,3,6141000.0
4540,145650,1997-09-28,Software,SW6180,1,6141000.0
4541,156493,1997-11-25,Pets,PT1300,1,6141000.0
4542,164789,1998-01-10,Pets,PT4500,1,6141000.0
4543,189016,1998-05-13,Gardening,GD2300,1,6141000.0
4544,197189,1998-06-17,Sports,SP2600,1,6141000.0
4545,197189,1998-06-17,Sports,SP3100,3,6141000.0
4546,197189,1998-06-17,Sports,SP3200,4,6141000.0
4547,202098,1998-07-08,Toys,TY1100,1,6141000.0
4548,202098,1998-07-08,Toys,TY3800,3,6141000.0
4549,202098,1998-07-08,Toys,TY4800,2,6141000.0
4550,210504,1998-08-13,Software,SW3545,4,6141000.0
4551,213376,1998-08-25,Sports,SP3400,1,6141000.0
4552,224770,1998-10-12,Toys,TY5400,1,6141000.0
4553,128712,2000-10-08,Sports,SP1100,1,6141000.0
4554,128712,2000-10-08,Sports,SP1200,4,6141000.0
4555,128712,2000-10-08,Sports,SP1500,4,6141000.0
4556,128712,2000-10-08,Sports,SP2700,3,6141000.0
4557,145650,2001-01-05,Software,SW6180,1,6141000.0
4558,156493,2001-03-04,Pets,PT1300,1,6141000.0
4559,164789,2001-04-19,Pets,PT4500,1,6141000.0
4560,132497,1997-07-21,Sports,SP1100,1,6266000.0
4561,132497,1997-07-21,Sports,SP1600,1,6266000.0
4562,132497,1997-07-21,Sports,SP2000,1,6266000.0
4563,132497,1997-07-21,Sports,SP2600,1,6266000.0
4564,146615,1997-10-03,Pets,PT2300,4,6266000.0
4565,146615,1997-10-03,Pets,PT3500,2,6266000.0
4566,146615,1997-10-03,Pets,PT4600,1,6266000.0
4567,148429,1997-10-13,Sports,SP1100,1,6266000.0
4568,148429,1997-10-13,Sports,SP1400,1,6266000.0
4569,148429,1997-10-13,Sports,SP2200,1,6266000.0
4570,148429,1997-10-13,Sports,SP3300,1,6266000.0
4571,150466,1997-10-24,Software,SW4825,1,6266000.0
4572,191139,1998-05-22,Pets,PT2000,2,6266000.0
4573,192012,1998-05-26,Toys,TY1100,1,6266000.0
4574,192012,1998-05-26,Toys,TY1700,1,6266000.0
4575,192012,1998-05-26,Toys,TY2500,1,6266000.0
4576,192012,1998-05-26,Toys,TY4500,1,6266000.0
4577,207652,1998-08-01,Sports,SP1200,1,6266000.0
4578,215897,1998-09-05,Pets,PT3200,1,6266000.0
4579,132497,2000-10-28,Sports,SP1100,1,6266000.0
4580,132497,2000-10-28,Sports,SP1600,1,6266000.0
4581,132497,2000-10-28,Sports,SP2000,1,6266000.0
4582,132497,2000-10-28,Sports,SP2600,1,6266000.0
4583,146615,2001-01-10,Pets,PT2300,4,6266000.0
4584,146615,2001-01-10,Pets,PT3500,2,6266000.0
4585,146615,2001-01-10,Pets,PT4600,1,6266000.0
4586,148429,2001-01-20,Sports,SP1100,1,6266000.0
4587,148429,2001-01-20,Sports,SP1400,1,6266000.0
4588,148429,2001-01-20,Sports,SP2200,1,6266000.0
4589,148429,2001-01-20,Sports,SP3300,1,6266000.0
4590,150466,2001-01-31,Software,SW4825,1,6266000.0
4591,108388,1997-03-11,Pets,PT2300,1,6391000.0
4592,109885,1997-03-20,Gardening,GD3300,1,6391000.0
4593,158971,1997-12-08,Software,SW4831,1,6391000.0
4594,172521,1998-02-24,Gardening,GD2200,2,6391000.0
4595,175819,1998-03-13,Pets,PT4500,3,6391000.0
4596,179706,1998-04-01,Pets,PT4600,1,6391000.0
4597,183189,1998-04-17,Gardening,GD3200,1,6391000.0
4598,190883,1998-05-21,Toys,TY1750,1,6391000.0
4599,214522,1998-08-30,Toys,TY1750,1,6391000.0
4600,214522,1998-08-30,Toys,TY1850,2,6391000.0
4601,214522,1998-08-30,Toys,TY3200,1,6391000.0
4602,214522,1998-08-30,Toys,TY3500,1,6391000.0
4603,214785,1998-08-31,Sports,SP2400,1,6391000.0
4604,218341,1998-09-15,Pets,PT4600,1,6391000.0
4605,231777,1998-11-11,Toys,TY1800,1,6391000.0
4606,235942,1998-11-29,Software,SW8241,1,6391000.0
4607,108388,2000-06-18,Pets,PT2300,1,6391000.0
4608,109885,2000-06-27,Gardening,GD3300,1,6391000.0
4609,158971,2001-03-17,Software,SW4831,1,6391000.0
4610,104784,1997-02-16,Gardening,GD3000,1,6516000.0
4611,109528,1997-03-18,Sports,SP2600,1,6516000.0
4612,110550,1997-03-24,Toys,TY3200,1,6516000.0
4613,157840,1997-12-02,Sports,SP1400,1,6516000.0
4614,157840,1997-12-02,Sports,SP1600,1,6516000.0
4615,157840,1997-12-02,Sports,SP3300,1,6516000.0
4616,179929,1998-04-02,Pets,PT4300,1,6516000.0
4617,191569,1998-05-24,Gardening,GD3200,1,6516000.0
4618,204623,1998-07-19,Pets,PT2200,1,6516000.0
4619,209573,1998-08-09,Sports,SP1000,1,6516000.0
4620,209573,1998-08-09,Sports,SP1600,1,6516000.0
4621,209573,1998-08-09,Sports,SP3200,4,6516000.0
4622,225911,1998-10-17,Sports,SP1100,1,6516000.0
4623,225911,1998-10-17,Sports,SP2700,3,6516000.0
4624,225911,1998-10-17,Sports,SP3000,1,6516000.0
4625,104784,2000-05-26,Gardening,GD3000,1,6516000.0
4626,109528,2000-06-25,Sports,SP2600,1,6516000.0
4627,110550,2000-07-01,Toys,TY3200,1,6516000.0
4628,157840,2001-03-11,Sports,SP1400,1,6516000.0
4629,157840,2001-03-11,Sports,SP1600,1,6516000.0
4630,157840,2001-03-11,Sports,SP3300,1,6516000.0
4631,101317,1997-01-22,Sports,SP2500,2,6641000.0
4632,107783,1997-03-07,Gardening,GD2300,1,6641000.0
4633,111881,1997-04-01,Pets,PT2300,1,6641000.0
4634,124708,1997-06-10,Sports,SP1400,1,6641000.0
4635,124708,1997-06-10,Sports,SP2300,1,6641000.0
4636,124708,1997-06-10,Sports,SP3000,1,6641000.0
4637,145658,1997-09-28,Sports,SP3300,1,6641000.0
4638,158973,1997-12-08,Pets,PT2200,1,6641000.0
4639,170903,1998-02-15,Sports,SP2700,1,6641000.0
4640,196477,1998-06-14,Sports,SP2000,1,6641000.0
4641,196477,1998-06-14,Sports,SP2200,1,6641000.0
4642,196477,1998-06-14,Sports,SP2400,3,6641000.0
4643,216426,1998-09-07,Sports,SP2600,1,6641000.0
4644,232988,1998-11-16,Sports,SP1500,1,6641000.0
4645,237175,1998-12-04,Software,SW7935,2,6641000.0
4646,101317,2000-05-01,Sports,SP2500,2,6641000.0
4647,107783,2000-06-14,Gardening,GD2300,1,6641000.0
4648,111881,2000-07-09,Pets,PT2300,1,6641000.0
4649,124708,2000-09-17,Sports,SP1400,1,6641000.0
4650,124708,2000-09-17,Sports,SP2300,1,6641000.0
4651,124708,2000-09-17,Sports,SP3000,1,6641000.0
4652,145658,2001-01-05,Sports,SP3300,1,6641000.0
4653,158973,2001-03-17,Pets,PT2200,1,6641000.0
4654,170903,2001-05-25,Sports,SP2700,1,6641000.0
4655,101474,1997-01-23,Pets,PT3300,1,6766000.0
4656,106209,1997-02-25,Sports,SP3200,4,6766000.0
4657,118904,1997-05-10,Pets,PT2000,1,6766000.0
4658,130460,1997-07-10,Software,SW1612,3,6766000.0
4659,130460,1997-07-10,Software,SW5338,1,6766000.0
4660,130460,1997-07-10,Software,SW6531,1,6766000.0
4661,136140,1997-08-09,Pets,PT1400,1,6766000.0
4662,139349,1997-08-26,Toys,TY4200,1,6766000.0
4663,145133,1997-09-25,Sports,SP1000,1,6766000.0
4664,145133,1997-09-25,Sports,SP1400,1,6766000.0
4665,145133,1997-09-25,Sports,SP2400,1,6766000.0
4666,145133,1997-09-25,Sports,SP3300,1,6766000.0
4667,188581,1998-05-11,Pets,PT2300,1,6766000.0
4668,196966,1998-06-16,Gardening,GD1100,1,6766000.0
4669,202575,1998-07-10,Sports,SP3000,4,6766000.0
4670,208364,1998-08-04,Toys,TY3300,1,6766000.0
4671,221418,1998-09-28,Sports,SP1500,2,6766000.0
4672,223154,1998-10-05,Sports,SP2200,4,6766000.0
4673,223154,1998-10-05,Sports,SP2700,1,6766000.0
4674,223154,1998-10-05,Sports,SP3400,1,6766000.0
4675,101474,2000-05-02,Pets,PT3300,1,6766000.0
4676,106209,2000-06-04,Sports,SP3200,4,6766000.0
4677,118904,2000-08-17,Pets,PT2000,1,6766000.0
4678,130460,2000-10-17,Software,SW1612,3,6766000.0
4679,130460,2000-10-17,Software,SW5338,1,6766000.0
4680,130460,2000-10-17,Software,SW6531,1,6766000.0
4681,136140,2000-11-16,Pets,PT1400,1,6766000.0
4682,139349,2000-12-03,Toys,TY4200,1,6766000.0
4683,145133,2001-01-02,Sports,SP1000,1,6766000.0
4684,145133,2001-01-02,Sports,SP1400,1,6766000.0
4685,145133,2001-01-02,Sports,SP2400,1,6766000.0
4686,145133,2001-01-02,Sports,SP3300,1,6766000.0
4687,100305,1997-01-14,Pets,PT2300,4,6870000.0
4688,102716,1997-02-01,Gardening,GD1600,1,6870000.0
4689,120981,1997-05-21,Pets,PT2300,1,6870000.0
4690,121884,1997-05-26,Toys,TY2400,1,6870000.0
4691,128510,1997-06-30,Toys,TY4600,4,6870000.0
4692,151460,1997-10-29,Sports,SP1500,1,6870000.0
4693,151460,1997-10-29,Sports,SP2200,2,6870000.0
4694,151460,1997-10-29,Sports,SP3000,2,6870000.0
4695,151460,1997-10-29,Sports,SP3100,1,6870000.0
4696,152381,1997-11-03,Pets,PT4400,4,6870000.0
4697,172329,1998-02-23,Pets,PT2000,1,6870000.0
4698,174229,1998-03-05,Sports,SP2000,1,6870000.0
4699,198607,1998-06-23,Pets,PT4300,1,6870000.0
4700,211257,1998-08-16,Toys,TY3200,2,6870000.0
4701,225206,1998-10-14,Sports,SP1300,1,6870000.0
4702,225206,1998-10-14,Sports,SP1600,1,6870000.0
4703,225206,1998-10-14,Sports,SP2400,1,6870000.0
4704,226142,1998-10-18,Software,SW4187,3,6870000.0
4705,227787,1998-10-25,Sports,SP1500,3,6870000.0
4706,100305,2000-04-23,Pets,PT2300,4,6870000.0
4707,102716,2000-05-11,Gardening,GD1600,1,6870000.0
4708,120981,2000-08-28,Pets,PT2300,1,6870000.0
4709,121884,2000-09-02,Toys,TY2400,1,6870000.0
4710,128510,2000-10-07,Toys,TY4600,4,6870000.0
4711,151460,2001-02-05,Sports,SP1500,1,6870000.0
4712,151460,2001-02-05,Sports,SP2200,2,6870000.0
4713,151460,2001-02-05,Sports,SP3000,2,6870000.0
4714,151460,2001-02-05,Sports,SP3100,1,6870000.0
4715,152381,2001-02-10,Pets,PT4400,4,6870000.0
4716,133080,1997-07-24,Toys,TY5100,2,6892000.0
4717,153279,1997-11-08,Pets,PT1000,1,6892000.0
4718,157660,1997-12-01,Pets,PT3500,1,6892000.0
4719,164645,1998-01-09,Sports,SP2700,3,6892000.0
4720,169428,1998-02-07,Gardening,GD3300,1,6892000.0
4721,175228,1998-03-10,Toys,TY2600,1,6892000.0
4722,186350,1998-05-01,Sports,SP2000,1,6892000.0
4723,189247,1998-05-14,Gardening,GD2400,3,6892000.0
4724,201442,1998-07-05,Sports,SP3400,1,6892000.0
4725,202817,1998-07-11,Sports,SP1500,2,6892000.0
4726,227789,1998-10-25,Toys,TY1750,3,6892000.0
4727,133080,2000-10-31,Toys,TY5100,2,6892000.0
4728,153279,2001-02-15,Pets,PT1000,1,6892000.0
4729,157660,2001-03-10,Pets,PT3500,1,6892000.0
4730,164645,2001-04-18,Sports,SP2700,3,6892000.0
4731,169428,2001-05-17,Gardening,GD3300,1,6892000.0
4732,102032,1997-01-27,Pets,PT1000,1,6944000.0
4733,102032,1997-01-27,Pets,PT1100,1,6944000.0
4734,102032,1997-01-27,Pets,PT2000,1,6944000.0
4735,102032,1997-01-27,Pets,PT2300,2,6944000.0
4736,107792,1997-03-07,Sports,SP1400,1,6944000.0
4737,117781,1997-05-04,Pets,PT1100,1,6944000.0
4738,117781,1997-05-04,Pets,PT1100,1,6944000.0
4739,117781,1997-05-04,Pets,PT1300,1,6944000.0
4740,117781,1997-05-04,Pets,PT1400,1,6944000.0
4741,160124,1997-12-14,Toys,TY1600,1,6944000.0
4742,160124,1997-12-14,Toys,TY1700,3,6944000.0
4743,160124,1997-12-14,Toys,TY2200,1,6944000.0
4744,160124,1997-12-14,Toys,TY2400,1,6944000.0
4745,161061,1997-12-19,Software,SW5338,1,6944000.0
4746,161272,1997-12-20,Toys,TY1750,1,6944000.0
4747,161272,1997-12-20,Toys,TY3200,1,6944000.0
4748,161272,1997-12-20,Toys,TY3600,1,6944000.0
4749,163732,1998-01-03,Pets,PT2400,2,6944000.0
4750,176628,1998-03-17,Pets,PT3300,3,6944000.0
4751,192027,1998-05-26,Pets,PT1000,1,6944000.0
4752,192027,1998-05-26,Pets,PT3500,1,6944000.0
4753,192027,1998-05-26,Pets,PT4300,1,6944000.0
4754,196703,1998-06-15,Collectibles,CC1300,4,6944000.0
4755,196703,1998-06-15,Collectibles,CC3400,1,6944000.0
4756,196703,1998-06-15,Collectibles,CC4500,1,6944000.0
4757,201206,1998-07-04,Software,SW2123,2,6944000.0
4758,201206,1998-07-04,Software,SW3617,1,6944000.0
4759,201206,1998-07-04,Software,SW7383,1,6944000.0
4760,204877,1998-07-20,Sports,SP3200,3,6944000.0
4761,214535,1998-08-30,Software,SW3482,4,6944000.0
4762,102032,2000-05-06,Pets,PT1000,1,6944000.0
4763,102032,2000-05-06,Pets,PT1100,1,6944000.0
4764,102032,2000-05-06,Pets,PT2000,1,6944000.0
4765,102032,2000-05-06,Pets,PT2300,2,6944000.0
4766,107792,2000-06-14,Sports,SP1400,1,6944000.0
4767,117781,2000-08-11,Pets,PT1100,1,6944000.0
4768,117781,2000-08-11,Pets,PT1100,1,6944000.0
4769,117781,2000-08-11,Pets,PT1300,1,6944000.0
4770,117781,2000-08-11,Pets,PT1400,1,6944000.0
4771,160124,2001-03-23,Toys,TY1600,1,6944000.0
4772,160124,2001-03-23,Toys,TY1700,3,6944000.0
4773,160124,2001-03-23,Toys,TY2200,1,6944000.0
4774,160124,2001-03-23,Toys,TY2400,1,6944000.0
4775,161061,2001-03-28,Software,SW5338,1,6944000.0
4776,161272,2001-03-29,Toys,TY1750,1,6944000.0
4777,161272,2001-03-29,Toys,TY3200,1,6944000.0
4778,161272,2001-03-29,Toys,TY3600,1,6944000.0
4779,163732,2001-04-12,Pets,PT2400,2,6944000.0
4780,102033,1997-01-27,Sports,SP1600,1,7017000.0
4781,120576,1997-05-19,Toys,TY2500,2,7017000.0
4782,124152,1997-06-07,Pets,PT4500,1,7017000.0
4783,147181,1997-10-06,Software,SW4575,1,7017000.0
4784,147181,1997-10-06,Software,SW7221,1,7017000.0
4785,147181,1997-10-06,Software,SW7823,1,7017000.0
4786,162250,1997-12-25,Toys,TY3300,1,7017000.0
4787,169073,1998-02-05,Pets,PT1000,1,7017000.0
4788,169073,1998-02-05,Pets,PT1300,1,7017000.0
4789,169073,1998-02-05,Pets,PT1300,2,7017000.0
4790,169073,1998-02-05,Pets,PT4300,1,7017000.0
4791,172163,1998-02-22,Gardening,GD1200,1,7017000.0
4792,176240,1998-03-15,Gardening,GD1001,1,7017000.0
4793,178069,1998-03-24,Gardening,GD2400,1,7017000.0
4794,180593,1998-04-05,Pets,PT2200,1,7017000.0
4795,189747,1998-05-16,Sports,SP2600,1,7017000.0
4796,215715,1998-09-04,Sports,SP3000,3,7017000.0
4797,222649,1998-10-03,Software,SW1005,1,7017000.0
4798,233914,1998-11-20,Pets,PT1400,4,7017000.0
4799,233914,1998-11-20,Pets,PT2100,1,7017000.0
4800,233914,1998-11-20,Pets,PT3400,1,7017000.0
4801,233914,1998-11-20,Pets,PT4200,1,7017000.0
4802,236209,1998-11-30,Toys,TY1500,4,7017000.0
4803,242681,1998-12-28,Toys,TY4600,1,7017000.0
4804,102033,2000-05-06,Sports,SP1600,1,7017000.0
4805,120576,2000-08-26,Toys,TY2500,2,7017000.0
4806,124152,2000-09-14,Pets,PT4500,1,7017000.0
4807,147181,2001-01-13,Software,SW4575,1,7017000.0
4808,147181,2001-01-13,Software,SW7221,1,7017000.0
4809,147181,2001-01-13,Software,SW7823,1,7017000.0
4810,162250,2001-04-03,Toys,TY3300,1,7017000.0
4811,169073,2001-05-15,Pets,PT1000,1,7017000.0
4812,169073,2001-05-15,Pets,PT1300,1,7017000.0
4813,169073,2001-05-15,Pets,PT1300,2,7017000.0
4814,169073,2001-05-15,Pets,PT4300,1,7017000.0
4815,103520,1997-02-07,Toys,TY2100,1,7142000.0
4816,103520,1997-02-07,Toys,TY3100,1,7142000.0
4817,103520,1997-02-07,Toys,TY3400,1,7142000.0
4818,108398,1997-03-11,Toys,TY4700,1,7142000.0
4819,115911,1997-04-24,Gardening,GD2400,1,7142000.0
4820,125700,1997-06-15,Sports,SP3000,1,7142000.0
4821,155004,1997-11-17,Sports,SP1500,1,7142000.0
4822,155004,1997-11-17,Sports,SP3000,1,7142000.0
4823,155004,1997-11-17,Sports,SP3100,3,7142000.0
4824,155003,1997-11-17,Sports,SP3300,3,7142000.0
4825,182121,1998-04-12,Gardening,GD1010,2,7142000.0
4826,196709,1998-06-15,Toys,TY1500,3,7142000.0
4827,204152,1998-07-17,Sports,SP3400,2,7142000.0
4828,205809,1998-07-24,Pets,PT2300,1,7142000.0
4829,103520,2000-05-17,Toys,TY2100,1,7142000.0
4830,103520,2000-05-17,Toys,TY3100,1,7142000.0
4831,103520,2000-05-17,Toys,TY3400,1,7142000.0
4832,108398,2000-06-18,Toys,TY4700,1,7142000.0
4833,115911,2000-08-01,Gardening,GD2400,1,7142000.0
4834,125700,2000-09-22,Sports,SP3000,1,7142000.0
4835,155004,2001-02-24,Sports,SP1500,1,7142000.0
4836,155004,2001-02-24,Sports,SP3000,1,7142000.0
4837,155004,2001-02-24,Sports,SP3100,3,7142000.0
4838,155003,2001-02-24,Sports,SP3300,3,7142000.0
4839,154805,1997-11-16,Sports,SP1200,1,7267000.0
4840,158981,1997-12-08,Sports,SP1500,3,7267000.0
4841,158981,1997-12-08,Sports,SP1600,1,7267000.0
4842,158981,1997-12-08,Sports,SP2600,1,7267000.0
4843,160509,1997-12-16,Pets,PT4200,1,7267000.0
4844,191152,1998-05-22,Pets,PT4400,1,7267000.0
4845,203052,1998-07-12,Toys,TY3800,1,7267000.0
4846,203052,1998-07-12,Toys,TY4700,1,7267000.0
4847,203052,1998-07-12,Toys,TY4700,1,7267000.0
4848,207230,1998-07-30,Toys,TY3500,1,7267000.0
4849,215489,1998-09-03,Gardening,GD1010,1,7267000.0
4850,215489,1998-09-03,Gardening,GD2200,1,7267000.0
4851,215489,1998-09-03,Gardening,GD3000,3,7267000.0
4852,215489,1998-09-03,Gardening,GD4200,1,7267000.0
4853,239056,1998-12-12,Sports,SP3400,1,7267000.0
4854,154805,2001-02-23,Sports,SP1200,1,7267000.0
4855,158981,2001-03-17,Sports,SP1500,3,7267000.0
4856,158981,2001-03-17,Sports,SP1600,1,7267000.0
4857,158981,2001-03-17,Sports,SP2600,1,7267000.0
4858,160509,2001-03-25,Pets,PT4200,1,7267000.0
4859,132513,1997-07-21,Sports,SP1300,1,7392000.0
4860,132513,1997-07-21,Sports,SP2600,1,7392000.0
4861,132513,1997-07-21,Sports,SP3100,1,7392000.0
4862,132513,1997-07-21,Sports,SP3200,1,7392000.0
4863,152391,1997-11-03,Pets,PT2100,1,7392000.0
4864,159951,1997-12-13,Toys,TY1650,3,7392000.0
4865,163452,1998-01-01,Pets,PT3200,1,7392000.0
4866,165396,1998-01-14,Gardening,GD3300,1,7392000.0
4867,212439,1998-08-21,Sports,SP1000,1,7392000.0
4868,217395,1998-09-11,Sports,SP2500,1,7392000.0
4869,217395,1998-09-11,Sports,SP3000,3,7392000.0
4870,217395,1998-09-11,Sports,SP3000,1,7392000.0
4871,217395,1998-09-11,Sports,SP3200,1,7392000.0
4872,224337,1998-10-10,Toys,TY1700,3,7392000.0
4873,224337,1998-10-10,Toys,TY4300,4,7392000.0
4874,224337,1998-10-10,Toys,TY4300,2,7392000.0
4875,132513,2000-10-28,Sports,SP1300,1,7392000.0
4876,132513,2000-10-28,Sports,SP2600,1,7392000.0
4877,132513,2000-10-28,Sports,SP3100,1,7392000.0
4878,132513,2000-10-28,Sports,SP3200,1,7392000.0
4879,152391,2001-02-10,Pets,PT2100,1,7392000.0
4880,159951,2001-03-22,Toys,TY1650,3,7392000.0
4881,163452,2001-04-10,Pets,PT3200,1,7392000.0
4882,165396,2001-04-23,Gardening,GD3300,1,7392000.0
4883,119294,1997-05-12,Gardening,GD1600,1,7470000.0
4884,126261,1997-06-18,Sports,SP1600,1,7470000.0
4885,145855,1997-09-29,Toys,TY4200,1,7470000.0
4886,151808,1997-10-31,Pets,PT2200,4,7470000.0
4887,151808,1997-10-31,Pets,PT3200,1,7470000.0
4888,151808,1997-10-31,Pets,PT4600,1,7470000.0
4889,158453,1997-12-05,Gardening,GD1300,1,7470000.0
4890,170917,1998-02-15,Gardening,GD4100,1,7470000.0
4891,174850,1998-03-08,Toys,TY1850,2,7470000.0
4892,174850,1998-03-08,Toys,TY2100,2,7470000.0
4893,174850,1998-03-08,Toys,TY4300,1,7470000.0
4894,174850,1998-03-08,Toys,TY5100,1,7470000.0
4895,186123,1998-04-30,Gardening,GD3400,1,7470000.0
4896,194374,1998-06-05,Pets,PT4500,1,7470000.0
4897,201687,1998-07-06,Sports,SP2600,1,7470000.0
4898,203945,1998-07-16,Software,SW1828,1,7470000.0
4899,203945,1998-07-16,Software,SW3802,4,7470000.0
4900,203945,1998-07-16,Software,SW8376,3,7470000.0
4901,203945,1998-07-16,Software,SW8376,1,7470000.0
4902,210085,1998-08-11,Sports,SP2000,1,7470000.0
4903,119294,2000-08-19,Gardening,GD1600,1,7470000.0
4904,126261,2000-09-25,Sports,SP1600,1,7470000.0
4905,145855,2001-01-06,Toys,TY4200,1,7470000.0
4906,151808,2001-02-07,Pets,PT2200,4,7470000.0
4907,151808,2001-02-07,Pets,PT3200,1,7470000.0
4908,151808,2001-02-07,Pets,PT4600,1,7470000.0
4909,158453,2001-03-14,Gardening,GD1300,1,7470000.0
4910,170917,2001-05-25,Gardening,GD4100,1,7470000.0
4911,100570,1997-01-16,Gardening,GD2200,1,7480000.0
4912,111710,1997-03-31,Sports,SP2200,1,7480000.0
4913,113272,1997-04-09,Pets,PT3300,1,7480000.0
4914,147518,1997-10-08,Software,SW5493,1,7480000.0
4915,165735,1998-01-16,Sports,SP1300,1,7480000.0
4916,165735,1998-01-16,Sports,SP2200,1,7480000.0
4917,165735,1998-01-16,Sports,SP2300,3,7480000.0
4918,165735,1998-01-16,Sports,SP2700,1,7480000.0
4919,187672,1998-05-07,Collectibles,CC3500,1,7480000.0
4920,212441,1998-08-21,Sports,SP1400,1,7480000.0
4921,212441,1998-08-21,Sports,SP2400,3,7480000.0
4922,212441,1998-08-21,Sports,SP3300,1,7480000.0
4923,228033,1998-10-26,Gardening,GD4200,3,7480000.0
4924,100570,2000-04-25,Gardening,GD2200,1,7480000.0
4925,111710,2000-07-08,Sports,SP2200,1,7480000.0
4926,113272,2000-07-17,Pets,PT3300,1,7480000.0
4927,147518,2001-01-15,Software,SW5493,1,7480000.0
4928,165735,2001-04-25,Sports,SP1300,1,7480000.0
4929,165735,2001-04-25,Sports,SP2200,1,7480000.0
4930,165735,2001-04-25,Sports,SP2300,3,7480000.0
4931,165735,2001-04-25,Sports,SP2700,1,7480000.0
4932,124916,1997-06-11,Sports,SP2600,4,7517000.0
4933,126265,1997-06-18,Sports,SP2600,1,7517000.0
4934,143438,1997-09-16,Sports,SP1300,1,7517000.0
4935,143438,1997-09-16,Sports,SP1500,1,7517000.0
4936,143438,1997-09-16,Sports,SP2500,1,7517000.0
4937,148264,1997-10-12,Sports,SP1200,3,7517000.0
4938,148632,1997-10-14,Pets,PT2000,1,7517000.0
4939,148632,1997-10-14,Pets,PT3100,1,7517000.0
4940,148632,1997-10-14,Pets,PT3300,1,7517000.0
4941,188594,1998-05-11,Pets,PT4500,1,7517000.0
4942,188594,1998-05-11,Pets,PT4600,1,7517000.0
4943,190447,1998-05-19,Software,SW1207,1,7517000.0
4944,196979,1998-06-16,Sports,SP2000,4,7517000.0
4945,202115,1998-07-08,Toys,TY3200,1,7517000.0
4946,207673,1998-08-01,Pets,PT4500,1,7517000.0
4947,231569,1998-11-10,Sports,SP1300,1,7517000.0
4948,239500,1998-12-14,Toys,TY4600,1,7517000.0
4949,124916,2000-09-18,Sports,SP2600,4,7517000.0
4950,126265,2000-09-25,Sports,SP2600,1,7517000.0
4951,143438,2000-12-24,Sports,SP1300,1,7517000.0
4952,143438,2000-12-24,Sports,SP1500,1,7517000.0
4953,143438,2000-12-24,Sports,SP2500,1,7517000.0
4954,148264,2001-01-19,Sports,SP1200,3,7517000.0
4955,148632,2001-01-21,Pets,PT2000,1,7517000.0
4956,148632,2001-01-21,Pets,PT3100,1,7517000.0
4957,148632,2001-01-21,Pets,PT3300,1,7517000.0
4958,102986,1997-02-03,Pets,PT4300,2,7642000.0
4959,108252,1997-03-10,Gardening,GD2100,1,7642000.0
4960,110074,1997-03-21,Gardening,GD1400,1,7642000.0
4961,138214,1997-08-20,Pets,PT4500,3,7642000.0
4962,140934,1997-09-03,Software,SW4831,1,7642000.0
4963,142053,1997-09-09,Gardening,GD1001,1,7642000.0
4964,143028,1997-09-14,Sports,SP2600,1,7642000.0
4965,150903,1997-10-26,Toys,TY1750,3,7642000.0
4966,155173,1997-11-18,Sports,SP2500,1,7642000.0
4967,167045,1998-01-24,Gardening,GD1300,1,7642000.0
4968,190213,1998-05-18,Gardening,GD2000,3,7642000.0
4969,202117,1998-07-08,Gardening,GD2100,1,7642000.0
4970,208621,1998-08-05,Pets,PT1100,1,7642000.0
4971,215921,1998-09-05,Pets,PT3100,3,7642000.0
4972,227802,1998-10-25,Pets,PT2000,2,7642000.0
4973,242456,1998-12-27,Toys,TY3500,1,7642000.0
4974,102986,2000-05-13,Pets,PT4300,2,7642000.0
4975,108252,2000-06-17,Gardening,GD2100,1,7642000.0
4976,110074,2000-06-28,Gardening,GD1400,1,7642000.0
4977,138214,2000-11-27,Pets,PT4500,3,7642000.0
4978,140934,2000-12-11,Software,SW4831,1,7642000.0
4979,142053,2000-12-17,Gardening,GD1001,1,7642000.0
4980,143028,2000-12-22,Sports,SP2600,1,7642000.0
4981,150903,2001-02-02,Toys,TY1750,3,7642000.0
4982,155173,2001-02-25,Sports,SP2500,1,7642000.0
4983,167045,2001-05-03,Gardening,GD1300,1,7642000.0
4984,100577,1997-01-16,Sports,SP1300,4,7666000.0
4985,142231,1997-09-10,Pets,PT4500,1,7666000.0
4986,162446,1997-12-26,Toys,TY2200,3,7666000.0
4987,171628,1998-02-19,Pets,PT2200,1,7666000.0
4988,193922,1998-06-03,Software,SW7271,3,7666000.0
4989,213410,1998-08-25,Pets,PT4300,2,7666000.0
4990,223401,1998-10-06,Pets,PT4600,1,7666000.0
4991,233010,1998-11-16,Sports,SP1100,1,7666000.0
4992,233010,1998-11-16,Sports,SP1600,2,7666000.0
4993,233010,1998-11-16,Sports,SP2300,4,7666000.0
4994,233010,1998-11-16,Sports,SP3000,1,7666000.0
4995,234362,1998-11-22,Toys,TY1100,1,7666000.0
4996,100577,2000-04-25,Sports,SP1300,4,7666000.0
4997,142231,2000-12-18,Pets,PT4500,1,7666000.0
4998,162446,2001-04-04,Toys,TY2200,3,7666000.0
4999,171628,2001-05-29,Pets,PT2200,1,7666000.0
5000,101611,1997-01-24,Pets,PT3200,4,7738000.0
5001,106696,1997-02-28,Sports,SP2000,1,7738000.0
5002,114164,1997-04-14,Toys,TY4500,1,7738000.0
5003,138791,1997-08-23,Sports,SP2200,3,7738000.0
5004,144765,1997-09-23,Sports,SP2600,1,7738000.0
5005,145145,1997-09-25,Software,SW6180,1,7738000.0
5006,146642,1997-10-03,Toys,TY5100,1,7738000.0
5007,151473,1997-10-29,Sports,SP1600,1,7738000.0
5008,173487,1998-03-01,Pets,PT1200,1,7738000.0
5009,173487,1998-03-01,Pets,PT2200,4,7738000.0
5010,173487,1998-03-01,Pets,PT3500,1,7738000.0
5011,187940,1998-05-08,Gardening,GD3300,1,7738000.0
5012,220966,1998-09-26,Collectibles,CC2500,4,7738000.0
5013,101611,2000-05-03,Pets,PT3200,4,7738000.0
5014,106696,2000-06-07,Sports,SP2000,1,7738000.0
5015,114164,2000-07-22,Toys,TY4500,1,7738000.0
5016,138791,2000-11-30,Sports,SP2200,3,7738000.0
5017,144765,2000-12-31,Sports,SP2600,1,7738000.0
5018,145145,2001-01-02,Software,SW6180,1,7738000.0
5019,146642,2001-01-10,Toys,TY5100,1,7738000.0
5020,151473,2001-02-05,Sports,SP1600,1,7738000.0
5021,99073,1997-01-04,Sports,SP1300,4,7767000.0
5022,99073,1997-01-04,Sports,SP3300,3,7767000.0
5023,100580,1997-01-16,Pets,PT3300,1,7767000.0
5024,111714,1997-03-31,Gardening,GD3100,3,7767000.0
5025,124536,1997-06-09,Pets,PT4400,1,7767000.0
5026,155014,1997-11-17,Toys,TY3400,1,7767000.0
5027,158051,1997-12-03,Pets,PT2000,1,7767000.0
5028,160888,1997-12-18,Sports,SP2200,1,7767000.0
5029,162079,1997-12-24,Sports,SP1100,1,7767000.0
5030,164520,1998-01-08,Pets,PT1100,1,7767000.0
5031,164520,1998-01-08,Pets,PT1200,1,7767000.0
5032,164520,1998-01-08,Pets,PT2000,1,7767000.0
5033,191815,1998-05-25,Pets,PT3100,3,7767000.0
5034,200960,1998-07-03,Software,SW5493,1,7767000.0
5035,216721,1998-09-08,Sports,SP3400,1,7767000.0
5036,230172,1998-11-04,Gardening,GD4300,3,7767000.0
5037,99073,2000-04-13,Sports,SP1300,4,7767000.0
5038,99073,2000-04-13,Sports,SP3300,3,7767000.0
5039,100580,2000-04-25,Pets,PT3300,1,7767000.0
5040,111714,2000-07-08,Gardening,GD3100,3,7767000.0
5041,124536,2000-09-16,Pets,PT4400,1,7767000.0
5042,155014,2001-02-24,Toys,TY3400,1,7767000.0
5043,158051,2001-03-12,Pets,PT2000,1,7767000.0
5044,160888,2001-03-27,Sports,SP2200,1,7767000.0
5045,162079,2001-04-02,Sports,SP1100,1,7767000.0
5046,164520,2001-04-17,Pets,PT1100,1,7767000.0
5047,164520,2001-04-17,Pets,PT1200,1,7767000.0
5048,164520,2001-04-17,Pets,PT2000,1,7767000.0
5049,100581,1997-01-16,Toys,TY3500,4,7892000.0
5050,104512,1997-02-14,Sports,SP2500,1,7892000.0
5051,118149,1997-05-06,Pets,PT2100,1,7892000.0
5052,119114,1997-05-11,Toys,TY2100,1,7892000.0
5053,189757,1998-05-16,Toys,TY2200,1,7892000.0
5054,191593,1998-05-24,Sports,SP1100,1,7892000.0
5055,191593,1998-05-24,Sports,SP2000,1,7892000.0
5056,191593,1998-05-24,Sports,SP2500,1,7892000.0
5057,192747,1998-05-29,Sports,SP2700,1,7892000.0
5058,192747,1998-05-29,Sports,SP2700,1,7892000.0
5059,192747,1998-05-29,Sports,SP3200,1,7892000.0
5060,192747,1998-05-29,Sports,SP3300,1,7892000.0
5061,196722,1998-06-15,Gardening,GD1200,1,7892000.0
5062,197221,1998-06-17,Pets,PT1100,1,7892000.0
5063,205594,1998-07-23,Pets,PT1000,1,7892000.0
5064,241130,1998-12-21,Toys,TY4100,1,7892000.0
5065,100581,2000-04-25,Toys,TY3500,4,7892000.0
5066,104512,2000-05-24,Sports,SP2500,1,7892000.0
5067,118149,2000-08-13,Pets,PT2100,1,7892000.0
5068,119114,2000-08-18,Toys,TY2100,1,7892000.0
5069,99829,1997-01-10,Gardening,GD2100,1,8020000.0
5070,124359,1997-06-08,Toys,TY1900,1,8020000.0
5071,154816,1997-11-16,Sports,SP3000,4,8020000.0
5072,168383,1998-02-01,Pets,PT1000,1,8020000.0
5073,168383,1998-02-01,Pets,PT3100,1,8020000.0
5074,168383,1998-02-01,Pets,PT3500,1,8020000.0
5075,196500,1998-06-14,Pets,PT4200,4,8020000.0
5076,207472,1998-07-31,Sports,SP1300,1,8020000.0
5077,223860,1998-10-08,Pets,PT2400,1,8020000.0
5078,99829,2000-04-19,Gardening,GD2100,1,8020000.0
5079,124359,2000-09-15,Toys,TY1900,1,8020000.0
5080,154816,2001-02-23,Sports,SP3000,4,8020000.0
5081,168383,2001-05-11,Pets,PT1000,1,8020000.0
5082,168383,2001-05-11,Pets,PT3100,1,8020000.0
5083,168383,2001-05-11,Pets,PT3500,1,8020000.0
5084,103120,1997-02-04,Pets,PT3300,4,8145000.0
5085,105604,1997-02-21,Gardening,GD3100,1,8145000.0
5086,115937,1997-04-24,Toys,TY1850,1,8145000.0
5087,117982,1997-05-05,Sports,SP1600,1,8145000.0
5088,117982,1997-05-05,Sports,SP2300,1,8145000.0
5089,117982,1997-05-05,Sports,SP2400,1,8145000.0
5090,118560,1997-05-08,Toys,TY5200,1,8145000.0
5091,166563,1998-01-21,Sports,SP1300,1,8145000.0
5092,170722,1998-02-14,Toys,TY2500,1,8145000.0
5093,185684,1998-04-28,Pets,PT3500,1,8145000.0
5094,205598,1998-07-23,Pets,PT1100,3,8145000.0
5095,208380,1998-08-04,Toys,TY1850,1,8145000.0
5096,211279,1998-08-16,Sports,SP2700,4,8145000.0
5097,103120,2000-05-14,Pets,PT3300,4,8145000.0
5098,105604,2000-05-31,Gardening,GD3100,1,8145000.0
5099,115937,2000-08-01,Toys,TY1850,1,8145000.0
5100,117982,2000-08-12,Sports,SP1600,1,8145000.0
5101,117982,2000-08-12,Sports,SP2300,1,8145000.0
5102,117982,2000-08-12,Sports,SP2400,1,8145000.0
5103,118560,2000-08-15,Toys,TY5200,1,8145000.0
5104,166563,2001-04-30,Sports,SP1300,1,8145000.0
5105,170722,2001-05-24,Toys,TY2500,1,8145000.0
5106,106223,1997-02-25,Pets,PT3500,2,8270000.0
5107,121182,1997-05-22,Sports,SP3400,4,8270000.0
5108,124548,1997-06-09,Sports,SP2300,1,8270000.0
5109,125512,1997-06-14,Software,SW3909,1,8270000.0
5110,133675,1997-07-27,Sports,SP1400,1,8270000.0
5111,133675,1997-07-27,Sports,SP2400,1,8270000.0
5112,133675,1997-07-27,Sports,SP2500,1,8270000.0
5113,133675,1997-07-27,Sports,SP2500,1,8270000.0
5114,160713,1997-12-17,Toys,TY1200,1,8270000.0
5115,176459,1998-03-16,Gardening,GD2400,1,8270000.0
5116,178895,1998-03-28,Pets,PT3200,1,8270000.0
5117,191370,1998-05-23,Pets,PT3200,4,8270000.0
5118,203518,1998-07-14,Sports,SP2400,1,8270000.0
5119,222669,1998-10-03,Sports,SP2400,1,8270000.0
5120,236950,1998-12-03,Pets,PT3100,1,8270000.0
5121,240215,1998-12-17,Toys,TY1100,1,8270000.0
5122,106223,2000-06-04,Pets,PT3500,2,8270000.0
5123,121182,2000-08-29,Sports,SP3400,4,8270000.0
5124,124548,2000-09-16,Sports,SP2300,1,8270000.0
5125,125512,2000-09-21,Software,SW3909,1,8270000.0
5126,133675,2000-11-03,Sports,SP1400,1,8270000.0
5127,133675,2000-11-03,Sports,SP2400,1,8270000.0
5128,133675,2000-11-03,Sports,SP2500,1,8270000.0
5129,133675,2000-11-03,Sports,SP2500,1,8270000.0
5130,160713,2001-03-26,Toys,TY1200,1,8270000.0
5131,125915,1997-06-16,Software,SW4155,1,8395000.0
5132,129730,1997-07-06,Sports,SP1000,1,8395000.0
5133,142643,1997-09-12,Software,SW6180,1,8395000.0
5134,173126,1998-02-27,Collectibles,CC2300,1,8395000.0
5135,173126,1998-02-27,Collectibles,CC3400,4,8395000.0
5136,173126,1998-02-27,Collectibles,CC4100,1,8395000.0
5137,173126,1998-02-27,Collectibles,CC4200,1,8395000.0
5138,190223,1998-05-18,Toys,TY3400,1,8395000.0
5139,197478,1998-06-18,Pets,PT2400,3,8395000.0
5140,233023,1998-11-16,Toys,TY2600,1,8395000.0
5141,238374,1998-12-09,Software,SW7383,1,8395000.0
5142,242706,1998-12-28,Pets,PT4600,3,8395000.0
5143,125915,2000-09-23,Software,SW4155,1,8395000.0
5144,129730,2000-10-13,Sports,SP1000,1,8395000.0
5145,142643,2000-12-20,Software,SW6180,1,8395000.0
5146,102993,1997-02-03,Software,SW7573,1,8473000.0
5147,144412,1997-09-21,Toys,TY1950,1,8473000.0
5148,158065,1997-12-03,Gardening,GD1600,1,8473000.0
5149,168392,1998-02-01,Collectibles,CC3700,1,8473000.0
5150,177882,1998-03-23,Gardening,GD2200,1,8473000.0
5151,177882,1998-03-23,Gardening,GD3300,1,8473000.0
5152,177882,1998-03-23,Gardening,GD4000,3,8473000.0
5153,207926,1998-08-02,Toys,TY3500,1,8473000.0
5154,210787,1998-08-14,Pets,PT3500,1,8473000.0
5155,215734,1998-09-04,Sports,SP3200,1,8473000.0
5156,238623,1998-12-10,Sports,SP1200,1,8473000.0
5157,242947,1998-12-29,Toys,TY2400,2,8473000.0
5158,242947,1998-12-29,Toys,TY2700,1,8473000.0
5159,242947,1998-12-29,Toys,TY4300,1,8473000.0
5160,242947,1998-12-29,Toys,TY4500,1,8473000.0
5161,102993,2000-05-13,Software,SW7573,1,8473000.0
5162,144412,2000-12-29,Toys,TY1950,1,8473000.0
5163,158065,2001-03-12,Gardening,GD1600,1,8473000.0
5164,168392,2001-05-11,Collectibles,CC3700,1,8473000.0
5165,101098,1997-01-20,Gardening,GD1100,1,8520000.0
5166,107649,1997-03-06,Pets,PT1100,1,8520000.0
5167,125921,1997-06-16,Gardening,GD3300,3,8520000.0
5168,133103,1997-07-24,Software,SW1991,1,8520000.0
5169,133103,1997-07-24,Software,SW4831,2,8520000.0
5170,133103,1997-07-24,Software,SW5338,1,8520000.0
5171,133103,1997-07-24,Software,SW7585,1,8520000.0
5172,146451,1997-10-02,Sports,SP3100,1,8520000.0
5173,154228,1997-11-13,Sports,SP1400,1,8520000.0
5174,180621,1998-04-05,Gardening,GD3300,4,8520000.0
5175,211285,1998-08-16,Toys,TY1850,1,8520000.0
5176,221214,1998-09-27,Sports,SP2400,1,8520000.0
5177,230878,1998-11-07,Toys,TY4300,1,8520000.0
5178,236233,1998-11-30,Software,SW2123,2,8520000.0
5179,236958,1998-12-03,Sports,SP2200,1,8520000.0
5180,101098,2000-04-29,Gardening,GD1100,1,8520000.0
5181,107649,2000-06-13,Pets,PT1100,1,8520000.0
5182,125921,2000-09-23,Gardening,GD3300,3,8520000.0
5183,133103,2000-10-31,Software,SW1991,1,8520000.0
5184,133103,2000-10-31,Software,SW4831,2,8520000.0
5185,133103,2000-10-31,Software,SW5338,1,8520000.0
5186,133103,2000-10-31,Software,SW7585,1,8520000.0
5187,146451,2001-01-09,Sports,SP3100,1,8520000.0
5188,154228,2001-02-20,Sports,SP1400,1,8520000.0
5189,98689,1997-01-01,Sports,SP2200,1,8645000.0
5190,98689,1997-01-01,Sports,SP2600,1,8645000.0
5191,98689,1997-01-01,Sports,SP3100,2,8645000.0
5192,103947,1997-02-10,Sports,SP1400,4,8645000.0
5193,114684,1997-04-17,Gardening,GD1600,2,8645000.0
5194,136955,1997-08-13,Toys,TY4100,1,8645000.0
5195,146274,1997-10-01,Pets,PT1400,4,8645000.0
5196,161086,1997-12-19,Toys,TY1600,1,8645000.0
5197,161086,1997-12-19,Toys,TY4200,1,8645000.0
5198,161086,1997-12-19,Toys,TY4300,4,8645000.0
5199,161086,1997-12-19,Toys,TY4600,1,8645000.0
5200,162792,1997-12-28,Toys,TY4300,1,8645000.0
5201,183230,1998-04-17,Sports,SP1600,1,8645000.0
5202,185042,1998-04-25,Toys,TY1800,1,8645000.0
5203,227598,1998-10-24,Sports,SP1300,1,8645000.0
5204,229229,1998-10-31,Gardening,GD1600,1,8645000.0
5205,98689,2000-04-10,Sports,SP2200,1,8645000.0
5206,98689,2000-04-10,Sports,SP2600,1,8645000.0
5207,98689,2000-04-10,Sports,SP3100,2,8645000.0
5208,103947,2000-05-20,Sports,SP1400,4,8645000.0
5209,114684,2000-07-25,Gardening,GD1600,2,8645000.0
5210,136955,2000-11-20,Toys,TY4100,1,8645000.0
5211,146274,2001-01-08,Pets,PT1400,4,8645000.0
5212,161086,2001-03-28,Toys,TY1600,1,8645000.0
5213,161086,2001-03-28,Toys,TY4200,1,8645000.0
5214,161086,2001-03-28,Toys,TY4300,4,8645000.0
5215,161086,2001-03-28,Toys,TY4600,1,8645000.0
5216,162792,2001-04-06,Toys,TY4300,1,8645000.0
5217,119317,1997-05-12,Sports,SP3200,1,8770000.0
5218,124734,1997-06-10,Sports,SP1000,1,8770000.0
5219,138810,1997-08-23,Toys,TY1850,1,8770000.0
5220,147723,1997-10-09,Gardening,GD1001,1,8770000.0
5221,147723,1997-10-09,Gardening,GD1400,2,8770000.0
5222,147723,1997-10-09,Gardening,GD2300,1,8770000.0
5223,147723,1997-10-09,Gardening,GD4200,3,8770000.0
5224,160328,1997-12-15,Toys,TY2400,4,8770000.0
5225,162092,1997-12-24,Pets,PT2400,1,8770000.0
5226,188621,1998-05-11,Sports,SP1300,1,8770000.0
5227,195294,1998-06-09,Sports,SP2400,1,8770000.0
5228,238629,1998-12-10,Pets,PT2400,2,8770000.0
5229,241386,1998-12-22,Pets,PT1200,1,8770000.0
5230,119317,2000-08-19,Sports,SP3200,1,8770000.0
5231,124734,2000-09-17,Sports,SP1000,1,8770000.0
5232,138810,2000-11-30,Toys,TY1850,1,8770000.0
5233,147723,2001-01-16,Gardening,GD1000,1,8770000.0
5234,147723,2001-01-16,Gardening,GD1400,2,8770000.0
5235,147723,2001-01-16,Gardening,GD2300,1,8770000.0
5236,147723,2001-01-16,Gardening,GD4200,3,8770000.0
5237,160328,2001-03-24,Toys,TY2400,4,8770000.0
5238,162092,2001-04-02,Pets,PT2400,1,8770000.0
5239,100457,1997-01-15,Gardening,GD2400,1,8895000.0
5240,122695,1997-05-30,Sports,SP2400,1,8895000.0
5241,123241,1997-06-02,Pets,PT1400,2,8895000.0
5242,123241,1997-06-02,Pets,PT2000,1,8895000.0
5243,123241,1997-06-02,Pets,PT3400,2,8895000.0
5244,123241,1997-06-02,Pets,PT3500,1,8895000.0
5245,133316,1997-07-25,Sports,SP3100,1,8895000.0
5246,149740,1997-10-20,Toys,TY4500,1,8895000.0
5247,165269,1998-01-13,Gardening,GD1300,1,8895000.0
5248,172771,1998-02-25,Software,SW2842,2,8895000.0
5249,176080,1998-03-14,Collectibles,CC4100,1,8895000.0
5250,187238,1998-05-05,Pets,PT1200,1,8895000.0
5251,204908,1998-07-20,Sports,SP2600,1,8895000.0
5252,219336,1998-09-19,Pets,PT2400,1,8895000.0
5253,219336,1998-09-19,Pets,PT3200,1,8895000.0
5254,219336,1998-09-19,Pets,PT4100,4,8895000.0
5255,219336,1998-09-19,Pets,PT4600,1,8895000.0
5256,229027,1998-10-30,Pets,PT2300,3,8895000.0
5257,100457,2000-04-24,Gardening,GD2400,1,8895000.0
5258,122695,2000-09-06,Sports,SP2400,1,8895000.0
5259,123241,2000-09-09,Pets,PT1400,2,8895000.0
5260,123241,2000-09-09,Pets,PT2000,1,8895000.0
5261,123241,2000-09-09,Pets,PT3400,2,8895000.0
5262,123241,2000-09-09,Pets,PT3500,1,8895000.0
5263,133316,2000-11-01,Sports,SP3100,1,8895000.0
5264,149740,2001-01-27,Toys,TY4500,1,8895000.0
5265,165269,2001-04-22,Gardening,GD1300,1,8895000.0
5266,103814,1997-02-09,Sports,SP2700,1,8913000.0
5267,117988,1997-05-05,Sports,SP3300,1,8913000.0
5268,141343,1997-09-05,Pets,PT1400,1,8913000.0
5269,141343,1997-09-05,Pets,PT3200,2,8913000.0
5270,141343,1997-09-05,Pets,PT4600,3,8913000.0
5271,143650,1997-09-17,Toys,TY3500,1,8913000.0
5272,144414,1997-09-21,Toys,TY1300,1,8913000.0
5273,144414,1997-09-21,Toys,TY1850,1,8913000.0
5274,144414,1997-09-21,Toys,TY1850,4,8913000.0
5275,155952,1997-11-22,Toys,TY4300,1,8913000.0
5276,162976,1997-12-29,Sports,SP3100,1,8913000.0
5277,171102,1998-02-16,Gardening,GD4100,1,8913000.0
5278,190931,1998-05-21,Toys,TY2700,2,8913000.0
5279,191168,1998-05-22,Software,SW8511,1,8913000.0
5280,195801,1998-06-11,Toys,TY4800,1,8913000.0
5281,201468,1998-07-05,Pets,PT3300,1,8913000.0
5282,201468,1998-07-05,Pets,PT3400,1,8913000.0
5283,201468,1998-07-05,Pets,PT3500,2,8913000.0
5284,202627,1998-07-10,Toys,TY1600,2,8913000.0
5285,213192,1998-08-24,Sports,SP3000,1,8913000.0
5286,219822,1998-09-21,Pets,PT4100,4,8913000.0
5287,103814,2000-05-19,Sports,SP2700,1,8913000.0
5288,117988,2000-08-12,Sports,SP3300,1,8913000.0
5289,141343,2000-12-13,Pets,PT1400,1,8913000.0
5290,141343,2000-12-13,Pets,PT3200,2,8913000.0
5291,141343,2000-12-13,Pets,PT4600,3,8913000.0
5292,143650,2000-12-25,Toys,TY3500,1,8913000.0
5293,144414,2000-12-29,Toys,TY1300,1,8913000.0
5294,144414,2000-12-29,Toys,TY1850,1,8913000.0
5295,144414,2000-12-29,Toys,TY1850,4,8913000.0
5296,155952,2001-03-01,Toys,TY4300,1,8913000.0
5297,162976,2001-04-07,Sports,SP3100,1,8913000.0
5298,171102,2001-05-26,Gardening,GD4100,1,8913000.0
5299,129352,1997-07-04,Sports,SP2000,1,9020000.0
5300,129352,1997-07-04,Sports,SP3100,1,9020000.0
5301,129352,1997-07-04,Sports,SP3200,1,9020000.0
5302,129352,1997-07-04,Sports,SP3200,1,9020000.0
5303,132728,1997-07-22,Sports,SP2400,1,9020000.0
5304,156340,1997-11-24,Software,SW3909,3,9020000.0
5305,157119,1997-11-28,Pets,PT4500,1,9020000.0
5306,234388,1998-11-22,Sports,SP1600,1,9020000.0
5307,234388,1998-11-22,Sports,SP2500,1,9020000.0
5308,234388,1998-11-22,Sports,SP3000,1,9020000.0
5309,234388,1998-11-22,Sports,SP3200,1,9020000.0
5310,129352,2000-10-11,Sports,SP2000,1,9020000.0
5311,129352,2000-10-11,Sports,SP3100,1,9020000.0
5312,129352,2000-10-11,Sports,SP3200,1,9020000.0
5313,129352,2000-10-11,Sports,SP3200,1,9020000.0
5314,132728,2000-10-29,Sports,SP2400,1,9020000.0
5315,156340,2001-03-03,Software,SW3909,3,9020000.0
5316,157119,2001-03-07,Pets,PT4500,1,9020000.0
5317,130673,1997-07-11,Gardening,GD1500,2,9145000.0
5318,145341,1997-09-26,Pets,PT1400,1,9145000.0
5319,154241,1997-11-13,Toys,TY4600,1,9145000.0
5320,178088,1998-03-24,Gardening,GD4000,1,9145000.0
5321,187241,1998-05-05,Gardening,GD1100,1,9145000.0
5322,187241,1998-05-05,Gardening,GD1300,1,9145000.0
5323,187241,1998-05-05,Gardening,GD3100,1,9145000.0
5324,196746,1998-06-15,Sports,SP2200,1,9145000.0
5325,216748,1998-09-08,Sports,SP2400,2,9145000.0
5326,221717,1998-09-29,Sports,SP3200,1,9145000.0
5327,229035,1998-10-30,Sports,SP1500,1,9145000.0
5328,233951,1998-11-20,Toys,TY4100,1,9145000.0
5329,130673,2000-10-18,Gardening,GD1500,2,9145000.0
5330,145341,2001-01-03,Pets,PT1400,1,9145000.0
5331,154241,2001-02-20,Toys,TY4600,1,9145000.0
5332,101619,1997-01-24,Gardening,GD1010,1,9204000.0
5333,108261,1997-03-10,Pets,PT1000,2,9204000.0
5334,131980,1997-07-18,Toys,TY3500,1,9204000.0
5335,144986,1997-09-24,Software,SW1207,1,9204000.0
5336,144986,1997-09-24,Software,SW1807,4,9204000.0
5337,144986,1997-09-24,Software,SW4792,4,9204000.0
5338,144986,1997-09-24,Software,SW9782,3,9204000.0
5339,149567,1997-10-19,Sports,SP1100,1,9204000.0
5340,149567,1997-10-19,Sports,SP2000,1,9204000.0
5341,149567,1997-10-19,Sports,SP3200,1,9204000.0
5342,197495,1998-06-18,Gardening,GD1400,4,9204000.0
5343,204444,1998-07-18,Software,SW3482,1,9204000.0
5344,204444,1998-07-18,Software,SW5493,4,9204000.0
5345,204444,1998-07-18,Software,SW8376,1,9204000.0
5346,204444,1998-07-18,Software,SW9604,1,9204000.0
5347,212725,1998-08-22,Toys,TY3300,4,9204000.0
5348,101619,2000-05-03,Gardening,GD1010,1,9204000.0
5349,108261,2000-06-17,Pets,PT1000,2,9204000.0
5350,131980,2000-10-25,Toys,TY3500,1,9204000.0
5351,144986,2001-01-01,Software,SW1207,1,9204000.0
5352,144986,2001-01-01,Software,SW1807,4,9204000.0
5353,144986,2001-01-01,Software,SW4792,4,9204000.0
5354,144986,2001-01-01,Software,SW9782,3,9204000.0
5355,149567,2001-01-26,Sports,SP1100,1,9204000.0
5356,149567,2001-01-26,Sports,SP2000,1,9204000.0
5357,149567,2001-01-26,Sports,SP3200,1,9204000.0
5358,121721,1997-05-25,Sports,SP1000,1,9270000.0
5359,134309,1997-07-30,Pets,PT2000,3,9270000.0
5360,151830,1997-10-31,Toys,TY1950,3,9270000.0
5361,179329,1998-03-30,Gardening,GD1001,1,9270000.0
5362,183493,1998-04-18,Toys,TY1700,1,9270000.0
5363,186154,1998-04-30,Pets,PT1200,1,9270000.0
5364,186154,1998-04-30,Pets,PT2400,1,9270000.0
5365,186154,1998-04-30,Pets,PT3100,1,9270000.0
5366,186154,1998-04-30,Pets,PT4600,2,9270000.0
5367,192531,1998-05-28,Pets,PT2200,1,9270000.0
5368,206790,1998-07-28,Sports,SP3000,1,9270000.0
5369,121721,2000-09-01,Sports,SP1000,1,9270000.0
5370,134309,2000-11-06,Pets,PT2000,3,9270000.0
5371,151830,2001-02-07,Toys,TY1950,3,9270000.0
5372,106067,1997-02-24,Sports,SP2200,1,9372000.0
5373,106067,1997-02-24,Sports,SP3200,1,9372000.0
5374,106067,1997-02-24,Sports,SP3400,1,9372000.0
5375,109753,1997-03-19,Pets,PT3100,1,9372000.0
5376,112945,1997-04-07,Pets,PT2300,1,9372000.0
5377,116502,1997-04-27,Sports,SP2500,1,9372000.0
5378,208170,1998-08-03,Sports,SP2000,1,9372000.0
5379,234634,1998-11-23,Toys,TY3100,1,9372000.0
5380,234634,1998-11-23,Toys,TY3400,3,9372000.0
5381,234634,1998-11-23,Toys,TY4600,1,9372000.0
5382,234634,1998-11-23,Toys,TY4700,1,9372000.0
5383,106067,2000-06-03,Sports,SP2200,1,9372000.0
5384,106067,2000-06-03,Sports,SP3200,1,9372000.0
5385,106067,2000-06-03,Sports,SP3400,1,9372000.0
5386,109753,2000-06-26,Pets,PT3100,1,9372000.0
5387,112945,2000-07-15,Pets,PT2300,1,9372000.0
5388,116502,2000-08-04,Sports,SP2500,1,9372000.0
5389,110921,1997-03-26,Gardening,GD3100,1,9395000.0
5390,110921,1997-03-26,Gardening,GD3300,1,9395000.0
5391,110921,1997-03-26,Gardening,GD4100,1,9395000.0
5392,134313,1997-07-30,Sports,SP2300,1,9395000.0
5393,136592,1997-08-11,Pets,PT2100,4,9395000.0
5394,187463,1998-05-06,Software,SW7935,4,9395000.0
5395,190472,1998-05-19,Gardening,GD1400,1,9395000.0
5396,197500,1998-06-18,Sports,SP3000,1,9395000.0
5397,209373,1998-08-08,Toys,TY4700,4,9395000.0
5398,211793,1998-08-18,Pets,PT3500,1,9395000.0
5399,215294,1998-09-02,Sports,SP3400,1,9395000.0
5400,226176,1998-10-18,Sports,SP2700,1,9395000.0
5401,235055,1998-11-25,Sports,SP1300,1,9395000.0
5402,110921,2000-07-03,Gardening,GD3100,1,9395000.0
5403,110921,2000-07-03,Gardening,GD3300,1,9395000.0
5404,110921,2000-07-03,Gardening,GD4100,1,9395000.0
5405,134313,2000-11-06,Sports,SP2300,1,9395000.0
5406,136592,2000-11-18,Pets,PT2100,4,9395000.0
5407,100597,1997-01-16,Sports,SP1200,2,9520000.0
5408,113679,1997-04-11,Gardening,GD1200,2,9520000.0
5409,128153,1997-06-28,Sports,SP1200,1,9520000.0
5410,128153,1997-06-28,Sports,SP2200,1,9520000.0
5411,128153,1997-06-28,Sports,SP2300,4,9520000.0
5412,159604,1997-12-11,Pets,PT2100,1,9520000.0
5413,161317,1997-12-20,Toys,TY4500,2,9520000.0
5414,161515,1997-12-21,Software,SW4187,1,9520000.0
5415,164671,1998-01-09,Software,SW1828,1,9520000.0
5416,172951,1998-02-26,Gardening,GD2300,1,9520000.0
5417,173140,1998-02-27,Sports,SP2000,1,9520000.0
5418,219115,1998-09-18,Sports,SP1500,1,9520000.0
5419,239998,1998-12-16,Toys,TY1300,1,9520000.0
5420,100597,2000-04-25,Sports,SP1200,2,9520000.0
5421,113679,2000-07-19,Gardening,GD1200,2,9520000.0
5422,128153,2000-10-05,Sports,SP1200,1,9520000.0
5423,128153,2000-10-05,Sports,SP2200,1,9520000.0
5424,128153,2000-10-05,Sports,SP2300,4,9520000.0
5425,159604,2001-03-20,Pets,PT2100,1,9520000.0
5426,161317,2001-03-29,Toys,TY4500,2,9520000.0
5427,161515,2001-03-30,Software,SW4187,1,9520000.0
5428,164671,2001-04-18,Software,SW1828,1,9520000.0
5429,117996,1997-05-05,Sports,SP2600,1,9548000.0
5430,122512,1997-05-29,Pets,PT1000,1,9548000.0
5431,127530,1997-06-25,Collectibles,CC4800,1,9548000.0
5432,128545,1997-06-30,Sports,SP1400,2,9548000.0
5433,132738,1997-07-22,Toys,TY1900,1,9548000.0
5434,160155,1997-12-14,Toys,TY3100,3,9548000.0
5435,160155,1997-12-14,Toys,TY4400,1,9548000.0
5436,160155,1997-12-14,Toys,TY5400,1,9548000.0
5437,196288,1998-06-13,Sports,SP1200,3,9548000.0
5438,217439,1998-09-11,Toys,TY1100,1,9548000.0
5439,219600,1998-09-20,Toys,TY4300,3,9548000.0
5440,242490,1998-12-27,Toys,TY1100,2,9548000.0
5441,242490,1998-12-27,Toys,TY1650,2,9548000.0
5442,242490,1998-12-27,Toys,TY1900,1,9548000.0
5443,242490,1998-12-27,Toys,TY5200,1,9548000.0
5444,117996,2000-08-12,Sports,SP2600,1,9548000.0
5445,122512,2000-09-05,Pets,PT1000,1,9548000.0
5446,127530,2000-10-02,Collectibles,CC4800,1,9548000.0
5447,128545,2000-10-07,Sports,SP1400,2,9548000.0
5448,132738,2000-10-29,Toys,TY1900,1,9548000.0
5449,160155,2001-03-23,Toys,TY3100,3,9548000.0
5450,160155,2001-03-23,Toys,TY4400,1,9548000.0
5451,160155,2001-03-23,Toys,TY5400,1,9548000.0
5452,101110,1997-01-20,Pets,PT2400,1,9645000.0
5453,104532,1997-02-14,Sports,SP2000,1,9645000.0
5454,110436,1997-03-23,Gardening,GD2400,1,9645000.0
5455,117238,1997-05-01,Sports,SP1000,1,9645000.0
5456,133329,1997-07-25,Pets,PT1400,2,9645000.0
5457,133329,1997-07-25,Pets,PT3500,1,9645000.0
5458,133329,1997-07-25,Pets,PT4300,1,9645000.0
5459,133329,1997-07-25,Pets,PT4600,1,9645000.0
5460,133697,1997-07-27,Pets,PT1300,1,9645000.0
5461,138823,1997-08-23,Sports,SP2300,1,9645000.0
5462,153854,1997-11-11,Toys,TY2300,1,9645000.0
5463,177263,1998-03-20,Toys,TY3800,1,9645000.0
5464,180405,1998-04-04,Gardening,GD4200,1,9645000.0
5465,190692,1998-05-20,Pets,PT1100,1,9645000.0
5466,192996,1998-05-30,Toys,TY3700,4,9645000.0
5467,196525,1998-06-14,Pets,PT3100,1,9645000.0
5468,101110,2000-04-29,Pets,PT2400,1,9645000.0
5469,104532,2000-05-24,Sports,SP2000,1,9645000.0
5470,110436,2000-06-30,Gardening,GD2400,1,9645000.0
5471,117238,2000-08-08,Sports,SP1000,1,9645000.0
5472,133329,2000-11-01,Pets,PT1400,2,9645000.0
5473,133329,2000-11-01,Pets,PT3500,1,9645000.0
5474,133329,2000-11-01,Pets,PT4300,1,9645000.0
5475,133329,2000-11-01,Pets,PT4600,1,9645000.0
5476,133697,2000-11-03,Pets,PT1300,1,9645000.0
5477,138823,2000-11-30,Sports,SP2300,1,9645000.0
5478,153854,2001-02-18,Toys,TY2300,1,9645000.0
5479,101112,1997-01-20,Sports,SP2400,1,9687000.0
5480,104683,1997-02-15,Pets,PT4600,1,9687000.0
5481,108573,1997-03-12,Sports,SP2400,3,9687000.0
5482,111574,1997-03-30,Sports,SP2300,1,9687000.0
5483,123630,1997-06-04,Sports,SP2000,1,9687000.0
5484,123630,1997-06-04,Sports,SP3200,3,9687000.0
5485,134317,1997-07-30,Pets,PT2100,1,9687000.0
5486,141354,1997-09-05,Pets,PT1300,2,9687000.0
5487,156347,1997-11-24,Toys,TY1300,1,9687000.0
5488,200543,1998-07-01,Pets,PT3100,1,9687000.0
5489,210121,1998-08-11,Software,SW2842,1,9687000.0
5490,221727,1998-09-29,Software,SW7823,1,9687000.0
5491,223655,1998-10-07,Pets,PT3400,3,9687000.0
5492,232303,1998-11-13,Gardening,GD1010,1,9687000.0
5493,235538,1998-11-27,Pets,PT3100,3,9687000.0
5494,240474,1998-12-18,Software,SW6269,1,9687000.0
5495,101112,2000-04-29,Sports,SP2400,1,9687000.0
5496,104683,2000-05-25,Pets,PT4600,1,9687000.0
5497,108573,2000-06-19,Sports,SP2400,3,9687000.0
5498,111574,2000-07-07,Sports,SP2300,1,9687000.0
5499,123630,2000-09-11,Sports,SP2000,1,9687000.0
5500,123630,2000-09-11,Sports,SP3200,3,9687000.0
5501,134317,2000-11-06,Pets,PT2100,1,9687000.0
5502,141354,2000-12-13,Pets,PT1300,2,9687000.0
5503,156347,2001-03-03,Toys,TY1300,1,9687000.0
5504,107817,1997-03-07,Sports,SP1600,1,9744000.0
5505,121561,1997-05-24,Sports,SP3000,1,9744000.0
5506,126293,1997-06-18,Gardening,GD1500,4,9744000.0
5507,142086,1997-09-09,Collectibles,CC1500,1,9744000.0
5508,142086,1997-09-09,Collectibles,CC3200,1,9744000.0
5509,142086,1997-09-09,Collectibles,CC4700,2,9744000.0
5510,149222,1997-10-17,Pets,PT1400,1,9744000.0
5511,149748,1997-10-20,Sports,SP1600,1,9744000.0
5512,172368,1998-02-23,Pets,PT2000,2,9744000.0
5513,172368,1998-02-23,Pets,PT4200,1,9744000.0
5514,190247,1998-05-18,Sports,SP1300,1,9744000.0
5515,200548,1998-07-01,Sports,SP1300,3,9744000.0
5516,200548,1998-07-01,Sports,SP2200,1,9744000.0
5517,200548,1998-07-01,Sports,SP3100,4,9744000.0
5518,227137,1998-10-22,Sports,SP2300,1,9744000.0
5519,233242,1998-11-17,Pets,PT4100,1,9744000.0
5520,107817,2000-06-14,Sports,SP1600,1,9744000.0
5521,121561,2000-08-31,Sports,SP3000,1,9744000.0
5522,126293,2000-09-25,Gardening,GD1500,4,9744000.0
5523,142086,2000-12-17,Collectibles,CC1500,1,9744000.0
5524,142086,2000-12-17,Collectibles,CC3200,1,9744000.0
5525,142086,2000-12-17,Collectibles,CC4700,2,9744000.0
5526,149222,2001-01-24,Pets,PT1400,1,9744000.0
5527,149748,2001-01-27,Sports,SP1600,1,9744000.0
5528,112399,1997-04-04,Gardening,GD2000,1,9745000.0
5529,112399,1997-04-04,Gardening,GD2400,3,9745000.0
5530,112399,1997-04-04,Gardening,GD3300,1,9745000.0
5531,124184,1997-06-07,Pets,PT4100,4,9745000.0
5532,137163,1997-08-14,Pets,PT1300,4,9745000.0
5533,138049,1997-08-19,Pets,PT4600,2,9745000.0
5534,171844,1998-02-20,Pets,PT2400,1,9745000.0
5535,207273,1998-07-30,Sports,SP3100,1,9745000.0
5536,215752,1998-09-04,Pets,PT1400,1,9745000.0
5537,112399,2000-07-12,Gardening,GD2000,1,9745000.0
5538,112399,2000-07-12,Gardening,GD2400,3,9745000.0
5539,112399,2000-07-12,Gardening,GD3300,1,9745000.0
5540,124184,2000-09-14,Pets,PT4100,4,9745000.0
5541,137163,2000-11-21,Pets,PT1300,4,9745000.0
5542,138049,2000-11-26,Pets,PT4600,2,9745000.0
5543,171844,2001-05-30,Pets,PT2400,1,9745000.0
5544,117426,1997-05-02,Pets,PT1100,1,9770000.0
5545,117426,1997-05-02,Pets,PT1400,1,9770000.0
5546,117426,1997-05-02,Pets,PT4200,1,9770000.0
5547,117426,1997-05-02,Pets,PT4200,2,9770000.0
5548,118180,1997-05-06,Gardening,GD1400,3,9770000.0
5549,118180,1997-05-06,Gardening,GD1600,1,9770000.0
5550,118180,1997-05-06,Gardening,GD3000,1,9770000.0
5551,144605,1997-09-22,Sports,SP3100,1,9770000.0
5552,149749,1997-10-20,Software,SW1612,3,9770000.0
5553,149749,1997-10-20,Software,SW3617,1,9770000.0
5554,149749,1997-10-20,Software,SW4773,2,9770000.0
5555,150130,1997-10-22,Toys,TY5200,1,9770000.0
5556,152027,1997-11-01,Pets,PT1200,4,9770000.0
5557,171303,1998-02-17,Sports,SP2400,4,9770000.0
5558,186810,1998-05-03,Gardening,GD2300,3,9770000.0
5559,187970,1998-05-08,Toys,TY1750,1,9770000.0
5560,187970,1998-05-08,Toys,TY1900,1,9770000.0
5561,187970,1998-05-08,Toys,TY4800,4,9770000.0
5562,187970,1998-05-08,Toys,TY5300,1,9770000.0
5563,192539,1998-05-28,Gardening,GD1200,1,9770000.0
5564,192539,1998-05-28,Gardening,GD1300,4,9770000.0
5565,192539,1998-05-28,Gardening,GD2200,3,9770000.0
5566,193460,1998-06-01,Toys,TY1750,1,9770000.0
5567,193460,1998-06-01,Toys,TY1950,3,9770000.0
5568,193460,1998-06-01,Toys,TY4500,1,9770000.0
5569,193460,1998-06-01,Toys,TY4600,1,9770000.0
5570,204682,1998-07-19,Sports,SP2300,3,9770000.0
5571,204682,1998-07-19,Sports,SP3100,1,9770000.0
5572,225492,1998-10-15,Sports,SP1000,4,9770000.0
5573,226707,1998-10-20,Pets,PT2100,3,9770000.0
5574,233731,1998-11-19,Collectibles,CC4400,1,9770000.0
5575,117426,2000-08-09,Pets,PT1100,1,9770000.0
5576,117426,2000-08-09,Pets,PT1400,1,9770000.0
5577,117426,2000-08-09,Pets,PT4200,1,9770000.0
5578,117426,2000-08-09,Pets,PT4200,2,9770000.0
5579,118180,2000-08-13,Gardening,GD1400,3,9770000.0
5580,118180,2000-08-13,Gardening,GD1600,1,9770000.0
5581,118180,2000-08-13,Gardening,GD3000,1,9770000.0
5582,144605,2000-12-30,Sports,SP3100,1,9770000.0
5583,149749,2001-01-27,Software,SW1612,3,9770000.0
5584,149749,2001-01-27,Software,SW3617,1,9770000.0
5585,149749,2001-01-27,Software,SW4773,2,9770000.0
5586,150130,2001-01-29,Toys,TY5200,1,9770000.0
5587,152027,2001-02-08,Pets,PT1200,4,9770000.0
5588,171303,2001-05-27,Sports,SP2400,4,9770000.0
5589,106577,1997-02-27,Sports,SP3100,1,9895000.0
5590,110759,1997-03-25,Pets,PT1000,2,9895000.0
5591,113684,1997-04-11,Pets,PT2000,1,9895000.0
5592,113684,1997-04-11,Pets,PT3200,1,9895000.0
5593,113684,1997-04-11,Pets,PT3300,2,9895000.0
5594,113684,1997-04-11,Pets,PT3500,1,9895000.0
5595,153142,1997-11-07,Pets,PT2200,1,9895000.0
5596,165282,1998-01-13,Software,SW2782,1,9895000.0
5597,165281,1998-01-13,Toys,TY1700,1,9895000.0
5598,167907,1998-01-29,Sports,SP2300,1,9895000.0
5599,184415,1998-04-22,Gardening,GD4300,3,9895000.0
5600,210342,1998-08-12,Pets,PT4300,4,9895000.0
5601,223206,1998-10-05,Collectibles,CC3600,3,9895000.0
5602,224592,1998-10-11,Pets,PT3500,1,9895000.0
5603,106577,2000-06-06,Sports,SP3100,1,9895000.0
5604,110759,2000-07-02,Pets,PT1000,2,9895000.0
5605,113684,2000-07-19,Pets,PT2000,1,9895000.0
5606,113684,2000-07-19,Pets,PT3200,1,9895000.0
5607,113684,2000-07-19,Pets,PT3300,2,9895000.0
5608,113684,2000-07-19,Pets,PT3500,1,9895000.0
5609,153142,2001-02-14,Pets,PT2200,1,9895000.0
5610,165282,2001-04-22,Software,SW2782,1,9895000.0
5611,165281,2001-04-22,Toys,TY1700,1,9895000.0
5612,167907,2001-05-08,Sports,SP2300,1,9895000.0
5613,120263,1997-05-17,Sports,SP3200,4,10020000.0
5614,127158,1997-06-23,Gardening,GD3400,3,10020000.0
5615,136395,1997-08-10,Gardening,GD1600,1,10020000.0
5616,136395,1997-08-10,Gardening,GD3200,1,10020000.0
5617,136395,1997-08-10,Gardening,GD3200,1,10020000.0
5618,136395,1997-08-10,Gardening,GD4200,3,10020000.0
5619,137344,1997-08-15,Pets,PT4300,1,10020000.0
5620,150132,1997-10-22,Sports,SP2400,2,10020000.0
5621,158847,1997-12-07,Pets,PT4100,2,10020000.0
5622,170757,1998-02-14,Sports,SP1000,3,10020000.0
5623,178924,1998-03-28,Pets,PT1200,1,10020000.0
5624,210125,1998-08-11,Pets,PT4300,1,10020000.0
5625,229048,1998-10-30,Toys,TY4800,3,10020000.0
5626,241844,1998-12-24,Pets,PT1300,2,10020000.0
5627,120263,2000-08-24,Sports,SP3200,4,10020000.0
5628,127158,2000-09-30,Gardening,GD3400,3,10020000.0
5629,136395,2000-11-17,Gardening,GD1600,1,10020000.0
5630,136395,2000-11-17,Gardening,GD3200,1,10020000.0
5631,136395,2000-11-17,Gardening,GD3200,1,10020000.0
5632,136395,2000-11-17,Gardening,GD4200,3,10020000.0
5633,137344,2000-11-22,Pets,PT4300,1,10020000.0
5634,150132,2001-01-29,Sports,SP2400,2,10020000.0
5635,158847,2001-03-16,Pets,PT4100,2,10020000.0
5636,170757,2001-05-24,Sports,SP1000,3,10020000.0
5637,104129,1997-02-11,Sports,SP2000,1,10145000.0
5638,120267,1997-05-17,Pets,PT1100,1,10145000.0
5639,121393,1997-05-23,Pets,PT4300,2,10145000.0
5640,154053,1997-11-12,Pets,PT3200,1,10145000.0
5641,184641,1998-04-23,Pets,PT4500,1,10145000.0
5642,184642,1998-04-23,Sports,SP2200,1,10145000.0
5643,185278,1998-04-26,Pets,PT4600,1,10145000.0
5644,196054,1998-06-12,Software,SW4550,1,10145000.0
5645,196054,1998-06-12,Software,SW4550,1,10145000.0
5646,196054,1998-06-12,Software,SW9023,1,10145000.0
5647,196054,1998-06-12,Software,SW9521,1,10145000.0
5648,198649,1998-06-23,Gardening,GD1400,1,10145000.0
5649,198649,1998-06-23,Gardening,GD3100,1,10145000.0
5650,198649,1998-06-23,Gardening,GD3200,1,10145000.0
5651,206314,1998-07-26,Sports,SP2400,1,10145000.0
5652,206314,1998-07-26,Sports,SP2600,1,10145000.0
5653,206314,1998-07-26,Sports,SP3200,1,10145000.0
5654,220078,1998-09-22,Pets,PT1000,1,10145000.0
5655,223444,1998-10-06,Sports,SP3400,1,10145000.0
5656,224131,1998-10-09,Sports,SP1500,1,10145000.0
5657,231848,1998-11-11,Toys,TY4600,3,10145000.0
5658,104129,2000-05-21,Sports,SP2000,1,10145000.0
5659,120267,2000-08-24,Pets,PT1100,1,10145000.0
5660,121393,2000-08-30,Pets,PT4300,2,10145000.0
5661,154053,2001-02-19,Pets,PT3200,1,10145000.0
5662,101514,1997-01-23,Software,SW3625,3,10201000.0
5663,112242,1997-04-03,Sports,SP3200,1,10201000.0
5664,116156,1997-04-25,Collectibles,CC3600,1,10201000.0
5665,116156,1997-04-25,Collectibles,CC3700,1,10201000.0
5666,116156,1997-04-25,Collectibles,CC4400,1,10201000.0
5667,128767,1997-07-01,Toys,TY4600,1,10201000.0
5668,129168,1997-07-03,Sports,SP1000,1,10201000.0
5669,159202,1997-12-09,Pets,PT3300,1,10201000.0
5670,165929,1998-01-17,Gardening,GD3100,1,10201000.0
5671,166587,1998-01-21,Pets,PT4500,1,10201000.0
5672,168576,1998-02-02,Gardening,GD3000,1,10201000.0
5673,168576,1998-02-02,Gardening,GD3200,1,10201000.0
5674,168576,1998-02-02,Gardening,GD4200,1,10201000.0
5675,170562,1998-02-13,Sports,SP3200,1,10201000.0
5676,202872,1998-07-11,Sports,SP2400,1,10201000.0
5677,206807,1998-07-28,Sports,SP2200,1,10201000.0
5678,219616,1998-09-20,Sports,SP1600,4,10201000.0
5679,219616,1998-09-20,Sports,SP3000,1,10201000.0
5680,219616,1998-09-20,Sports,SP3300,4,10201000.0
5681,219616,1998-09-20,Sports,SP3400,4,10201000.0
5682,228082,1998-10-26,Pets,PT2300,1,10201000.0
5683,101514,2000-05-02,Software,SW3625,3,10201000.0
5684,112242,2000-07-11,Sports,SP3200,1,10201000.0
5685,116156,2000-08-02,Collectibles,CC3600,1,10201000.0
5686,116156,2000-08-02,Collectibles,CC3700,1,10201000.0
5687,116156,2000-08-02,Collectibles,CC4400,1,10201000.0
5688,128767,2000-10-08,Toys,TY4600,1,10201000.0
5689,129168,2000-10-10,Sports,SP1000,1,10201000.0
5690,159202,2001-03-18,Pets,PT3300,1,10201000.0
5691,165929,2001-04-26,Gardening,GD3100,1,10201000.0
5692,166587,2001-04-30,Pets,PT4500,1,10201000.0
5693,168576,2001-05-12,Gardening,GD3000,1,10201000.0
5694,168576,2001-05-12,Gardening,GD3200,1,10201000.0
5695,168576,2001-05-12,Gardening,GD4200,1,10201000.0
5696,170562,2001-05-23,Sports,SP3200,1,10201000.0
5697,112082,1997-04-02,Gardening,GD1500,1,10270000.0
5698,114536,1997-04-16,Sports,SP1300,1,10270000.0
5699,137173,1997-08-14,Toys,TY4500,1,10270000.0
5700,157887,1997-12-02,Toys,TY1650,1,10270000.0
5701,162112,1997-12-24,Software,SW9521,4,10270000.0
5702,175460,1998-03-11,Toys,TY3300,1,10270000.0
5703,175460,1998-03-11,Toys,TY3700,1,10270000.0
5704,175460,1998-03-11,Toys,TY4400,1,10270000.0
5705,186819,1998-05-03,Pets,PT2000,1,10270000.0
5706,192319,1998-05-27,Toys,TY1100,1,10270000.0
5707,192319,1998-05-27,Toys,TY1200,1,10270000.0
5708,192319,1998-05-27,Toys,TY4400,2,10270000.0
5709,194855,1998-06-07,Sports,SP3200,1,10270000.0
5710,202389,1998-07-09,Toys,TY1500,1,10270000.0
5711,218179,1998-09-14,Toys,TY4600,4,10270000.0
5712,220544,1998-09-24,Pets,PT2000,1,10270000.0
5713,220544,1998-09-24,Pets,PT2100,1,10270000.0
5714,220544,1998-09-24,Pets,PT4200,1,10270000.0
5715,220544,1998-09-24,Pets,PT4500,4,10270000.0
5716,112082,2000-07-10,Gardening,GD1500,1,10270000.0
5717,114536,2000-07-24,Sports,SP1300,1,10270000.0
5718,137173,2000-11-21,Toys,TY4500,1,10270000.0
5719,157887,2001-03-11,Toys,TY1650,1,10270000.0
5720,162112,2001-04-02,Software,SW9521,4,10270000.0
5721,98957,1997-01-03,Sports,SP3400,1,10296000.0
5722,136795,1997-08-12,Collectibles,CC4100,1,10296000.0
5723,136795,1997-08-12,Collectibles,CC4200,1,10296000.0
5724,136795,1997-08-12,Collectibles,CC4600,3,10296000.0
5725,159616,1997-12-11,Gardening,GD3200,3,10296000.0
5726,197511,1998-06-18,Sports,SP1300,1,10296000.0
5727,216491,1998-09-07,Toys,TY1950,2,10296000.0
5728,218396,1998-09-15,Software,SW4323,1,10296000.0
5729,241847,1998-12-24,Toys,TY1500,1,10296000.0
5730,98957,2000-04-12,Sports,SP3400,1,10296000.0
5731,136795,2000-11-19,Collectibles,CC4100,1,10296000.0
5732,136795,2000-11-19,Collectibles,CC4200,1,10296000.0
5733,136795,2000-11-19,Collectibles,CC4600,3,10296000.0
5734,159616,2001-03-20,Gardening,GD3200,3,10296000.0
5735,122130,1997-05-27,Sports,SP2000,1,10395000.0
5736,143266,1997-09-15,Sports,SP2600,3,10395000.0
5737,144615,1997-09-22,Sports,SP1400,1,10395000.0
5738,144615,1997-09-22,Sports,SP2600,1,10395000.0
5739,144615,1997-09-22,Sports,SP2700,1,10395000.0
5740,158087,1997-12-03,Pets,PT4400,1,10395000.0
5741,161926,1997-12-23,Toys,TY1200,1,10395000.0
5742,164243,1998-01-06,Pets,PT1200,1,10395000.0
5743,185717,1998-04-28,Gardening,GD2400,1,10395000.0
5744,186821,1998-05-03,Gardening,GD1200,1,10395000.0
5745,188645,1998-05-11,Collectibles,CC3600,1,10395000.0
5746,190958,1998-05-21,Pets,PT2100,1,10395000.0
5747,208181,1998-08-03,Sports,SP1100,1,10395000.0
5748,208181,1998-08-03,Sports,SP2300,1,10395000.0
5749,208181,1998-08-03,Sports,SP3200,1,10395000.0
5750,217460,1998-09-11,Sports,SP3300,1,10395000.0
5751,220325,1998-09-23,Pets,PT3300,1,10395000.0
5752,240944,1998-12-20,Toys,TY1500,1,10395000.0
5753,122130,2000-09-03,Sports,SP2000,1,10395000.0
5754,143266,2000-12-23,Sports,SP2600,3,10395000.0
5755,144615,2000-12-30,Sports,SP1400,1,10395000.0
5756,144615,2000-12-30,Sports,SP2600,1,10395000.0
5757,144615,2000-12-30,Sports,SP2700,1,10395000.0
5758,158087,2001-03-12,Pets,PT4400,1,10395000.0
5759,161926,2001-04-01,Toys,TY1200,1,10395000.0
5760,164243,2001-04-15,Pets,PT1200,1,10395000.0
5761,103548,1997-02-07,Sports,SP1300,1,10520000.0
5762,119350,1997-05-12,Sports,SP2700,4,10520000.0
5763,138253,1997-08-20,Sports,SP3100,1,10520000.0
5764,142105,1997-09-09,Sports,SP3200,1,10520000.0
5765,156549,1997-11-25,Pets,PT3300,1,10520000.0
5766,161536,1997-12-21,Toys,TY2200,1,10520000.0
5767,172965,1998-02-26,Sports,SP3000,1,10520000.0
5768,187483,1998-05-06,Gardening,GD2000,1,10520000.0
5769,189565,1998-05-15,Gardening,GD3300,2,10520000.0
5770,195826,1998-06-11,Gardening,GD1500,1,10520000.0
5771,209120,1998-08-07,Toys,TY1300,1,10520000.0
5772,212747,1998-08-22,Pets,PT3500,1,10520000.0
5773,218185,1998-09-14,Pets,PT2100,4,10520000.0
5774,219623,1998-09-20,Sports,SP2000,2,10520000.0
5775,103548,2000-05-17,Sports,SP1300,1,10520000.0
5776,119350,2000-08-19,Sports,SP2700,4,10520000.0
5777,138253,2000-11-27,Sports,SP3100,1,10520000.0
5778,142105,2000-12-17,Sports,SP3200,1,10520000.0
5779,156549,2001-03-04,Pets,PT3300,1,10520000.0
5780,161536,2001-03-30,Toys,TY2200,1,10520000.0
5781,152040,1997-11-01,Sports,SP2600,4,10645000.0
5782,162631,1997-12-27,Pets,PT3300,1,10645000.0
5783,182819,1998-04-15,Sports,SP2000,2,10645000.0
5784,194183,1998-06-04,Gardening,GD1300,2,10645000.0
5785,194183,1998-06-04,Gardening,GD2000,1,10645000.0
5786,194183,1998-06-04,Gardening,GD3200,3,10645000.0
5787,199355,1998-06-26,Pets,PT3500,2,10645000.0
5788,199586,1998-06-27,Pets,PT3100,1,10645000.0
5789,207285,1998-07-30,Gardening,GD2000,3,10645000.0
5790,207285,1998-07-30,Gardening,GD2200,1,10645000.0
5791,207285,1998-07-30,Gardening,GD3400,3,10645000.0
5792,221959,1998-09-30,Toys,TY3200,1,10645000.0
5793,226718,1998-10-20,Pets,PT4600,1,10645000.0
5794,238665,1998-12-10,Sports,SP1200,4,10645000.0
5795,152040,2001-02-08,Sports,SP2600,4,10645000.0
5796,162631,2001-04-05,Pets,PT3300,1,10645000.0
5797,98960,1997-01-03,Gardening,GD2200,3,10770000.0
5798,108911,1997-03-14,Pets,PT4200,1,10770000.0
5799,111756,1997-03-31,Gardening,GD2300,1,10770000.0
5800,118005,1997-05-05,Gardening,GD1010,1,10770000.0
5801,125168,1997-06-12,Pets,PT1200,3,10770000.0
5802,135070,1997-08-03,Toys,TY1900,1,10770000.0
5803,149600,1997-10-19,Toys,TY2100,4,10770000.0
5804,149600,1997-10-19,Toys,TY2600,1,10770000.0
5805,149600,1997-10-19,Toys,TY4300,3,10770000.0
5806,149600,1997-10-19,Toys,TY4700,3,10770000.0
5807,152425,1997-11-03,Sports,SP1300,1,10770000.0
5808,164978,1998-01-11,Gardening,GD1001,1,10770000.0
5809,164978,1998-01-11,Gardening,GD1100,4,10770000.0
5810,164978,1998-01-11,Gardening,GD3000,3,10770000.0
5811,164978,1998-01-11,Gardening,GD4300,1,10770000.0
5812,187043,1998-05-04,Sports,SP1500,1,10770000.0
5813,189806,1998-05-16,Pets,PT2400,1,10770000.0
5814,192325,1998-05-27,Toys,TY1100,1,10770000.0
5815,193965,1998-06-03,Sports,SP3200,1,10770000.0
5816,200563,1998-07-01,Sports,SP1000,2,10770000.0
5817,200563,1998-07-01,Sports,SP2200,1,10770000.0
5818,200563,1998-07-01,Sports,SP2300,1,10770000.0
5819,200563,1998-07-01,Sports,SP3000,4,10770000.0
5820,234876,1998-11-24,Toys,TY4700,1,10770000.0
5821,98960,2000-04-12,Gardening,GD2200,3,10770000.0
5822,108911,2000-06-21,Pets,PT4200,1,10770000.0
5823,111756,2000-07-08,Gardening,GD2300,1,10770000.0
5824,118005,2000-08-12,Gardening,GD1010,1,10770000.0
5825,125168,2000-09-19,Pets,PT1200,3,10770000.0
5826,135070,2000-11-10,Toys,TY1900,1,10770000.0
5827,149600,2001-01-26,Toys,TY2100,4,10770000.0
5828,149600,2001-01-26,Toys,TY2600,1,10770000.0
5829,149600,2001-01-26,Toys,TY4300,3,10770000.0
5830,149600,2001-01-26,Toys,TY4700,3,10770000.0
5831,152425,2001-02-10,Sports,SP1300,1,10770000.0
5832,164978,2001-04-20,Gardening,GD1001,1,10770000.0
5833,164978,2001-04-20,Gardening,GD1100,4,10770000.0
5834,164978,2001-04-20,Gardening,GD3000,3,10770000.0
5835,164978,2001-04-20,Gardening,GD4300,1,10770000.0
5836,98961,1997-01-03,Pets,PT2100,1,10895000.0
5837,98961,1997-01-03,Pets,PT2300,1,10895000.0
5838,98961,1997-01-03,Pets,PT2300,1,10895000.0
5839,98961,1997-01-03,Pets,PT3200,1,10895000.0
5840,103828,1997-02-09,Toys,TY1200,1,10895000.0
5841,113530,1997-04-10,Toys,TY4100,1,10895000.0
5842,129967,1997-07-07,Sports,SP1000,1,10895000.0
5843,144252,1997-09-20,Gardening,GD1300,1,10895000.0
5844,156178,1997-11-23,Toys,TY3300,4,10895000.0
5845,157714,1997-12-01,Pets,PT4500,1,10895000.0
5846,192106,1998-05-26,Sports,SP3000,1,10895000.0
5847,200329,1998-06-30,Sports,SP2600,1,10895000.0
5848,200329,1998-06-30,Sports,SP2700,1,10895000.0
5849,200329,1998-06-30,Sports,SP3200,1,10895000.0
5850,237724,1998-12-06,Pets,PT1300,1,10895000.0
5851,237958,1998-12-07,Toys,TY3500,2,10895000.0
5852,98961,2000-04-12,Pets,PT2100,1,10895000.0
5853,98961,2000-04-12,Pets,PT2300,1,10895000.0
5854,98961,2000-04-12,Pets,PT2300,1,10895000.0
5855,98961,2000-04-12,Pets,PT3200,1,10895000.0
5856,103828,2000-05-19,Toys,TY1200,1,10895000.0
5857,113530,2000-07-18,Toys,TY4100,1,10895000.0
5858,129967,2000-10-14,Sports,SP1000,1,10895000.0
5859,144252,2000-12-28,Gardening,GD1300,1,10895000.0
5860,156178,2001-03-02,Toys,TY3300,4,10895000.0
5861,157714,2001-03-10,Pets,PT4500,1,10895000.0
5862,135450,1997-08-05,Software,SW2842,1,11020000.0
5863,141370,1997-09-05,Pets,PT1300,3,11020000.0
5864,144445,1997-09-21,Sports,SP1500,1,11020000.0
5865,144445,1997-09-21,Sports,SP1600,3,11020000.0
5866,144445,1997-09-21,Sports,SP2700,3,11020000.0
5867,144445,1997-09-21,Sports,SP3000,1,11020000.0
5868,159027,1997-12-08,Toys,TY3600,1,11020000.0
5869,171132,1998-02-16,Pets,PT2100,1,11020000.0
5870,175282,1998-03-10,Sports,SP2300,1,11020000.0
5871,204240,1998-07-17,Sports,SP2200,1,11020000.0
5872,204240,1998-07-17,Sports,SP2400,1,11020000.0
5873,204240,1998-07-17,Sports,SP2700,1,11020000.0
5874,204240,1998-07-17,Sports,SP3000,1,11020000.0
5875,216508,1998-09-07,Toys,TY1950,1,11020000.0
5876,216768,1998-09-08,Sports,SP1400,1,11020000.0
5877,230222,1998-11-04,Pets,PT3300,1,11020000.0
5878,135450,2000-11-12,Software,SW2842,1,11020000.0
5879,141370,2000-12-13,Pets,PT1300,3,11020000.0
5880,144445,2000-12-29,Sports,SP1500,1,11020000.0
5881,144445,2000-12-29,Sports,SP1600,3,11020000.0
5882,144445,2000-12-29,Sports,SP2700,3,11020000.0
5883,144445,2000-12-29,Sports,SP3000,1,11020000.0
5884,159027,2001-03-17,Toys,TY3600,1,11020000.0
5885,171132,2001-05-26,Pets,PT2100,1,11020000.0
5886,111113,1997-03-27,Sports,SP3300,1,11145000.0
5887,112100,1997-04-02,Collectibles,CC1200,1,11145000.0
5888,124001,1997-06-06,Sports,SP1100,1,11145000.0
5889,132214,1997-07-19,Toys,TY2400,1,11145000.0
5890,137532,1997-08-16,Sports,SP1400,2,11145000.0
5891,150958,1997-10-26,Collectibles,CC1100,1,11145000.0
5892,178736,1998-03-27,Toys,TY3100,1,11145000.0
5893,185296,1998-04-26,Sports,SP1300,1,11145000.0
5894,194875,1998-06-07,Gardening,GD2300,2,11145000.0
5895,199123,1998-06-25,Sports,SP2700,3,11145000.0
5896,205407,1998-07-22,Toys,TY4800,4,11145000.0
5897,236518,1998-12-01,Pets,PT1000,1,11145000.0
5898,236518,1998-12-01,Pets,PT1100,1,11145000.0
5899,236518,1998-12-01,Pets,PT3500,1,11145000.0
5900,111113,2000-07-04,Sports,SP3300,1,11145000.0
5901,112100,2000-07-10,Collectibles,CC1200,1,11145000.0
5902,124001,2000-09-13,Sports,SP1100,1,11145000.0
5903,132214,2000-10-26,Toys,TY2400,1,11145000.0
5904,137532,2000-11-23,Sports,SP1400,2,11145000.0
5905,150958,2001-02-02,Collectibles,CC1100,1,11145000.0
5906,111604,1997-03-30,Toys,TY1100,1,11260000.0
5907,111604,1997-03-30,Toys,TY1100,1,11260000.0
5908,111604,1997-03-30,Toys,TY1700,1,11260000.0
5909,111604,1997-03-30,Toys,TY2500,1,11260000.0
5910,121235,1997-05-22,Gardening,GD1200,3,11260000.0
5911,132560,1997-07-21,Software,SW2288,1,11260000.0
5912,132560,1997-07-21,Software,SW7573,1,11260000.0
5913,132560,1997-07-21,Software,SW8241,1,11260000.0
5914,155595,1997-11-20,Sports,SP2300,1,11260000.0
5915,177287,1998-03-20,Sports,SP2300,1,11260000.0
5916,181761,1998-04-10,Gardening,GD3300,1,11260000.0
5917,227165,1998-10-22,Toys,TY2100,1,11260000.0
5918,227854,1998-10-25,Toys,TY5100,3,11260000.0
5919,111604,2000-07-07,Toys,TY1100,1,11260000.0
5920,111604,2000-07-07,Toys,TY1100,1,11260000.0
5921,111604,2000-07-07,Toys,TY1700,1,11260000.0
5922,111604,2000-07-07,Toys,TY2500,1,11260000.0
5923,121235,2000-08-29,Gardening,GD1200,3,11260000.0
5924,132560,2000-10-28,Software,SW2288,1,11260000.0
5925,132560,2000-10-28,Software,SW7573,1,11260000.0
5926,132560,2000-10-28,Software,SW8241,1,11260000.0
5927,155595,2001-02-27,Sports,SP2300,1,11260000.0
5928,113324,1997-04-09,Sports,SP3200,1,11275000.0
5929,114721,1997-04-17,Gardening,GD3200,2,11275000.0
5930,154864,1997-11-16,Sports,SP1400,3,11275000.0
5931,189098,1998-05-13,Pets,PT1200,1,11275000.0
5932,189098,1998-05-13,Pets,PT4200,2,11275000.0
5933,201024,1998-07-03,Sports,SP1400,1,11275000.0
5934,221498,1998-09-28,Gardening,GD1200,1,11275000.0
5935,221498,1998-09-28,Gardening,GD2200,1,11275000.0
5936,221498,1998-09-28,Gardening,GD3000,1,11275000.0
5937,234881,1998-11-24,Sports,SP3300,1,11275000.0
5938,113324,2000-07-17,Sports,SP3200,1,11275000.0
5939,114721,2000-07-25,Gardening,GD3200,2,11275000.0
5940,154864,2001-02-23,Sports,SP1400,3,11275000.0
5941,106886,1997-03-01,Gardening,GD2200,1,11328000.0
5942,106886,1997-03-01,Gardening,GD4100,2,11328000.0
5943,106886,1997-03-01,Gardening,GD4300,1,11328000.0
5944,123093,1997-06-01,Sports,SP2200,1,11328000.0
5945,136622,1997-08-11,Pets,PT1400,1,11328000.0
5946,150149,1997-10-22,Pets,PT4100,1,11328000.0
5947,155225,1997-11-18,Pets,PT3200,2,11328000.0
5948,155225,1997-11-18,Pets,PT3400,4,11328000.0
5949,158669,1997-12-06,Toys,TY2300,1,11328000.0
5950,177705,1998-03-22,Gardening,GD2400,1,11328000.0
5951,177705,1998-03-22,Gardening,GD3400,1,11328000.0
5952,177705,1998-03-22,Gardening,GD4000,3,11328000.0
5953,177705,1998-03-22,Gardening,GD4000,1,11328000.0
5954,181762,1998-04-10,Gardening,GD3000,1,11328000.0
5955,182436,1998-04-13,Gardening,GD1200,1,11328000.0
5956,190976,1998-05-21,Pets,PT4100,3,11328000.0
5957,201996,1998-07-07,Gardening,GD1200,1,11328000.0
5958,201996,1998-07-07,Gardening,GD2300,1,11328000.0
5959,201996,1998-07-07,Gardening,GD2300,1,11328000.0
5960,201996,1998-07-07,Gardening,GD4300,4,11328000.0
5961,212280,1998-08-20,Pets,PT2300,1,11328000.0
5962,106886,2000-06-08,Gardening,GD2200,1,11328000.0
5963,106886,2000-06-08,Gardening,GD4100,2,11328000.0
5964,106886,2000-06-08,Gardening,GD4300,1,11328000.0
5965,123093,2000-09-08,Sports,SP2200,1,11328000.0
5966,136622,2000-11-18,Pets,PT1400,1,11328000.0
5967,150149,2001-01-29,Pets,PT4100,1,11328000.0
5968,155225,2001-02-25,Pets,PT3200,2,11328000.0
5969,155225,2001-02-25,Pets,PT3400,4,11328000.0
5970,158669,2001-03-15,Toys,TY2300,1,11328000.0
5971,110109,1997-03-21,Gardening,GD3100,3,11400000.0
5972,137537,1997-08-16,Sports,SP2500,3,11400000.0
5973,151693,1997-10-30,Software,SW4792,4,11400000.0
5974,159215,1997-12-09,Sports,SP1200,1,11400000.0
5975,159215,1997-12-09,Sports,SP1400,1,11400000.0
5976,159215,1997-12-09,Sports,SP1500,1,11400000.0
5977,159215,1997-12-09,Sports,SP2000,1,11400000.0
5978,177933,1998-03-23,Sports,SP1500,1,11400000.0
5979,213005,1998-08-23,Toys,TY1750,1,11400000.0
5980,213005,1998-08-23,Toys,TY1850,3,11400000.0
5981,213005,1998-08-23,Toys,TY2700,1,11400000.0
5982,217265,1998-09-10,Toys,TY1100,1,11400000.0
5983,217265,1998-09-10,Toys,TY1500,4,11400000.0
5984,217265,1998-09-10,Toys,TY3400,1,11400000.0
5985,217265,1998-09-10,Toys,TY5400,1,11400000.0
5986,226222,1998-10-18,Software,SW2782,1,11400000.0
5987,236999,1998-12-03,Pets,PT1400,1,11400000.0
5988,236999,1998-12-03,Pets,PT2000,3,11400000.0
5989,236999,1998-12-03,Pets,PT2200,1,11400000.0
5990,238899,1998-12-11,Toys,TY4100,1,11400000.0
5991,110109,2000-06-28,Gardening,GD3100,3,11400000.0
5992,137537,2000-11-23,Sports,SP2500,3,11400000.0
5993,151693,2001-02-06,Software,SW4792,4,11400000.0
5994,159215,2001-03-18,Sports,SP1200,1,11400000.0
5995,159215,2001-03-18,Sports,SP1400,1,11400000.0
5996,159215,2001-03-18,Sports,SP1500,1,11400000.0
5997,159215,2001-03-18,Sports,SP2000,1,11400000.0
5998,103305,1997-02-05,Pets,PT4500,1,11525000.0
5999,110451,1997-03-23,Gardening,GD4000,1,11525000.0
6000,121407,1997-05-23,Software,SW4575,1,11525000.0
6001,125551,1997-06-14,Collectibles,CC4300,3,11525000.0
6002,219637,1998-09-20,Toys,TY2100,1,11525000.0
6003,222464,1998-10-02,Pets,PT4300,1,11525000.0
6004,235339,1998-11-26,Software,SW3049,1,11525000.0
6005,103305,2000-05-15,Pets,PT4500,1,11525000.0
6006,110451,2000-06-30,Gardening,GD4000,1,11525000.0
6007,121407,2000-08-30,Software,SW4575,1,11525000.0
6008,125551,2000-09-21,Collectibles,CC4300,3,11525000.0
6009,138083,1997-08-19,Software,SW1828,1,11569000.0
6010,140014,1997-08-29,Sports,SP2000,1,11569000.0
6011,142889,1997-09-13,Pets,PT1300,3,11569000.0
6012,158673,1997-12-06,Toys,TY2700,1,11569000.0
6013,177710,1998-03-22,Pets,PT1300,1,11569000.0
6014,197531,1998-06-18,Sports,SP3200,3,11569000.0
6015,200337,1998-06-30,Software,SW8511,4,11569000.0
6016,201513,1998-07-05,Sports,SP2600,1,11569000.0
6017,201513,1998-07-05,Sports,SP3000,4,11569000.0
6018,201513,1998-07-05,Sports,SP3300,1,11569000.0
6019,232091,1998-11-12,Collectibles,CC3100,2,11569000.0
6020,242086,1998-12-25,Pets,PT1200,1,11569000.0
6021,138083,2000-11-26,Software,SW1828,1,11569000.0
6022,140014,2000-12-06,Sports,SP2000,1,11569000.0
6023,142889,2000-12-21,Pets,PT1300,3,11569000.0
6024,158673,2001-03-15,Toys,TY2700,1,11569000.0
6025,104834,1997-02-16,Gardening,GD4300,1,11614000.0
6026,117853,1997-05-04,Software,SW1526,4,11614000.0
6027,118016,1997-05-05,Toys,TY1650,1,11614000.0
6028,118016,1997-05-05,Toys,TY2100,1,11614000.0
6029,118016,1997-05-05,Toys,TY4700,1,11614000.0
6030,118016,1997-05-05,Toys,TY5300,1,11614000.0
6031,123821,1997-06-05,Pets,PT4100,4,11614000.0
6032,140784,1997-09-02,Pets,PT2400,3,11614000.0
6033,154869,1997-11-16,Sports,SP1300,4,11614000.0
6034,163805,1998-01-03,Software,SW4792,1,11614000.0
6035,173703,1998-03-02,Gardening,GD4200,2,11614000.0
6036,202679,1998-07-10,Gardening,GD1300,4,11614000.0
6037,203592,1998-07-14,Sports,SP2000,1,11614000.0
6038,207987,1998-08-02,Software,SW7271,1,11614000.0
6039,104834,2000-05-26,Gardening,GD4300,1,11614000.0
6040,117853,2000-08-11,Software,SW1526,4,11614000.0
6041,118016,2000-08-12,Toys,TY1650,1,11614000.0
6042,118016,2000-08-12,Toys,TY2100,1,11614000.0
6043,118016,2000-08-12,Toys,TY4700,1,11614000.0
6044,118016,2000-08-12,Toys,TY5300,1,11614000.0
6045,123821,2000-09-12,Pets,PT4100,4,11614000.0
6046,140784,2000-12-10,Pets,PT2400,3,11614000.0
6047,154869,2001-02-23,Sports,SP1300,4,11614000.0
6048,163805,2001-04-12,Software,SW4792,1,11614000.0
6049,114064,1997-04-13,Sports,SP2600,3,11615000.0
6050,122341,1997-05-28,Software,SW3909,1,11615000.0
6051,122341,1997-05-28,Software,SW4155,2,11615000.0
6052,122341,1997-05-28,Software,SW4550,1,11615000.0
6053,122341,1997-05-28,Software,SW7585,4,11615000.0
6054,123278,1997-06-02,Toys,TY4200,1,11615000.0
6055,143864,1997-09-18,Toys,TY3700,1,11615000.0
6056,143864,1997-09-18,Toys,TY4300,3,11615000.0
6057,143864,1997-09-18,Toys,TY4700,2,11615000.0
6058,163003,1997-12-29,Pets,PT1000,1,11615000.0
6059,165302,1998-01-13,Sports,SP2300,1,11615000.0
6060,172982,1998-02-26,Gardening,GD1300,4,11615000.0
6061,217487,1998-09-11,Pets,PT3500,1,11615000.0
6062,114064,2000-07-21,Sports,SP2600,3,11615000.0
6063,122341,2000-09-04,Software,SW3909,1,11615000.0
6064,122341,2000-09-04,Software,SW4155,2,11615000.0
6065,122341,2000-09-04,Software,SW4550,1,11615000.0
6066,122341,2000-09-04,Software,SW7585,4,11615000.0
6067,123278,2000-09-09,Toys,TY4200,1,11615000.0
6068,143864,2000-12-26,Toys,TY3700,1,11615000.0
6069,143864,2000-12-26,Toys,TY4300,3,11615000.0
6070,143864,2000-12-26,Toys,TY4700,2,11615000.0
6071,163003,2001-04-07,Pets,PT1000,1,11615000.0
6072,165302,2001-04-22,Sports,SP2300,1,11615000.0
6073,98849,1997-01-02,Sports,SP2400,2,11650000.0
6074,104559,1997-02-14,Pets,PT2200,3,11650000.0
6075,112422,1997-04-04,Toys,TY5400,4,11650000.0
6076,126650,1997-06-20,Sports,SP1000,1,11650000.0
6077,126650,1997-06-20,Sports,SP1500,1,11650000.0
6078,126650,1997-06-20,Sports,SP2300,1,11650000.0
6079,126650,1997-06-20,Sports,SP2700,4,11650000.0
6080,139821,1997-08-28,Sports,SP3300,1,11650000.0
6081,152981,1997-11-06,Toys,TY1750,1,11650000.0
6082,166124,1998-01-18,Sports,SP3300,1,11650000.0
6083,197287,1998-06-17,Sports,SP3100,1,11650000.0
6084,200080,1998-06-29,Sports,SP1000,3,11650000.0
6085,200080,1998-06-29,Sports,SP1300,1,11650000.0
6086,200080,1998-06-29,Sports,SP2300,2,11650000.0
6087,200080,1998-06-29,Sports,SP3100,3,11650000.0
6088,207990,1998-08-02,Toys,TY1700,1,11650000.0
6089,214160,1998-08-28,Sports,SP2500,1,11650000.0
6090,219147,1998-09-18,Pets,PT1100,1,11650000.0
6091,225078,1998-10-13,Toys,TY4100,3,11650000.0
6092,98849,2000-04-11,Sports,SP2400,2,11650000.0
6093,104559,2000-05-24,Pets,PT2200,3,11650000.0
6094,112422,2000-07-12,Toys,TY5400,4,11650000.0
6095,126650,2000-09-27,Sports,SP1000,1,11650000.0
6096,126650,2000-09-27,Sports,SP1500,1,11650000.0
6097,126650,2000-09-27,Sports,SP2300,1,11650000.0
6098,126650,2000-09-27,Sports,SP2700,4,11650000.0
6099,139821,2000-12-05,Sports,SP3300,1,11650000.0
6100,152981,2001-02-13,Toys,TY1750,1,11650000.0
6101,166124,2001-04-27,Sports,SP3300,1,11650000.0
6102,105634,1997-02-21,Pets,PT4400,4,11775000.0
6103,110610,1997-03-24,Sports,SP1600,3,11775000.0
6104,140788,1997-09-02,Gardening,GD1600,1,11775000.0
6105,141550,1997-09-06,Gardening,GD2100,1,11775000.0
6106,141550,1997-09-06,Gardening,GD2300,1,11775000.0
6107,141550,1997-09-06,Gardening,GD4000,1,11775000.0
6108,142291,1997-09-10,Pets,PT2200,1,11775000.0
6109,146692,1997-10-03,Toys,TY1800,4,11775000.0
6110,146692,1997-10-03,Toys,TY1950,1,11775000.0
6111,146692,1997-10-03,Toys,TY4800,3,11775000.0
6112,154288,1997-11-13,Software,SW7013,4,11775000.0
6113,154288,1997-11-13,Software,SW7573,1,11775000.0
6114,167604,1998-01-27,Toys,TY2400,1,11775000.0
6115,181525,1998-04-09,Pets,PT3500,1,11775000.0
6116,189324,1998-05-14,Gardening,GD1200,1,11775000.0
6117,189324,1998-05-14,Gardening,GD2100,1,11775000.0
6118,189324,1998-05-14,Gardening,GD4200,1,11775000.0
6119,191870,1998-05-25,Gardening,GD3100,1,11775000.0
6120,241637,1998-12-23,Sports,SP2300,1,11775000.0
6121,241637,1998-12-23,Sports,SP2300,2,11775000.0
6122,241637,1998-12-23,Sports,SP2400,1,11775000.0
6123,241637,1998-12-23,Sports,SP3400,1,11775000.0
6124,105634,2000-05-31,Pets,PT4400,4,11775000.0
6125,110610,2000-07-01,Sports,SP1600,3,11775000.0
6126,140788,2000-12-10,Gardening,GD1600,1,11775000.0
6127,141550,2000-12-14,Gardening,GD2100,1,11775000.0
6128,141550,2000-12-14,Gardening,GD2300,1,11775000.0
6129,141550,2000-12-14,Gardening,GD4000,1,11775000.0
6130,142291,2000-12-18,Pets,PT2200,1,11775000.0
6131,146692,2001-01-10,Toys,TY1800,4,11775000.0
6132,146692,2001-01-10,Toys,TY1950,1,11775000.0
6133,146692,2001-01-10,Toys,TY4800,3,11775000.0
6134,154288,2001-02-20,Software,SW7013,4,11775000.0
6135,154288,2001-02-20,Software,SW7573,1,11775000.0
6136,167604,2001-05-06,Toys,TY2400,1,11775000.0
6137,104836,1997-02-16,Gardening,GD3000,1,11807000.0
6138,106735,1997-02-28,Pets,PT1000,1,11807000.0
6139,106735,1997-02-28,Pets,PT3400,1,11807000.0
6140,106735,1997-02-28,Pets,PT4200,1,11807000.0
6141,114907,1997-04-18,Pets,PT4100,4,11807000.0
6142,123472,1997-06-03,Toys,TY5300,1,11807000.0
6143,133911,1997-07-28,Sports,SP2500,3,11807000.0
6144,161129,1997-12-19,Sports,SP1500,3,11807000.0
6145,161129,1997-12-19,Sports,SP2400,4,11807000.0
6146,161129,1997-12-19,Sports,SP2600,1,11807000.0
6147,161129,1997-12-19,Sports,SP2700,1,11807000.0
6148,165152,1998-01-12,Gardening,GD2400,1,11807000.0
6149,176908,1998-03-18,Toys,TY4400,1,11807000.0
6150,186199,1998-04-30,Toys,TY1100,1,11807000.0
6151,209910,1998-08-10,Pets,PT3400,1,11807000.0
6152,228112,1998-10-26,Sports,SP2700,1,11807000.0
6153,104836,2000-05-26,Gardening,GD3000,1,11807000.0
6154,106735,2000-06-07,Pets,PT1000,1,11807000.0
6155,106735,2000-06-07,Pets,PT3400,1,11807000.0
6156,106735,2000-06-07,Pets,PT4200,1,11807000.0
6157,114907,2000-07-26,Pets,PT4100,4,11807000.0
6158,123472,2000-09-10,Toys,TY5300,1,11807000.0
6159,133911,2000-11-04,Sports,SP2500,3,11807000.0
6160,161129,2001-03-28,Sports,SP1500,3,11807000.0
6161,161129,2001-03-28,Sports,SP2400,4,11807000.0
6162,161129,2001-03-28,Sports,SP2600,1,11807000.0
6163,161129,2001-03-28,Sports,SP2700,1,11807000.0
6164,165152,2001-04-21,Gardening,GD2400,1,11807000.0
6165,108922,1997-03-14,Sports,SP1300,1,11900000.0
6166,130530,1997-07-10,Sports,SP1500,1,11900000.0
6167,137195,1997-08-14,Sports,SP1300,1,11900000.0
6168,161755,1997-12-22,Pets,PT1400,1,11900000.0
6169,163006,1997-12-29,Sports,SP3000,2,11900000.0
6170,163006,1997-12-29,Sports,SP3000,1,11900000.0
6171,163006,1997-12-29,Sports,SP3400,1,11900000.0
6172,163006,1997-12-29,Sports,SP3400,3,11900000.0
6173,165452,1998-01-14,Sports,SP1200,3,11900000.0
6174,174701,1998-03-07,Gardening,GD4300,1,11900000.0
6175,175495,1998-03-11,Sports,SP1600,1,11900000.0
6176,184889,1998-04-24,Pets,PT3500,1,11900000.0
6177,188877,1998-05-12,Toys,TY3300,3,11900000.0
6178,190984,1998-05-21,Software,SW1991,2,11900000.0
6179,205675,1998-07-23,Toys,TY2100,3,11900000.0
6180,221979,1998-09-30,Pets,PT1400,1,11900000.0
6181,221979,1998-09-30,Pets,PT4200,4,11900000.0
6182,229534,1998-11-01,Software,SW4155,2,11900000.0
6183,108922,2000-06-21,Sports,SP1300,1,11900000.0
6184,130530,2000-10-17,Sports,SP1500,1,11900000.0
6185,137195,2000-11-21,Sports,SP1300,1,11900000.0
6186,161755,2001-03-31,Pets,PT1400,1,11900000.0
6187,163006,2001-04-07,Sports,SP3000,2,11900000.0
6188,163006,2001-04-07,Sports,SP3000,1,11900000.0
6189,163006,2001-04-07,Sports,SP3400,1,11900000.0
6190,163006,2001-04-07,Sports,SP3400,3,11900000.0
6191,165452,2001-04-23,Sports,SP1200,3,11900000.0
6192,114912,1997-04-18,Pets,PT4200,1,12025000.0
6193,134543,1997-07-31,Software,SW5493,4,12025000.0
6194,156965,1997-11-27,Sports,SP2000,3,12025000.0
6195,171871,1998-02-20,Pets,PT3300,4,12025000.0
6196,172610,1998-02-24,Gardening,GD2100,1,12025000.0
6197,202197,1998-07-08,Sports,SP3300,3,12025000.0
6198,213715,1998-08-26,Toys,TY1650,1,12025000.0
6199,213715,1998-08-26,Toys,TY3800,1,12025000.0
6200,213715,1998-08-26,Toys,TY4400,1,12025000.0
6201,213715,1998-08-26,Toys,TY4700,1,12025000.0
6202,216782,1998-09-08,Gardening,GD1200,3,12025000.0
6203,216782,1998-09-08,Gardening,GD1300,1,12025000.0
6204,216782,1998-09-08,Gardening,GD1500,1,12025000.0
6205,216782,1998-09-08,Gardening,GD2000,1,12025000.0
6206,114912,2000-07-26,Pets,PT4200,1,12025000.0
6207,134543,2000-11-07,Software,SW5493,4,12025000.0
6208,156965,2001-03-06,Sports,SP2000,3,12025000.0
6209,171871,2001-05-30,Pets,PT3300,4,12025000.0
6210,116173,1997-04-25,Sports,SP1400,1,12028000.0
6211,144457,1997-09-21,Toys,TY3800,2,12028000.0
6212,147964,1997-10-10,Pets,PT2200,1,12028000.0
6213,161136,1997-12-19,Pets,PT4300,1,12028000.0
6214,169996,1998-02-10,Pets,PT2100,4,12028000.0
6215,178538,1998-03-26,Gardening,GD1400,1,12028000.0
6216,232822,1998-11-15,Pets,PT2200,1,12028000.0
6217,239569,1998-12-14,Toys,TY1650,1,12028000.0
6218,116173,2000-08-02,Sports,SP1400,1,12028000.0
6219,144457,2000-12-29,Toys,TY3800,2,12028000.0
6220,147964,2001-01-17,Pets,PT2200,1,12028000.0
6221,161136,2001-03-28,Pets,PT4300,1,12028000.0
6222,169996,2001-05-20,Pets,PT2100,4,12028000.0
6223,105775,1997-02-22,Gardening,GD1001,1,12150000.0
6224,105775,1997-02-22,Gardening,GD1300,3,12150000.0
6225,105775,1997-02-22,Gardening,GD2300,3,12150000.0
6226,105775,1997-02-22,Gardening,GD3100,4,12150000.0
6227,111775,1997-03-31,Gardening,GD2300,1,12150000.0
6228,138270,1997-08-20,Pets,PT3500,2,12150000.0
6229,150163,1997-10-22,Pets,PT4600,1,12150000.0
6230,167444,1998-01-26,Pets,PT4300,1,12150000.0
6231,198232,1998-06-21,Sports,SP3100,1,12150000.0
6232,207308,1998-07-30,Software,SW2181,1,12150000.0
6233,207308,1998-07-30,Software,SW4155,1,12150000.0
6234,207308,1998-07-30,Software,SW7935,1,12150000.0
6235,105775,2000-06-01,Gardening,GD1001,1,12150000.0
6236,105775,2000-06-01,Gardening,GD1300,3,12150000.0
6237,105775,2000-06-01,Gardening,GD2300,3,12150000.0
6238,105775,2000-06-01,Gardening,GD3100,4,12150000.0
6239,111775,2000-07-08,Gardening,GD2300,1,12150000.0
6240,138270,2000-11-27,Pets,PT3500,2,12150000.0
6241,150163,2001-01-29,Pets,PT4600,1,12150000.0
6242,167444,2001-05-05,Pets,PT4300,1,12150000.0
6243,110785,1997-03-25,Pets,PT4200,1,12275000.0
6244,120294,1997-05-17,Pets,PT3400,1,12275000.0
6245,141386,1997-09-05,Sports,SP2700,4,12275000.0
6246,148129,1997-10-11,Gardening,GD4100,1,12275000.0
6247,175691,1998-03-12,Pets,PT2200,1,12275000.0
6248,190738,1998-05-20,Toys,TY1400,2,12275000.0
6249,193044,1998-05-30,Pets,PT1200,1,12275000.0
6250,193044,1998-05-30,Pets,PT2400,1,12275000.0
6251,193044,1998-05-30,Pets,PT3200,1,12275000.0
6252,193044,1998-05-30,Pets,PT3400,1,12275000.0
6253,218673,1998-09-16,Pets,PT2100,1,12275000.0
6254,219157,1998-09-18,Sports,SP1300,4,12275000.0
6255,219157,1998-09-18,Sports,SP1400,4,12275000.0
6256,219157,1998-09-18,Sports,SP2000,1,12275000.0
6257,219157,1998-09-18,Sports,SP2300,3,12275000.0
6258,110785,2000-07-02,Pets,PT4200,1,12275000.0
6259,120294,2000-08-24,Pets,PT3400,1,12275000.0
6260,141386,2000-12-13,Sports,SP2700,4,12275000.0
6261,148129,2001-01-18,Gardening,GD4100,1,12275000.0
6262,100990,1997-01-19,Pets,PT1000,4,12323000.0
6263,100990,1997-01-19,Pets,PT2300,4,12323000.0
6264,100990,1997-01-19,Pets,PT3200,1,12323000.0
6265,100990,1997-01-19,Pets,PT3300,4,12323000.0
6266,125769,1997-06-15,Sports,SP1100,1,12323000.0
6267,125769,1997-06-15,Sports,SP1300,1,12323000.0
6268,125769,1997-06-15,Sports,SP2500,4,12323000.0
6269,133921,1997-07-28,Toys,TY1200,1,12323000.0
6270,136821,1997-08-12,Pets,PT2400,1,12323000.0
6271,142125,1997-09-09,Pets,PT1200,3,12323000.0
6272,147061,1997-10-05,Toys,TY2500,1,12323000.0
6273,177727,1998-03-22,Gardening,GD1200,1,12323000.0
6274,187517,1998-05-06,Sports,SP1200,1,12323000.0
6275,187517,1998-05-06,Sports,SP3000,1,12323000.0
6276,187517,1998-05-06,Sports,SP3200,1,12323000.0
6277,193508,1998-06-01,Sports,SP3000,1,12323000.0
6278,206351,1998-07-26,Pets,PT1100,1,12323000.0
6279,219397,1998-09-19,Sports,SP3000,2,12323000.0
6280,222983,1998-10-04,Toys,TY1100,4,12323000.0
6281,222983,1998-10-04,Toys,TY1500,1,12323000.0
6282,222983,1998-10-04,Toys,TY1900,1,12323000.0
6283,222983,1998-10-04,Toys,TY4600,1,12323000.0
6284,230251,1998-11-04,Software,SW3909,1,12323000.0
6285,230251,1998-11-04,Software,SW4575,1,12323000.0
6286,230251,1998-11-04,Software,SW7935,2,12323000.0
6287,100990,2000-04-28,Pets,PT1000,4,12323000.0
6288,100990,2000-04-28,Pets,PT2300,4,12323000.0
6289,100990,2000-04-28,Pets,PT3200,1,12323000.0
6290,100990,2000-04-28,Pets,PT3300,4,12323000.0
6291,125769,2000-09-22,Sports,SP1100,1,12323000.0
6292,125769,2000-09-22,Sports,SP1300,1,12323000.0
6293,125769,2000-09-22,Sports,SP2500,4,12323000.0
6294,133921,2000-11-04,Toys,TY1200,1,12323000.0
6295,136821,2000-11-19,Pets,PT2400,1,12323000.0
6296,142125,2000-12-17,Pets,PT1200,3,12323000.0
6297,147061,2001-01-12,Toys,TY2500,1,12323000.0
6298,109958,1997-03-20,Sports,SP2000,3,12400000.0
6299,113152,1997-04-08,Pets,PT2200,1,12400000.0
6300,148876,1997-10-15,Sports,SP2000,1,12400000.0
6301,164712,1998-01-09,Toys,TY1950,4,12400000.0
6302,201775,1998-07-06,Gardening,GD3300,1,12400000.0
6303,203358,1998-07-13,Software,SW1005,1,12400000.0
6304,203358,1998-07-13,Software,SW2842,1,12400000.0
6305,203358,1998-07-13,Software,SW4155,4,12400000.0
6306,203358,1998-07-13,Software,SW7573,2,12400000.0
6307,215339,1998-09-02,Sports,SP3300,3,12400000.0
6308,226956,1998-10-21,Pets,PT2200,3,12400000.0
6309,233555,1998-11-18,Toys,TY2100,1,12400000.0
6310,233555,1998-11-18,Toys,TY3100,1,12400000.0
6311,233555,1998-11-18,Toys,TY3700,2,12400000.0
6312,233555,1998-11-18,Toys,TY4100,2,12400000.0
6313,109958,2000-06-27,Sports,SP2000,3,12400000.0
6314,113152,2000-07-16,Pets,PT2200,1,12400000.0
6315,148876,2001-01-22,Sports,SP2000,1,12400000.0
6316,164712,2001-04-18,Toys,TY1950,4,12400000.0
6317,120465,1997-05-18,Software,SW2842,1,12470000.0
6318,120465,1997-05-18,Software,SW2927,1,12470000.0
6319,120465,1997-05-18,Software,SW5655,3,12470000.0
6320,144277,1997-09-20,Toys,TY5200,3,12470000.0
6321,148509,1997-10-13,Software,SW7383,1,12470000.0
6322,151865,1997-10-31,Sports,SP2300,4,12470000.0
6323,156976,1997-11-27,Pets,PT3200,2,12470000.0
6324,175501,1998-03-11,Sports,SP3000,1,12470000.0
6325,175501,1998-03-11,Sports,SP3300,1,12470000.0
6326,175501,1998-03-11,Sports,SP3400,1,12470000.0
6327,192580,1998-05-28,Toys,TY1850,2,12470000.0
6328,192580,1998-05-28,Toys,TY1950,1,12470000.0
6329,192580,1998-05-28,Toys,TY3300,3,12470000.0
6330,192580,1998-05-28,Toys,TY5400,1,12470000.0
6331,205193,1998-07-21,Collectibles,CC1200,2,12470000.0
6332,224177,1998-10-09,Pets,PT2200,1,12470000.0
6333,230254,1998-11-04,Sports,SP3200,1,12470000.0
6334,120465,2000-08-25,Software,SW2842,1,12470000.0
6335,120465,2000-08-25,Software,SW2927,1,12470000.0
6336,120465,2000-08-25,Software,SW5655,3,12470000.0
6337,144277,2000-12-28,Toys,TY5200,3,12470000.0
6338,148509,2001-01-20,Software,SW7383,1,12470000.0
6339,151865,2001-02-07,Sports,SP2300,4,12470000.0
6340,156976,2001-03-06,Pets,PT3200,2,12470000.0
6341,119915,1997-05-15,Gardening,GD4300,3,12525000.0
6342,123287,1997-06-02,Sports,SP2300,1,12525000.0
6343,148511,1997-10-13,Toys,TY3800,1,12525000.0
6344,156017,1997-11-22,Sports,SP3200,1,12525000.0
6345,167452,1998-01-26,Gardening,GD4200,3,12525000.0
6346,180452,1998-04-04,Sports,SP1500,1,12525000.0
6347,182647,1998-04-14,Sports,SP2000,1,12525000.0
6348,182647,1998-04-14,Sports,SP2400,1,12525000.0
6349,182647,1998-04-14,Sports,SP2600,1,12525000.0
6350,191440,1998-05-23,Sports,SP3000,1,12525000.0
6351,200350,1998-06-30,Toys,TY1600,1,12525000.0
6352,216022,1998-09-05,Software,SW4773,4,12525000.0
6353,231416,1998-11-09,Sports,SP1600,1,12525000.0
6354,241650,1998-12-23,Pets,PT4100,1,12525000.0
6355,119915,2000-08-22,Gardening,GD4300,3,12525000.0
6356,123287,2000-09-09,Sports,SP2300,1,12525000.0
6357,148511,2001-01-20,Toys,TY3800,1,12525000.0
6358,156017,2001-03-01,Sports,SP3200,1,12525000.0
6359,167452,2001-05-05,Gardening,GD4200,3,12525000.0
6360,122158,1997-05-27,Sports,SP1200,1,12544000.0
6361,135848,1997-08-07,Pets,PT2400,1,12544000.0
6362,142131,1997-09-09,Toys,TY1300,3,12544000.0
6363,142131,1997-09-09,Toys,TY1850,4,12544000.0
6364,142131,1997-09-09,Toys,TY5100,2,12544000.0
6365,142131,1997-09-09,Toys,TY5200,4,12544000.0
6366,165309,1998-01-13,Gardening,GD3100,1,12544000.0
6367,166778,1998-01-22,Gardening,GD2400,2,12544000.0
6368,174322,1998-03-05,Toys,TY3300,1,12544000.0
6369,206595,1998-07-27,Pets,PT1200,4,12544000.0
6370,206595,1998-07-27,Pets,PT1300,1,12544000.0
6371,206595,1998-07-27,Pets,PT2400,1,12544000.0
6372,209433,1998-08-08,Toys,TY1750,1,12544000.0
6373,209433,1998-08-08,Toys,TY1800,1,12544000.0
6374,209433,1998-08-08,Toys,TY2300,1,12544000.0
6375,209433,1998-08-08,Toys,TY4400,3,12544000.0
6376,221043,1998-09-26,Sports,SP1100,1,12544000.0
6377,231417,1998-11-09,Pets,PT2000,1,12544000.0
6378,231417,1998-11-09,Pets,PT3100,3,12544000.0
6379,231417,1998-11-09,Pets,PT4100,1,12544000.0
6380,233558,1998-11-18,Sports,SP1500,2,12544000.0
6381,122158,2000-09-03,Sports,SP1200,1,12544000.0
6382,135848,2000-11-14,Pets,PT2400,1,12544000.0
6383,142131,2000-12-17,Toys,TY1300,3,12544000.0
6384,142131,2000-12-17,Toys,TY1850,4,12544000.0
6385,142131,2000-12-17,Toys,TY5100,2,12544000.0
6386,142131,2000-12-17,Toys,TY5200,4,12544000.0
6387,165309,2001-04-22,Gardening,GD3100,1,12544000.0
6388,166778,2001-05-01,Gardening,GD2400,2,12544000.0
6389,98978,1997-01-03,Toys,TY1950,3,12650000.0
6390,114075,1997-04-13,Sports,SP1200,1,12650000.0
6391,118986,1997-05-10,Software,SW2181,1,12650000.0
6392,118986,1997-05-10,Software,SW3482,1,12650000.0
6393,118986,1997-05-10,Software,SW4187,1,12650000.0
6394,118986,1997-05-10,Software,SW4773,1,12650000.0
6395,128597,1997-06-30,Toys,TY1600,1,12650000.0
6396,164266,1998-01-06,Pets,PT1300,1,12650000.0
6397,194464,1998-06-05,Pets,PT1200,2,12650000.0
6398,218442,1998-09-15,Sports,SP2600,1,12650000.0
6399,239145,1998-12-12,Pets,PT4500,1,12650000.0
6400,98978,2000-04-12,Toys,TY1950,3,12650000.0
6401,114075,2000-07-21,Sports,SP1200,1,12650000.0
6402,118986,2000-08-17,Software,SW2181,1,12650000.0
6403,118986,2000-08-17,Software,SW3482,1,12650000.0
6404,118986,2000-08-17,Software,SW4187,1,12650000.0
6405,118986,2000-08-17,Software,SW4773,1,12650000.0
6406,128597,2000-10-07,Toys,TY1600,1,12650000.0
6407,164266,2001-04-15,Pets,PT1300,1,12650000.0
6408,137720,1997-08-17,Sports,SP1100,2,12757000.0
6409,137720,1997-08-17,Sports,SP3000,1,12757000.0
6410,139441,1997-08-26,Sports,SP3200,1,12757000.0
6411,164134,1998-01-05,Gardening,GD1010,1,12757000.0
6412,170796,1998-02-14,Software,SW8376,4,12757000.0
6413,209685,1998-08-09,Sports,SP2500,1,12757000.0
6414,218448,1998-09-15,Pets,PT1000,1,12757000.0
6415,218448,1998-09-15,Pets,PT2400,4,12757000.0
6416,218448,1998-09-15,Pets,PT4600,1,12757000.0
6417,233300,1998-11-17,Sports,SP3300,1,12757000.0
6418,243024,1998-12-29,Toys,TY4800,4,12757000.0
6419,137720,2000-11-24,Sports,SP1100,2,12757000.0
6420,137720,2000-11-24,Sports,SP3000,1,12757000.0
6421,139441,2000-12-03,Sports,SP3200,1,12757000.0
6422,164134,2001-04-14,Gardening,GD1010,1,12757000.0
6423,170796,2001-05-24,Software,SW8376,4,12757000.0
6424,108138,1997-03-09,Sports,SP2000,1,12775000.0
6425,130891,1997-07-12,Software,SW2123,1,12775000.0
6426,164853,1998-01-10,Pets,PT4500,2,12775000.0
6427,165961,1998-01-17,Gardening,GD1400,1,12775000.0
6428,170597,1998-02-13,Sports,SP3300,3,12775000.0
6429,184032,1998-04-20,Pets,PT4200,1,12775000.0
6430,186656,1998-05-02,Sports,SP1300,1,12775000.0
6431,190529,1998-05-19,Software,SW4792,1,12775000.0
6432,200594,1998-07-01,Sports,SP2200,1,12775000.0
6433,226492,1998-10-19,Software,SW1991,1,12775000.0
6434,226491,1998-10-19,Toys,TY2100,1,12775000.0
6435,226491,1998-10-19,Toys,TY2200,3,12775000.0
6436,226491,1998-10-19,Toys,TY2300,1,12775000.0
6437,226491,1998-10-19,Toys,TY4100,3,12775000.0
6438,108138,2000-06-16,Sports,SP2000,1,12775000.0
6439,130891,2000-10-19,Software,SW2123,1,12775000.0
6440,164853,2001-04-19,Pets,PT4500,2,12775000.0
6441,165961,2001-04-26,Gardening,GD1400,1,12775000.0
6442,170597,2001-05-23,Sports,SP3300,3,12775000.0
6443,98860,1997-01-02,Sports,SP1100,1,12900000.0
6444,110969,1997-03-26,Pets,PT4100,1,12900000.0
6445,118797,1997-05-09,Sports,SP2600,1,12900000.0
6446,149252,1997-10-17,Toys,TY1300,1,12900000.0
6447,173922,1998-03-03,Software,SW4792,1,12900000.0
6448,178767,1998-03-27,Sports,SP1100,1,12900000.0
6449,187527,1998-05-06,Gardening,GD2000,1,12900000.0
6450,215788,1998-09-04,Sports,SP1200,1,12900000.0
6451,231658,1998-11-10,Sports,SP1000,1,12900000.0
6452,231658,1998-11-10,Sports,SP1200,1,12900000.0
6453,231658,1998-11-10,Sports,SP2000,1,12900000.0
6454,231658,1998-11-10,Sports,SP3200,2,12900000.0
6455,98860,2000-04-11,Sports,SP1100,1,12900000.0
6456,110969,2000-07-03,Pets,PT4100,1,12900000.0
6457,118797,2000-08-16,Sports,SP2600,1,12900000.0
6458,149252,2001-01-24,Toys,TY1300,1,12900000.0
6459,118993,1997-05-10,Gardening,GD1600,1,13025000.0
6460,121969,1997-05-26,Pets,PT1000,2,13025000.0
6461,121969,1997-05-26,Pets,PT1200,1,13025000.0
6462,121969,1997-05-26,Pets,PT2300,1,13025000.0
6463,121969,1997-05-26,Pets,PT4200,1,13025000.0
6464,145927,1997-09-29,Pets,PT3300,1,13025000.0
6465,147399,1997-10-07,Pets,PT4200,1,13025000.0
6466,179179,1998-03-29,Pets,PT3500,1,13025000.0
6467,202214,1998-07-08,Pets,PT3300,1,13025000.0
6468,213030,1998-08-23,Sports,SP2700,3,13025000.0
6469,215351,1998-09-02,Pets,PT4500,1,13025000.0
6470,236314,1998-11-30,Pets,PT3100,1,13025000.0
6471,118993,2000-08-17,Gardening,GD1600,1,13025000.0
6472,121969,2000-09-02,Pets,PT1000,2,13025000.0
6473,121969,2000-09-02,Pets,PT1200,1,13025000.0
6474,121969,2000-09-02,Pets,PT2300,1,13025000.0
6475,121969,2000-09-02,Pets,PT4200,1,13025000.0
6476,145927,2001-01-06,Pets,PT3300,1,13025000.0
6477,147399,2001-01-14,Pets,PT4200,1,13025000.0
6478,110975,1997-03-26,Gardening,GD3100,4,13056000.0
6479,115444,1997-04-21,Pets,PT4200,1,13056000.0
6480,124438,1997-06-08,Toys,TY4600,1,13056000.0
6481,130198,1997-07-08,Gardening,GD4200,1,13056000.0
6482,131078,1997-07-13,Gardening,GD1300,3,13056000.0
6483,131078,1997-07-13,Gardening,GD1500,2,13056000.0
6484,131078,1997-07-13,Gardening,GD3300,1,13056000.0
6485,156981,1997-11-27,Toys,TY1850,1,13056000.0
6486,179375,1998-03-30,Pets,PT3500,4,13056000.0
6487,207321,1998-07-30,Toys,TY1950,4,13056000.0
6488,213734,1998-08-26,Toys,TY1900,1,13056000.0
6489,223708,1998-10-07,Sports,SP1500,1,13056000.0
6490,233095,1998-11-16,Sports,SP3300,1,13056000.0
6491,238707,1998-12-10,Pets,PT2300,4,13056000.0
6492,110975,2000-07-03,Gardening,GD3100,4,13056000.0
6493,115444,2000-07-29,Pets,PT4200,1,13056000.0
6494,124438,2000-09-15,Toys,TY4600,1,13056000.0
6495,130198,2000-10-15,Gardening,GD4200,1,13056000.0
6496,131078,2000-10-20,Gardening,GD1300,3,13056000.0
6497,131078,2000-10-20,Gardening,GD1500,2,13056000.0
6498,131078,2000-10-20,Gardening,GD3300,1,13056000.0
6499,156981,2001-03-06,Toys,TY1850,1,13056000.0
6500,132971,1997-07-23,Sports,SP1600,1,13154000.0
6501,138282,1997-08-20,Pets,PT2100,1,13154000.0
6502,160024,1997-12-13,Toys,TY1400,1,13154000.0
6503,160024,1997-12-13,Toys,TY1800,1,13154000.0
6504,160024,1997-12-13,Toys,TY2300,1,13154000.0
6505,160024,1997-12-13,Toys,TY2600,1,13154000.0
6506,218222,1998-09-14,Pets,PT2100,1,13154000.0
6507,234237,1998-11-21,Collectibles,CC3200,3,13154000.0
6508,132971,2000-10-30,Sports,SP1600,1,13154000.0
6509,138282,2000-11-27,Pets,PT2100,1,13154000.0
6510,160024,2001-03-22,Toys,TY1400,1,13154000.0
6511,160024,2001-03-22,Toys,TY1800,1,13154000.0
6512,160024,2001-03-22,Toys,TY2300,1,13154000.0
6513,160024,2001-03-22,Toys,TY2600,1,13154000.0
6514,101664,1997-01-24,Gardening,GD3200,4,13183000.0
6515,125207,1997-06-12,Gardening,GD2000,1,13183000.0
6516,143318,1997-09-15,Toys,TY3400,1,13183000.0
6517,148884,1997-10-15,Sports,SP1100,1,13183000.0
6518,148884,1997-10-15,Sports,SP1400,1,13183000.0
6519,148884,1997-10-15,Sports,SP3300,4,13183000.0
6520,151709,1997-10-30,Sports,SP3400,3,13183000.0
6521,157926,1997-12-02,Pets,PT4600,1,13183000.0
6522,161159,1997-12-19,Toys,TY4800,2,13183000.0
6523,166787,1998-01-22,Gardening,GD4100,4,13183000.0
6524,168791,1998-02-03,Gardening,GD2100,4,13183000.0
6525,181795,1998-04-10,Pets,PT1000,1,13183000.0
6526,197568,1998-06-18,Pets,PT3400,3,13183000.0
6527,204274,1998-07-17,Sports,SP2200,1,13183000.0
6528,213494,1998-08-25,Toys,TY3200,1,13183000.0
6529,224649,1998-10-11,Toys,TY1500,1,13183000.0
6530,101664,2000-05-03,Gardening,GD3200,4,13183000.0
6531,125207,2000-09-19,Gardening,GD2000,1,13183000.0
6532,143318,2000-12-23,Toys,TY3400,1,13183000.0
6533,148884,2001-01-22,Sports,SP1100,1,13183000.0
6534,148884,2001-01-22,Sports,SP1400,1,13183000.0
6535,148884,2001-01-22,Sports,SP3300,4,13183000.0
6536,151709,2001-02-06,Sports,SP3400,3,13183000.0
6537,157926,2001-03-11,Pets,PT4600,1,13183000.0
6538,161159,2001-03-28,Toys,TY4800,2,13183000.0
6539,166787,2001-05-01,Gardening,GD4100,4,13183000.0
6540,168791,2001-05-13,Gardening,GD2100,4,13183000.0
6541,108783,1997-03-13,Pets,PT1400,2,13279000.0
6542,141395,1997-09-05,Toys,TY1500,1,13279000.0
6543,141395,1997-09-05,Toys,TY1800,1,13279000.0
6544,141395,1997-09-05,Toys,TY3800,4,13279000.0
6545,141395,1997-09-05,Toys,TY4800,1,13279000.0
6546,146889,1997-10-04,Software,SW3802,3,13279000.0
6547,149093,1997-10-16,Sports,SP1200,4,13279000.0
6548,149093,1997-10-16,Sports,SP2200,1,13279000.0
6549,149093,1997-10-16,Sports,SP3000,1,13279000.0
6550,153182,1997-11-07,Pets,PT2400,1,13279000.0
6551,177742,1998-03-22,Pets,PT1000,1,13279000.0
6552,177742,1998-03-22,Pets,PT2300,1,13279000.0
6553,177742,1998-03-22,Pets,PT3200,1,13279000.0
6554,177742,1998-03-22,Pets,PT3300,2,13279000.0
6555,186660,1998-05-02,Pets,PT4100,1,13279000.0
6556,190303,1998-05-18,Sports,SP1300,1,13279000.0
6557,206610,1998-07-27,Sports,SP2000,4,13279000.0
6558,231187,1998-11-08,Sports,SP2300,1,13279000.0
6559,108783,2000-06-20,Pets,PT1400,2,13279000.0
6560,141395,2000-12-13,Toys,TY1500,1,13279000.0
6561,141395,2000-12-13,Toys,TY1800,1,13279000.0
6562,141395,2000-12-13,Toys,TY3800,4,13279000.0
6563,141395,2000-12-13,Toys,TY4800,1,13279000.0
6564,146889,2001-01-11,Software,SW3802,3,13279000.0
6565,149093,2001-01-23,Sports,SP1200,4,13279000.0
6566,149093,2001-01-23,Sports,SP2200,1,13279000.0
6567,149093,2001-01-23,Sports,SP3000,1,13279000.0
6568,153182,2001-02-14,Pets,PT2400,1,13279000.0
6569,110980,1997-03-26,Gardening,GD1300,3,13405000.0
6570,110980,1997-03-26,Gardening,GD2200,1,13405000.0
6571,110980,1997-03-26,Gardening,GD3400,2,13405000.0
6572,110980,1997-03-26,Gardening,GD4000,1,13405000.0
6573,113357,1997-04-09,Toys,TY1600,1,13405000.0
6574,133931,1997-07-28,Software,SW1207,4,13405000.0
6575,135674,1997-08-06,Gardening,GD4200,1,13405000.0
6576,141767,1997-09-07,Software,SW1828,1,13405000.0
6577,141767,1997-09-07,Software,SW3895,1,13405000.0
6578,141767,1997-09-07,Software,SW7384,1,13405000.0
6579,142711,1997-09-12,Sports,SP1300,1,13405000.0
6580,147983,1997-10-10,Pets,PT1300,1,13405000.0
6581,158694,1997-12-06,Pets,PT1400,3,13405000.0
6582,166141,1998-01-18,Pets,PT1300,1,13405000.0
6583,166141,1998-01-18,Pets,PT2100,4,13405000.0
6584,166141,1998-01-18,Pets,PT4400,1,13405000.0
6585,166141,1998-01-18,Pets,PT4500,1,13405000.0
6586,173737,1998-03-02,Sports,SP1000,1,13405000.0
6587,173737,1998-03-02,Sports,SP2000,1,13405000.0
6588,173737,1998-03-02,Sports,SP2200,1,13405000.0
6589,177743,1998-03-22,Sports,SP2000,1,13405000.0
6590,181798,1998-04-10,Pets,PT2200,1,13405000.0
6591,181798,1998-04-10,Pets,PT4300,2,13405000.0
6592,181798,1998-04-10,Pets,PT4600,1,13405000.0
6593,217759,1998-09-12,Software,SW3104,1,13405000.0
6594,228604,1998-10-28,Toys,TY3800,3,13405000.0
6595,233576,1998-11-18,Toys,TY3500,1,13405000.0
6596,110980,2000-07-03,Gardening,GD1300,3,13405000.0
6597,110980,2000-07-03,Gardening,GD2200,1,13405000.0
6598,110980,2000-07-03,Gardening,GD3400,2,13405000.0
6599,110980,2000-07-03,Gardening,GD4000,1,13405000.0
6600,113357,2000-07-17,Toys,TY1600,1,13405000.0
6601,133931,2000-11-04,Software,SW1207,4,13405000.0
6602,135674,2000-11-13,Gardening,GD4200,1,13405000.0
6603,141767,2000-12-15,Software,SW1828,1,13405000.0
6604,141767,2000-12-15,Software,SW3895,1,13405000.0
6605,141767,2000-12-15,Software,SW7384,1,13405000.0
6606,142711,2000-12-20,Sports,SP1300,1,13405000.0
6607,147983,2001-01-17,Pets,PT1300,1,13405000.0
6608,158694,2001-03-15,Pets,PT1400,3,13405000.0
6609,166141,2001-04-27,Pets,PT1300,1,13405000.0
6610,166141,2001-04-27,Pets,PT2100,4,13405000.0
6611,166141,2001-04-27,Pets,PT4400,1,13405000.0
6612,166141,2001-04-27,Pets,PT4500,1,13405000.0
6613,127205,1997-06-23,Gardening,GD3000,1,13476000.0
6614,127822,1997-06-26,Pets,PT1200,2,13476000.0
6615,141399,1997-09-05,Sports,SP1400,2,13476000.0
6616,141399,1997-09-05,Sports,SP2000,1,13476000.0
6617,141399,1997-09-05,Sports,SP2600,1,13476000.0
6618,142523,1997-09-11,Toys,TY2700,1,13476000.0
6619,169331,1998-02-06,Pets,PT1200,1,13476000.0
6620,169331,1998-02-06,Pets,PT1400,1,13476000.0
6621,169331,1998-02-06,Pets,PT3200,1,13476000.0
6622,186663,1998-05-02,Gardening,GD1001,1,13476000.0
6623,198945,1998-06-24,Gardening,GD2400,3,13476000.0
6624,213276,1998-08-24,Toys,TY3700,1,13476000.0
6625,217293,1998-09-10,Gardening,GD3400,1,13476000.0
6626,225543,1998-10-15,Toys,TY4500,1,13476000.0
6627,232133,1998-11-12,Sports,SP1000,2,13476000.0
6628,127205,2000-09-30,Gardening,GD3000,1,13476000.0
6629,127822,2000-10-03,Pets,PT1200,2,13476000.0
6630,141399,2000-12-13,Sports,SP1400,2,13476000.0
6631,141399,2000-12-13,Sports,SP2000,1,13476000.0
6632,141399,2000-12-13,Sports,SP2600,1,13476000.0
6633,142523,2000-12-19,Toys,TY2700,1,13476000.0
6634,169331,2001-05-16,Pets,PT1200,1,13476000.0
6635,169331,2001-05-16,Pets,PT1400,1,13476000.0
6636,169331,2001-05-16,Pets,PT3200,1,13476000.0
6637,100885,1997-01-18,Sports,SP2500,1,13532000.0
6638,111453,1997-03-29,Gardening,GD4100,1,13532000.0
6639,113730,1997-04-11,Pets,PT3500,3,13532000.0
6640,133563,1997-07-26,Sports,SP2000,1,13532000.0
6641,133563,1997-07-26,Sports,SP3000,1,13532000.0
6642,133563,1997-07-26,Sports,SP3100,3,13532000.0
6643,142524,1997-09-11,Toys,TY1200,1,13532000.0
6644,142524,1997-09-11,Toys,TY1600,1,13532000.0
6645,142524,1997-09-11,Toys,TY1650,3,13532000.0
6646,150786,1997-10-25,Software,SW3625,1,13532000.0
6647,174335,1998-03-05,Gardening,GD1300,1,13532000.0
6648,185996,1998-04-29,Sports,SP1500,4,13532000.0
6649,201799,1998-07-06,Pets,PT1000,1,13532000.0
6650,205697,1998-07-23,Sports,SP1000,4,13532000.0
6651,230270,1998-11-04,Pets,PT1200,1,13532000.0
6652,238716,1998-12-10,Sports,SP2200,1,13532000.0
6653,238716,1998-12-10,Sports,SP2300,1,13532000.0
6654,238716,1998-12-10,Sports,SP3200,1,13532000.0
6655,239383,1998-12-13,Pets,PT3500,1,13532000.0
6656,100885,2000-04-27,Sports,SP2500,1,13532000.0
6657,111453,2000-07-06,Gardening,GD4100,1,13532000.0
6658,113730,2000-07-19,Pets,PT3500,3,13532000.0
6659,133563,2000-11-02,Sports,SP2000,1,13532000.0
6660,133563,2000-11-02,Sports,SP3000,1,13532000.0
6661,133563,2000-11-02,Sports,SP3100,3,13532000.0
6662,142524,2000-12-19,Toys,TY1200,1,13532000.0
6663,142524,2000-12-19,Toys,TY1600,1,13532000.0
6664,142524,2000-12-19,Toys,TY1650,3,13532000.0
6665,150786,2001-02-01,Software,SW3625,1,13532000.0
6666,101959,1997-01-26,Pets,PT3300,1,13664000.0
6667,106303,1997-02-25,Sports,SP3200,1,13664000.0
6668,121608,1997-05-24,Toys,TY4400,4,13664000.0
6669,130205,1997-07-08,Gardening,GD2400,1,13664000.0
6670,134574,1997-07-31,Toys,TY3300,1,13664000.0
6671,141013,1997-09-03,Software,SW5493,1,13664000.0
6672,141013,1997-09-03,Software,SW7271,1,13664000.0
6673,141013,1997-09-03,Software,SW8376,2,13664000.0
6674,163664,1998-01-02,Sports,SP2400,1,13664000.0
6675,170608,1998-02-13,Toys,TY1900,1,13664000.0
6676,176530,1998-03-16,Gardening,GD2300,1,13664000.0
6677,176529,1998-03-16,Pets,PT2400,3,13664000.0
6678,184474,1998-04-22,Sports,SP1400,1,13664000.0
6679,191465,1998-05-23,Sports,SP3400,2,13664000.0
6680,219674,1998-09-20,Pets,PT2200,3,13664000.0
6681,236571,1998-12-01,Sports,SP1300,3,13664000.0
6682,236571,1998-12-01,Sports,SP1400,1,13664000.0
6683,236571,1998-12-01,Sports,SP2500,1,13664000.0
6684,101959,2000-05-05,Pets,PT3300,1,13664000.0
6685,106303,2000-06-04,Sports,SP3200,1,13664000.0
6686,121608,2000-08-31,Toys,TY4400,4,13664000.0
6687,130205,2000-10-15,Gardening,GD2400,1,13664000.0
6688,134574,2000-11-07,Toys,TY3300,1,13664000.0
6689,141013,2000-12-11,Software,SW5493,1,13664000.0
6690,141013,2000-12-11,Software,SW7271,1,13664000.0
6691,141013,2000-12-11,Software,SW8376,2,13664000.0
6692,163664,2001-04-11,Sports,SP2400,1,13664000.0
6693,170608,2001-05-23,Toys,TY1900,1,13664000.0
6694,121610,1997-05-24,Toys,TY1200,3,13682000.0
6695,121610,1997-05-24,Toys,TY2700,1,13682000.0
6696,121610,1997-05-24,Toys,TY3600,1,13682000.0
6697,121610,1997-05-24,Toys,TY4300,1,13682000.0
6698,127209,1997-06-23,Gardening,GD1300,1,13682000.0
6699,139644,1997-08-27,Gardening,GD1500,4,13682000.0
6700,146142,1997-09-30,Sports,SP3200,4,13682000.0
6701,149994,1997-10-21,Software,SW3895,1,13682000.0
6702,149994,1997-10-21,Software,SW4323,3,13682000.0
6703,149994,1997-10-21,Software,SW5952,1,13682000.0
6704,150600,1997-10-24,Toys,TY1750,1,13682000.0
6705,168280,1998-01-31,Sports,SP1000,1,13682000.0
6706,180908,1998-04-06,Sports,SP3300,4,13682000.0
6707,196842,1998-06-15,Sports,SP1100,1,13682000.0
6708,234029,1998-11-20,Toys,TY1750,1,13682000.0
6709,234029,1998-11-20,Toys,TY1950,1,13682000.0
6710,234029,1998-11-20,Toys,TY4600,1,13682000.0
6711,121610,2000-08-31,Toys,TY1200,3,13682000.0
6712,121610,2000-08-31,Toys,TY2700,1,13682000.0
6713,121610,2000-08-31,Toys,TY3600,1,13682000.0
6714,121610,2000-08-31,Toys,TY4300,1,13682000.0
6715,127209,2000-09-30,Gardening,GD1300,1,13682000.0
6716,139644,2000-12-04,Gardening,GD1500,4,13682000.0
6717,146142,2001-01-07,Sports,SP3200,4,13682000.0
6718,149994,2001-01-28,Software,SW3895,1,13682000.0
6719,149994,2001-01-28,Software,SW4323,3,13682000.0
6720,149994,2001-01-28,Software,SW5952,1,13682000.0
6721,150600,2001-01-31,Toys,TY1750,1,13682000.0
6722,168280,2001-05-10,Sports,SP1000,1,13682000.0
6723,107547,1997-03-05,Sports,SP2200,1,13782000.0
6724,107547,1997-03-05,Sports,SP3200,3,13782000.0
6725,107547,1997-03-05,Sports,SP3300,1,13782000.0
6726,114239,1997-04-14,Sports,SP2700,1,13782000.0
6727,121781,1997-05-25,Software,SW8511,1,13782000.0
6728,125988,1997-06-16,Gardening,GD1100,4,13782000.0
6729,145403,1997-09-26,Sports,SP1500,1,13782000.0
6730,151712,1997-10-30,Pets,PT4400,1,13782000.0
6731,201321,1998-07-04,Toys,TY5300,1,13782000.0
6732,220132,1998-09-22,Software,SW5338,1,13782000.0
6733,221305,1998-09-27,Sports,SP1600,1,13782000.0
6734,232140,1998-11-12,Software,SW1207,1,13782000.0
6735,232140,1998-11-12,Software,SW1612,4,13782000.0
6736,232140,1998-11-12,Software,SW1991,1,13782000.0
6737,232140,1998-11-12,Software,SW7935,1,13782000.0
6738,107547,2000-06-12,Sports,SP2200,1,13782000.0
6739,107547,2000-06-12,Sports,SP3200,3,13782000.0
6740,107547,2000-06-12,Sports,SP3300,1,13782000.0
6741,114239,2000-07-22,Sports,SP2700,1,13782000.0
6742,121781,2000-09-01,Software,SW8511,1,13782000.0
6743,125988,2000-09-23,Gardening,GD1100,4,13782000.0
6744,145403,2001-01-03,Sports,SP1500,1,13782000.0
6745,151712,2001-02-06,Pets,PT4400,1,13782000.0
6746,127399,1997-06-24,Pets,PT2200,1,13789000.0
6747,130731,1997-07-11,Sports,SP2600,1,13789000.0
6748,138478,1997-08-21,Pets,PT1000,1,13789000.0
6749,138478,1997-08-21,Pets,PT1000,1,13789000.0
6750,138478,1997-08-21,Pets,PT2100,1,13789000.0
6751,138478,1997-08-21,Pets,PT3300,1,13789000.0
6752,151895,1997-10-31,Toys,TY4800,4,13789000.0
6753,160208,1997-12-14,Software,SW8001,1,13789000.0
6754,180909,1998-04-06,Software,SW2123,1,13789000.0
6755,208727,1998-08-05,Sports,SP1200,2,13789000.0
6756,208727,1998-08-05,Sports,SP1300,2,13789000.0
6757,208727,1998-08-05,Sports,SP2300,1,13789000.0
6758,208727,1998-08-05,Sports,SP3000,1,13789000.0
6759,223019,1998-10-04,Sports,SP3400,1,13789000.0
6760,127399,2000-10-01,Pets,PT2200,1,13789000.0
6761,130731,2000-10-18,Sports,SP2600,1,13789000.0
6762,138478,2000-11-28,Pets,PT1000,1,13789000.0
6763,138478,2000-11-28,Pets,PT1000,1,13789000.0
6764,138478,2000-11-28,Pets,PT2100,1,13789000.0
6765,138478,2000-11-28,Pets,PT3300,1,13789000.0
6766,151895,2001-02-07,Toys,TY4800,4,13789000.0
6767,160208,2001-03-23,Software,SW8001,1,13789000.0
